video_id,filepath,word_count,character_count,institution,modality
aRZPKYnfYS0,data/transcripts/aRZPKYnfYS0.en-orig.txt,93027,520233,PHILOSOPHICAL_INDIVIDUAL,PHILOSOPHICAL_EXPOSITION
Ez2IFfaoRJQ,data/transcripts/Ez2IFfaoRJQ.en.txt,88700,479690,UNKNOWN,UNKNOWN
etHlu9QTTRM,data/transcripts_recovered_research/etHlu9QTTRM.hi.txt,71757,352295,UNKNOWN,UNKNOWN
cEebNNbLlQU,data/transcripts_recovered_research/cEebNNbLlQU.en.txt,67835,369075,STATE,RITUAL_EVENT_STREAM
CWa-gW_-7zQ,data/transcripts_recovered_research/CWa-gW_-7zQ.en.txt,65381,357054,STATE,RITUAL_EVENT_STREAM
qxBnGIqKflU,data/transcripts/qxBnGIqKflU.en-orig.txt,47142,253793,UNKNOWN,UNKNOWN
mb54KIYrqHg,data/transcripts_recovered_research/mb54KIYrqHg.hi.txt,45583,232647,UNKNOWN,UNKNOWN
ridpX-gHIv4,data/transcripts/ridpX-gHIv4.txt,39688,191643,UNKNOWN,UNKNOWN
qwJuri4y-h4,data/transcripts/qwJuri4y-h4.en-orig.txt,38057,187631,UNKNOWN,UNKNOWN
j-f0YHcix90,data/transcripts_recovered_research/j-f0YHcix90.en.txt,36947,202550,STATE,RITUAL_EVENT_STREAM
_IKq9_hxfR8,data/transcripts_recovered_research/_IKq9_hxfR8.en.txt,33263,185239,STATE,RITUAL_EVENT_STREAM
RbhNAq8XeP0,data/transcripts/RbhNAq8XeP0.txt,32820,180945,UNKNOWN,UNKNOWN
7gZ2hpcA-E0,data/transcripts_recovered_research/7gZ2hpcA-E0.hi.txt,31987,160381,UNKNOWN,UNKNOWN
DWtnKRL30jo,data/transcripts/DWtnKRL30jo.en-orig.txt,29944,160587,STATE,RITUAL_EVENT_STREAM
n0sFQHoOSxI,data/transcripts/n0sFQHoOSxI.en-orig.txt,26566,146470,PHILOSOPHICAL_INDIVIDUAL,PHILOSOPHICAL_EXPOSITION
NV3VHS_AFJQ,data/transcripts/NV3VHS_AFJQ.en-orig.txt,25831,134361,UNKNOWN,UNKNOWN
yQYJQ5cZ-bM,data/transcripts/yQYJQ5cZ-bM.txt,25710,132081,UNKNOWN,UNKNOWN
T1SghqwJDsI,data/transcripts/T1SghqwJDsI.en.txt,25286,140737,STATE,RITUAL_EVENT_STREAM
14z7QKI0f6s,data/transcripts/14z7QKI0f6s.txt,23890,116510,UNKNOWN,UNKNOWN
4Cob6uu3pww,data/transcripts/4Cob6uu3pww.en.txt,23701,131975,STATE,RITUAL_EVENT_STREAM
4nDCyJx-uPA,data/transcripts/4nDCyJx-uPA.txt,22719,104942,UNKNOWN,UNKNOWN
UMSIaxSdOa4,data/transcripts_recovered_research/UMSIaxSdOa4.en.txt,20730,115220,STATE,RITUAL_EVENT_STREAM
DnvGnPk5p5k,data/transcripts/DnvGnPk5p5k.en.txt,20392,114758,STATE,RITUAL_EVENT_STREAM
6WtvdIBrW8c,data/transcripts_recovered_research/6WtvdIBrW8c.hi.txt,18389,88811,UNKNOWN,UNKNOWN
cbQTJMmoqic,data/transcripts/cbQTJMmoqic.txt,17913,92029,UNKNOWN,UNKNOWN
atFX3FjIx4Y,data/transcripts/atFX3FjIx4Y.en.txt,17772,91033,UNKNOWN,UNKNOWN
D-kdaFEJ9Nk,data/transcripts/D-kdaFEJ9Nk.en.txt,17307,99275,UN,POLICY_DISCOURSE
THvRM-RU764,data/transcripts/THvRM-RU764.en.txt,17213,95141,STATE,RITUAL_EVENT_STREAM
EHxM99Tw3ME,data/transcripts/EHxM99Tw3ME.en-orig.txt,16850,83298,UNKNOWN,UNKNOWN
CA7l6wDCEbU,data/transcripts/CA7l6wDCEbU.txt,15957,102963,UNKNOWN,UNKNOWN
67TL2nk8bcI,data/transcripts/67TL2nk8bcI.en.txt,15413,80982,UNKNOWN,UNKNOWN
mJGq4os7l7g,data/transcripts/mJGq4os7l7g.en-orig.txt,15321,81386,UN,POLICY_DISCOURSE
ucLh0_3oE6Y,data/transcripts_recovered_research/ucLh0_3oE6Y.en.txt,15296,86714,STATE,RITUAL_EVENT_STREAM
zS90yaIFer0,data/transcripts/zS90yaIFer0.en.txt,15291,79533,UNKNOWN,UNKNOWN
agqZWtuol2E,data/transcripts/agqZWtuol2E.txt,15200,76533,UNKNOWN,UNKNOWN
7zGVGDZPxxA,data/transcripts/7zGVGDZPxxA.en-orig.txt,14537,75741,UNKNOWN,UNKNOWN
YfPwMRCAzj4,data/transcripts/YfPwMRCAzj4.txt,14091,65296,UNKNOWN,UNKNOWN
sgYj-8_vS2k,data/transcripts/sgYj-8_vS2k.txt,13742,75699,UNKNOWN,UNKNOWN
g1oTXSPqPAY,data/transcripts/g1oTXSPqPAY.txt,13403,59009,UNKNOWN,UNKNOWN
Xqxd3CR-EOg,data/transcripts/Xqxd3CR-EOg.en-orig.txt,13314,69781,PHILOSOPHICAL_INDIVIDUAL,PHILOSOPHICAL_EXPOSITION
Kxc6ZCb0_yo,data/transcripts_recovered_research/Kxc6ZCb0_yo.hi.txt,13099,69376,UNKNOWN,UNKNOWN
81J_pa88Mi4,data/transcripts_recovered_research/81J_pa88Mi4.en.txt,13069,71144,STATE,RITUAL_EVENT_STREAM
tdplSsPk8tI,data/transcripts_recovered_research/tdplSsPk8tI.en.txt,12940,69974,STATE,RITUAL_EVENT_STREAM
tO2uXTDYWlY,data/transcripts_recovered_research/tO2uXTDYWlY.en.txt,12816,69355,STATE,RITUAL_EVENT_STREAM
Iyx7desT8h8,data/transcripts_recovered_research/Iyx7desT8h8.hi.txt,12600,66534,UNKNOWN,UNKNOWN
y7xNiREqa9M,data/transcripts/y7xNiREqa9M.en-orig.txt,12510,67920,UNKNOWN,UNKNOWN
v29_ChZwR20,data/transcripts_recovered_research/v29_ChZwR20.hi.txt,12383,65359,UNKNOWN,UNKNOWN
KZa6YfdR4Vc,data/transcripts_recovered_research/KZa6YfdR4Vc.en.txt,12097,65762,STATE,RITUAL_EVENT_STREAM
o5y-RR-OqjU,data/transcripts/o5y-RR-OqjU.en.txt,12061,65567,UNKNOWN,UNKNOWN
BR2ypLeUvBY,data/transcripts/BR2ypLeUvBY.en.txt,11967,63996,UNKNOWN,UNKNOWN
k4ShTgGxw2c,data/transcripts/k4ShTgGxw2c.txt,11687,64632,UNKNOWN,UNKNOWN
lpphjLp9dW0,data/transcripts/lpphjLp9dW0.en-orig.txt,11481,61209,UNKNOWN,UNKNOWN
uxTNtXRP7A4,data/transcripts/uxTNtXRP7A4.txt,11437,64653,STATE,RITUAL_EVENT_STREAM
BNaaeF767K8,data/transcripts/BNaaeF767K8.en.txt,11395,59151,STATE,RITUAL_EVENT_STREAM
rjLFmSXiNS8,data/transcripts/rjLFmSXiNS8.en.txt,11243,59301,UN,POLICY_DISCOURSE
0ATwmzKsHts,data/transcripts_recovered_research/0ATwmzKsHts.hi.txt,11027,58602,UNKNOWN,UNKNOWN
42a7bYUS4HI,data/transcripts/42a7bYUS4HI.txt,11014,61022,UNKNOWN,UNKNOWN
REcI14WYLfg,data/transcripts_recovered_research/REcI14WYLfg.en.txt,11001,65023,STATE,RITUAL_EVENT_STREAM
S7Xj2DjSAOo,data/transcripts/S7Xj2DjSAOo.en.txt,10987,62580,PHILOSOPHICAL_INDIVIDUAL,PHILOSOPHICAL_EXPOSITION
seEJzf3xKuk,data/transcripts/seEJzf3xKuk.txt,10606,60283,UN,POLICY_DISCOURSE
SHyvmu2yHRc,data/transcripts/SHyvmu2yHRc.en.txt,10475,57419,PHILOSOPHICAL_INDIVIDUAL,PHILOSOPHICAL_EXPOSITION
eWjwbFEcIes,data/transcripts_recovered_research/eWjwbFEcIes.hi.txt,10436,53387,UNKNOWN,UNKNOWN
DPyvzFfcVxo,data/transcripts_recovered_research/DPyvzFfcVxo.hi.txt,10149,48398,UNKNOWN,UNKNOWN
0neaOfzxy3Y,data/transcripts/0neaOfzxy3Y.en.txt,10143,55331,UNKNOWN,UNKNOWN
FsS7-0i8C-4,data/transcripts/FsS7-0i8C-4.txt,10050,47663,UNKNOWN,UNKNOWN
X3FKttoVT8k,data/transcripts/X3FKttoVT8k.txt,10000,50356,UNKNOWN,UNKNOWN
T8HPu3QiNr0,data/transcripts_recovered_research/T8HPu3QiNr0.bn.txt,9972,56736,UNKNOWN,UNKNOWN
v4keIoV9bL0,data/transcripts/v4keIoV9bL0.txt,9940,46269,UNKNOWN,UNKNOWN
3iZ5WMvDy_4,data/transcripts_recovered_research/3iZ5WMvDy_4.hi.txt,9862,49262,UNKNOWN,UNKNOWN
7WPQ2ekm7ZM,data/transcripts/7WPQ2ekm7ZM.en-orig.txt,9838,56349,UNKNOWN,UNKNOWN
Tqk_H51lqr0,data/transcripts/Tqk_H51lqr0.en-orig.txt,9834,63560,UNKNOWN,UNKNOWN
iNE_0MHCPBg,data/transcripts_recovered_research/iNE_0MHCPBg.en.txt,9827,55696,STATE,RITUAL_EVENT_STREAM
xgIkGdwPqlQ,data/transcripts_recovered_research/xgIkGdwPqlQ.en.txt,9772,53308,STATE,RITUAL_EVENT_STREAM
76pKrIr7FlM,data/transcripts/76pKrIr7FlM.en-orig.txt,9594,52742,UNKNOWN,UNKNOWN
_RfGDud954c,data/transcripts/_RfGDud954c.en.txt,9555,49918,UNKNOWN,UNKNOWN
HxEEwQDE2lI,data/transcripts_recovered_research/HxEEwQDE2lI.hi.txt,9519,46796,UNKNOWN,UNKNOWN
laKrFedAIYs,data/transcripts_recovered_research/laKrFedAIYs.en.txt,9372,51086,UNKNOWN,UNKNOWN
hJbRpHZr_d0,data/transcripts/hJbRpHZr_d0.en-orig.txt,9314,48347,UNKNOWN,UNKNOWN
52rs7XGbJvc,data/transcripts_recovered_research/52rs7XGbJvc.hi.txt,9274,41726,UNKNOWN,UNKNOWN
S9pdVzfmNvI,data/transcripts/S9pdVzfmNvI.txt,9257,47427,UNKNOWN,UNKNOWN
D5zJ5YIxOKA,data/transcripts_recovered_research/D5zJ5YIxOKA.hi.txt,9197,43984,UNKNOWN,UNKNOWN
AkLEk8bb7RI,data/transcripts_recovered_research/AkLEk8bb7RI.en.txt,9161,49186,STATE,RITUAL_EVENT_STREAM
T-y9F_n1rZM,data/transcripts/T-y9F_n1rZM.en.txt,8734,49496,UN,POLICY_DISCOURSE
4a9GieNT4Z8,data/transcripts/4a9GieNT4Z8.txt,8699,49385,UN,POLICY_DISCOURSE
HGXXOaEQEa0,data/transcripts/HGXXOaEQEa0.txt,8665,45018,STATE,RITUAL_EVENT_STREAM
ijS-ruHh_-8,data/transcripts_recovered_research/ijS-ruHh_-8.en.txt,8655,48279,UN,POLICY_DISCOURSE
CIbR7odQklk,data/transcripts/CIbR7odQklk.en.txt,8578,48433,UNKNOWN,UNKNOWN
i-Nuc_L4mio,data/transcripts_recovered_research/i-Nuc_L4mio.hi.txt,8498,38896,UNKNOWN,UNKNOWN
r_s9fyqBDDg,data/transcripts_recovered_research/r_s9fyqBDDg.en.txt,8357,48185,STATE,RITUAL_EVENT_STREAM
fvsC4x4VBpM,data/transcripts/fvsC4x4VBpM.en.txt,8314,46601,UNKNOWN,UNKNOWN
pgfmCg6-Poc,data/transcripts_recovered_research/pgfmCg6-Poc.hi.txt,8227,39564,UNKNOWN,UNKNOWN
hqSZI4xHvw8,data/transcripts_recovered_research/hqSZI4xHvw8.en.txt,8152,43216,STATE,RITUAL_EVENT_STREAM
Q-x-DX47QJo,data/transcripts_recovered_research/Q-x-DX47QJo.en.txt,8085,41592,UNKNOWN,UNKNOWN
YwMEcKsq_R0,data/transcripts_recovered_research/YwMEcKsq_R0.hi.txt,8064,38722,UNKNOWN,UNKNOWN
c8A_BkXMcKA,data/transcripts_recovered_research/c8A_BkXMcKA.hi.txt,7986,43191,UNKNOWN,UNKNOWN
24OcYjeKAZo,data/transcripts_recovered_research/24OcYjeKAZo.en.txt,7937,43411,STATE,RITUAL_EVENT_STREAM
azMcABrZNuo,data/transcripts/azMcABrZNuo.en.txt,7883,43370,UNKNOWN,UNKNOWN
AefxKKTqv5I,data/transcripts/AefxKKTqv5I.en.txt,7866,42287,UNKNOWN,UNKNOWN
XZtA3D5fdJs,data/transcripts/XZtA3D5fdJs.txt,7797,42175,UNKNOWN,UNKNOWN
BlyAhlQvF04,data/transcripts_recovered_research/BlyAhlQvF04.hi.txt,7777,39104,UNKNOWN,UNKNOWN
6AK0fkhCjO4,data/transcripts_recovered_research/6AK0fkhCjO4.hi.txt,7713,40113,UNKNOWN,UNKNOWN
7jc1TMMnEbM,data/transcripts_recovered_research/7jc1TMMnEbM.en.txt,7610,41890,PHILOSOPHICAL_INDIVIDUAL,PHILOSOPHICAL_EXPOSITION
MVckEuCgVmY,data/transcripts_recovered_research/MVckEuCgVmY.hi.txt,7610,39509,UNKNOWN,UNKNOWN
iHwQb0U3ioA,data/transcripts/iHwQb0U3ioA.txt,7434,47366,UNKNOWN,UNKNOWN
xivKGF3fDpA,data/transcripts_recovered_research/xivKGF3fDpA.en.txt,7426,40547,STATE,RITUAL_EVENT_STREAM
2pEUxdJxm3U,data/transcripts_recovered_research/2pEUxdJxm3U.en.txt,7361,38924,STATE,RITUAL_EVENT_STREAM
7axw1ORZhV8,data/transcripts_recovered_research/7axw1ORZhV8.en.txt,7354,39708,PHILOSOPHICAL_INDIVIDUAL,PHILOSOPHICAL_EXPOSITION
FKOpBDx-IMk,data/transcripts_recovered_research/FKOpBDx-IMk.hi.txt,7337,37489,UNKNOWN,UNKNOWN
vOlbsk_ru_U,data/transcripts_recovered_research/vOlbsk_ru_U.hi.txt,7202,36567,UNKNOWN,UNKNOWN
ZNmXEDIpuXg,data/transcripts/ZNmXEDIpuXg.txt,7138,40247,UNKNOWN,UNKNOWN
jjIdKAP6PEM,data/transcripts/jjIdKAP6PEM.en.txt,7130,36900,UNKNOWN,UNKNOWN
NHPENqo4x4M,data/transcripts_recovered_research/NHPENqo4x4M.hi.txt,7051,34561,UNKNOWN,UNKNOWN
JqYSRv8QgRQ,data/transcripts/JqYSRv8QgRQ.en.txt,6961,38685,UNKNOWN,UNKNOWN
DsV7FJ0Xvnk,data/transcripts_recovered_research/DsV7FJ0Xvnk.en.txt,6950,37943,STATE,RITUAL_EVENT_STREAM
JhLECip4b4I,data/transcripts/JhLECip4b4I.en.txt,6889,35930,UNKNOWN,UNKNOWN
nrp-g2BQ1FA,data/transcripts/nrp-g2BQ1FA.txt,6854,39259,UNKNOWN,UNKNOWN
V_qBVguvIkc,data/transcripts_recovered_research/V_qBVguvIkc.hi.txt,6844,31469,UNKNOWN,UNKNOWN
JbzEmGWh1mc,data/transcripts_recovered_research/JbzEmGWh1mc.en.txt,6814,38432,STATE,RITUAL_EVENT_STREAM
Cn69_7WkUSM,data/transcripts_recovered_research/Cn69_7WkUSM.en.txt,6797,36358,STATE,RITUAL_EVENT_STREAM
mmG4jDBWIsU,data/transcripts_recovered_research/mmG4jDBWIsU.en.txt,6787,37400,STATE,RITUAL_EVENT_STREAM
Tx1dODB8ox0,data/transcripts/Tx1dODB8ox0.txt,6766,36163,UNKNOWN,UNKNOWN
XgPRT2axJUM,data/transcripts_recovered_research/XgPRT2axJUM.en.txt,6726,39127,STATE,RITUAL_EVENT_STREAM
rtF8Y8JOMdQ,data/transcripts/rtF8Y8JOMdQ.en.txt,6616,37913,UNKNOWN,UNKNOWN
Zb3NOnN70pQ,data/transcripts/Zb3NOnN70pQ.txt,6597,44926,UNKNOWN,UNKNOWN
RBwItubQCoQ,data/transcripts/RBwItubQCoQ.en.txt,6591,35349,UNKNOWN,UNKNOWN
rsD7BTTzAJk,data/transcripts/rsD7BTTzAJk.txt,6520,37485,UNKNOWN,UNKNOWN
UG8DzCVxldI,data/transcripts_recovered_research/UG8DzCVxldI.hi.txt,6474,32979,UNKNOWN,UNKNOWN
7nWJrh6-umI,data/transcripts/7nWJrh6-umI.en-orig.txt,6404,33407,PHILOSOPHICAL_INDIVIDUAL,PHILOSOPHICAL_EXPOSITION
0XoCpPXlV4w,data/transcripts_recovered_research/0XoCpPXlV4w.en.txt,6403,35577,STATE,RITUAL_EVENT_STREAM
gSpwZOzqbWI,data/transcripts/gSpwZOzqbWI.en.txt,6367,34364,UNKNOWN,UNKNOWN
z7RdbXnjjMc,data/transcripts_recovered_research/z7RdbXnjjMc.en.txt,6345,34617,STATE,RITUAL_EVENT_STREAM
8QTYAyi0iD4,data/transcripts/8QTYAyi0iD4.txt,6305,37466,UNKNOWN,UNKNOWN
lA9dHOAGUjs,data/transcripts_recovered_research/lA9dHOAGUjs.en.txt,6250,33929,STATE,RITUAL_EVENT_STREAM
xsf1eHv_vSE,data/transcripts_recovered_research/xsf1eHv_vSE.hi.txt,6189,30322,UNKNOWN,UNKNOWN
WMFphvkfX1E,data/transcripts/WMFphvkfX1E.txt,6166,34174,UNKNOWN,UNKNOWN
PBM7Fs03FuI,data/transcripts_recovered_research/PBM7Fs03FuI.hi.txt,6121,30137,UNKNOWN,UNKNOWN
MhLMPC5zjWc,data/transcripts/MhLMPC5zjWc.txt,6051,49082,UNKNOWN,UNKNOWN
mFKrbvCrs5s,data/transcripts_recovered_research/mFKrbvCrs5s.en.txt,6038,33488,STATE,RITUAL_EVENT_STREAM
eeaerqpZd7g,data/transcripts_recovered_research/eeaerqpZd7g.hi.txt,5994,29664,UNKNOWN,UNKNOWN
CgmAmbaWiec,data/transcripts_recovered_research/CgmAmbaWiec.hi.txt,5975,27163,UNKNOWN,UNKNOWN
Zi6BXd5OjrI,data/transcripts_recovered_research/Zi6BXd5OjrI.en.txt,5968,30873,UNKNOWN,UNKNOWN
GTYUovcslV0,data/transcripts_recovered_research/GTYUovcslV0.en.txt,5952,33283,STATE,RITUAL_EVENT_STREAM
kkvjhnSG3pQ,data/transcripts_recovered_research/kkvjhnSG3pQ.en.txt,5929,32133,STATE,RITUAL_EVENT_STREAM
kvd5fCy-ITE,data/transcripts_recovered_research/kvd5fCy-ITE.en.txt,5928,32213,STATE,RITUAL_EVENT_STREAM
D46TlqnV0hE,data/transcripts_recovered_research/D46TlqnV0hE.hi.txt,5922,28516,UNKNOWN,UNKNOWN
SPWeCdEFZDY,data/transcripts_recovered_research/SPWeCdEFZDY.en.txt,5921,31240,STATE,RITUAL_EVENT_STREAM
6Q2VsWvIFrg,data/transcripts_recovered_research/6Q2VsWvIFrg.en.txt,5855,34091,UNKNOWN,UNKNOWN
Sc08I9A0oLU,data/transcripts_recovered_research/Sc08I9A0oLU.hi.txt,5835,29369,UNKNOWN,UNKNOWN
6u2Az-WuzVA,data/transcripts_recovered_research/6u2Az-WuzVA.en.txt,5819,31230,STATE,RITUAL_EVENT_STREAM
znl48C9WgYQ,data/transcripts_recovered_research/znl48C9WgYQ.hi.txt,5773,27296,UNKNOWN,UNKNOWN
KYKcxkZzHp8,data/transcripts_recovered_research/KYKcxkZzHp8.en.txt,5761,31491,UN,POLICY_DISCOURSE
xR9j7yG-94A,data/transcripts_recovered_research/xR9j7yG-94A.en.txt,5723,31074,STATE,RITUAL_EVENT_STREAM
3-4dvMSYSis,data/transcripts_recovered_research/3-4dvMSYSis.en.txt,5713,31833,STATE,RITUAL_EVENT_STREAM
tYr0q8HLkQY,data/transcripts_recovered_research/tYr0q8HLkQY.hi.txt,5705,27195,UNKNOWN,UNKNOWN
vRA895CMn1o,data/transcripts_recovered_research/vRA895CMn1o.en.txt,5688,32430,STATE,RITUAL_EVENT_STREAM
4vTJHUDB5ak,data/transcripts/4vTJHUDB5ak.en-orig.txt,5670,28678,UNKNOWN,UNKNOWN
KOBl2gMTsUI,data/transcripts_recovered_research/KOBl2gMTsUI.en.txt,5637,30602,STATE,RITUAL_EVENT_STREAM
jwT2IjDGov8,data/transcripts/jwT2IjDGov8.en.txt,5540,30520,UNKNOWN,UNKNOWN
otGmdJKC1mE,data/transcripts/otGmdJKC1mE.en-orig.txt,5487,30206,UNKNOWN,UNKNOWN
5R1yX_2iFbM,data/transcripts/5R1yX_2iFbM.txt,5371,29357,UNKNOWN,UNKNOWN
R-rwd5yGBr0,data/transcripts/R-rwd5yGBr0.txt,5363,25511,UNKNOWN,UNKNOWN
R_FsSuJXlk0,data/transcripts/R_FsSuJXlk0.en-orig.txt,5258,28775,UNKNOWN,UNKNOWN
eJ86TdGHuEA,data/transcripts_recovered_research/eJ86TdGHuEA.hi.txt,5243,26927,UNKNOWN,UNKNOWN
v9QMhGittCM,data/transcripts_recovered_research/v9QMhGittCM.hi.txt,5239,28076,UNKNOWN,UNKNOWN
smd0j-mQSMg,data/transcripts/smd0j-mQSMg.txt,5158,33894,UN,POLICY_DISCOURSE
O9jEWwVDnyc,data/transcripts_recovered_research/O9jEWwVDnyc.hi.txt,5136,24532,UNKNOWN,UNKNOWN
qAaqF8kgN4M,data/transcripts/qAaqF8kgN4M.txt,5124,25661,UNKNOWN,UNKNOWN
Ux0Cc9Gj5R8,data/transcripts/Ux0Cc9Gj5R8.en.txt,5120,29832,UN,POLICY_DISCOURSE
Ai75uMYMreQ,data/transcripts/Ai75uMYMreQ.en.txt,5093,27396,UNKNOWN,UNKNOWN
hlgCifQfPnk,data/transcripts_recovered_research/hlgCifQfPnk.hi.txt,5072,25145,UNKNOWN,UNKNOWN
K7YeE3zSQdE,data/transcripts_recovered_research/K7YeE3zSQdE.hi.txt,5048,23813,UNKNOWN,UNKNOWN
qbpqq7VB8ek,data/transcripts/qbpqq7VB8ek.txt,4923,22299,UNKNOWN,UNKNOWN
w_GjTWW5jPk,data/transcripts/w_GjTWW5jPk.txt,4854,25773,UN,POLICY_DISCOURSE
1kEjSd8i7Wc,data/transcripts/1kEjSd8i7Wc.en.txt,4848,27851,UNKNOWN,UNKNOWN
zJFk62RSVVY,data/transcripts_recovered_research/zJFk62RSVVY.hi.txt,4840,23997,UNKNOWN,UNKNOWN
lwld6izt6cA,data/transcripts_recovered_research/lwld6izt6cA.en.txt,4774,27061,STATE,RITUAL_EVENT_STREAM
EnaJ6CfZEco,data/transcripts_recovered_research/EnaJ6CfZEco.en.txt,4772,25829,STATE,RITUAL_EVENT_STREAM
q_0aUDl_DyU,data/transcripts/q_0aUDl_DyU.txt,4659,24399,UNKNOWN,UNKNOWN
t6B6jkuUHEo,data/transcripts_recovered_research/t6B6jkuUHEo.hi.txt,4620,23042,UNKNOWN,UNKNOWN
CifvyJWnZxQ,data/transcripts_recovered_research/CifvyJWnZxQ.en.txt,4565,25371,UN,POLICY_DISCOURSE
nvMRN2bf0zY,data/transcripts_recovered_research/nvMRN2bf0zY.en.txt,4538,25279,UNKNOWN,UNKNOWN
0xD29uC3Pow,data/transcripts/0xD29uC3Pow.en.txt,4530,26277,PHILOSOPHICAL_INDIVIDUAL,PHILOSOPHICAL_EXPOSITION
5RE5DlLU-4g,data/transcripts/5RE5DlLU-4g.txt,4511,24630,UNKNOWN,UNKNOWN
UnNImpebWA8,data/transcripts/UnNImpebWA8.en.txt,4473,24003,UNKNOWN,UNKNOWN
GJBWWrc5YSs,data/transcripts_recovered_research/GJBWWrc5YSs.hi.txt,4471,21124,UNKNOWN,UNKNOWN
Jp5n2uTR6oA,data/transcripts_recovered_research/Jp5n2uTR6oA.en.txt,4428,24061,STATE,RITUAL_EVENT_STREAM
u-ExPW6VGTE,data/transcripts_recovered_research/u-ExPW6VGTE.en.txt,4427,23696,STATE,RITUAL_EVENT_STREAM
w4CE-SMokQI,data/transcripts_recovered_research/w4CE-SMokQI.hi.txt,4378,21124,UNKNOWN,UNKNOWN
1qT4xNS0Ws8,data/transcripts/1qT4xNS0Ws8.en.txt,4254,22571,UNKNOWN,UNKNOWN
1NcXFB8lQmo,data/transcripts/1NcXFB8lQmo.en.txt,4239,23920,UNKNOWN,UNKNOWN
pVMoE6ISi0c,data/transcripts/pVMoE6ISi0c.txt,4217,23406,UNKNOWN,UNKNOWN
BdD0OyQyzEo,data/transcripts_recovered_research/BdD0OyQyzEo.hi.txt,4158,21574,UNKNOWN,UNKNOWN
y8aiwgZpzmo,data/transcripts/y8aiwgZpzmo.en.txt,4130,21373,UNKNOWN,UNKNOWN
LG4WlJNuAb0,data/transcripts_recovered_research/LG4WlJNuAb0.hi.txt,4046,19228,UNKNOWN,UNKNOWN
TVlLod9gHW8,data/transcripts/TVlLod9gHW8.en-orig.txt,4013,22232,UN,POLICY_DISCOURSE
e0WDBtTr7_o,data/transcripts_recovered_research/e0WDBtTr7_o.hi.txt,4001,19192,UNKNOWN,UNKNOWN
2088EJFs5fQ,data/transcripts_recovered_research/2088EJFs5fQ.en.txt,3991,21153,STATE,RITUAL_EVENT_STREAM
BrqZXHcffDA,data/transcripts_recovered_research/BrqZXHcffDA.en.txt,3981,22212,STATE,RITUAL_EVENT_STREAM
TLNnshDVRao,data/transcripts/TLNnshDVRao.en-orig.txt,3941,20619,UNKNOWN,UNKNOWN
OfHrOE6t1h0,data/transcripts_recovered_research/OfHrOE6t1h0.hi.txt,3923,20384,UNKNOWN,UNKNOWN
XRmDFoEIk8I,data/transcripts_recovered_research/XRmDFoEIk8I.hi.txt,3919,19743,UNKNOWN,UNKNOWN
VT5itSvfn5g,data/transcripts_recovered_research/VT5itSvfn5g.en.txt,3906,22802,STATE,RITUAL_EVENT_STREAM
Plf5Dg4BVsI,data/transcripts_recovered_research/Plf5Dg4BVsI.hi.txt,3852,18390,UNKNOWN,UNKNOWN
uWsNWorJLcM,data/transcripts_recovered_research/uWsNWorJLcM.hi.txt,3827,17768,UNKNOWN,UNKNOWN
ZQt8OSTmXj0,data/transcripts/ZQt8OSTmXj0.en-en.txt,3810,23737,UNKNOWN,UNKNOWN
Av5ib_XRKT4,data/transcripts_recovered_research/Av5ib_XRKT4.en.txt,3792,21652,PHILOSOPHICAL_INDIVIDUAL,PHILOSOPHICAL_EXPOSITION
RzYiFBi82dI,data/transcripts/RzYiFBi82dI.txt,3783,20931,UNKNOWN,UNKNOWN
pNDR2cHqdZ4,data/transcripts/pNDR2cHqdZ4.txt,3747,21043,STATE,RITUAL_EVENT_STREAM
y9yZYylDQ4I,data/transcripts/y9yZYylDQ4I.txt,3743,20083,UNKNOWN,UNKNOWN
6Ab0gUuhs4w,data/transcripts_recovered_research/6Ab0gUuhs4w.hi.txt,3725,17338,UNKNOWN,UNKNOWN
MkrFz5QRjOs,data/transcripts_recovered_research/MkrFz5QRjOs.en.txt,3684,19329,UNKNOWN,UNKNOWN
LAuhSmFz9rM,data/transcripts_recovered_research/LAuhSmFz9rM.en.txt,3647,19854,STATE,RITUAL_EVENT_STREAM
4HN--v2kpz0,data/transcripts_recovered_research/4HN--v2kpz0.hi.txt,3635,18911,UNKNOWN,UNKNOWN
X0f2R6H98BQ,data/transcripts_recovered_research/X0f2R6H98BQ.en.txt,3579,20666,STATE,RITUAL_EVENT_STREAM
n5TVO7Cyd9c,data/transcripts/n5TVO7Cyd9c.en.txt,3576,18634,UNKNOWN,UNKNOWN
9nob14yzO-g,data/transcripts_recovered_research/9nob14yzO-g.en.txt,3529,18733,UN,POLICY_DISCOURSE
N42eZHCExBo,data/transcripts/N42eZHCExBo.txt,3454,19405,UNKNOWN,UNKNOWN
6RcHuAr8s70,data/transcripts/6RcHuAr8s70.en.txt,3334,16781,UNKNOWN,UNKNOWN
3eKZF98ixLk,data/transcripts_recovered_research/3eKZF98ixLk.en.txt,3231,16648,UNKNOWN,UNKNOWN
SkT4ll953as,data/transcripts_recovered_research/SkT4ll953as.en.txt,3221,17597,STATE,RITUAL_EVENT_STREAM
WG4UmATp1Vs,data/transcripts_recovered_research/WG4UmATp1Vs.kn.txt,3198,20801,UNKNOWN,UNKNOWN
LQllvEizyM0,data/transcripts_recovered_research/LQllvEizyM0.hi.txt,3197,15714,UNKNOWN,UNKNOWN
JE-PiYfUWJA,data/transcripts/JE-PiYfUWJA.en.txt,3186,17046,PHILOSOPHICAL_INDIVIDUAL,PHILOSOPHICAL_EXPOSITION
VPJwv5iWDF4,data/transcripts_recovered_research/VPJwv5iWDF4.hi.txt,3162,15021,UNKNOWN,UNKNOWN
IwZQp9Yq1TI,data/transcripts_recovered_research/IwZQp9Yq1TI.en.txt,3136,17562,STATE,RITUAL_EVENT_STREAM
-8kiR-YOgsY,data/transcripts_recovered_research/-8kiR-YOgsY.en.txt,3103,17465,UNKNOWN,UNKNOWN
d5rD6w6zgpQ,data/transcripts/d5rD6w6zgpQ.en.txt,3071,17081,PHILOSOPHICAL_INDIVIDUAL,PHILOSOPHICAL_EXPOSITION
bnKWCuyZQy0,data/transcripts_recovered_research/bnKWCuyZQy0.en.txt,3063,16532,STATE,RITUAL_EVENT_STREAM
27RPeMZIi3Y,data/transcripts/27RPeMZIi3Y.en.txt,3039,15799,UNKNOWN,UNKNOWN
hZkdJw2n5G4,data/transcripts_recovered_research/hZkdJw2n5G4.hi.txt,3026,14702,UNKNOWN,UNKNOWN
g1H49l0pL98,data/transcripts/g1H49l0pL98.en.txt,3001,16446,PHILOSOPHICAL_INDIVIDUAL,PHILOSOPHICAL_EXPOSITION
BMr7gRg_LV8,data/transcripts_recovered_research/BMr7gRg_LV8.hi.txt,2980,15031,UNKNOWN,UNKNOWN
ywfhwx8ZDHo,data/transcripts/ywfhwx8ZDHo.en-orig.txt,2971,15860,UNKNOWN,UNKNOWN
8DeiE-23e38,data/transcripts_recovered_research/8DeiE-23e38.hi.txt,2953,14732,UNKNOWN,UNKNOWN
C2q4nkxolKI,data/transcripts/C2q4nkxolKI.en-orig.txt,2918,16067,UNKNOWN,UNKNOWN
V3M7z2b5Sx4,data/transcripts_recovered_research/V3M7z2b5Sx4.en.txt,2883,15831,UNKNOWN,UNKNOWN
KmhrleAYyIo,data/transcripts/KmhrleAYyIo.en.txt,2874,16094,UNKNOWN,UNKNOWN
Q1E2AbocGHs,data/transcripts_recovered_research/Q1E2AbocGHs.en.txt,2847,15359,STATE,RITUAL_EVENT_STREAM
-NUUwmholow,data/transcripts/-NUUwmholow.en.txt,2825,15064,PHILOSOPHICAL_INDIVIDUAL,PHILOSOPHICAL_EXPOSITION
GH5dXYEfG1s,data/transcripts/GH5dXYEfG1s.txt,2807,14661,UN,POLICY_DISCOURSE
Z6jMEMLRfXI,data/transcripts/Z6jMEMLRfXI.txt,2681,13342,UNKNOWN,UNKNOWN
acfiSv4S9aY,data/transcripts/acfiSv4S9aY.en.txt,2671,14438,UNKNOWN,UNKNOWN
0Uxhco6qwFo,data/transcripts_recovered_research/0Uxhco6qwFo.en.txt,2634,15263,STATE,RITUAL_EVENT_STREAM
mZsX9tw8FoI,data/transcripts_recovered_research/mZsX9tw8FoI.en.txt,2621,14600,STATE,RITUAL_EVENT_STREAM
T9W6XoM-x4A,data/transcripts_recovered_research/T9W6XoM-x4A.hi.txt,2610,13308,UNKNOWN,UNKNOWN
j-uKhBSLL48,data/transcripts_recovered_research/j-uKhBSLL48.en.txt,2584,14034,STATE,RITUAL_EVENT_STREAM
WrMB_KCXHPg,data/transcripts/WrMB_KCXHPg.txt,2577,15732,UN,POLICY_DISCOURSE
q5m6tMjcF8k,data/transcripts/q5m6tMjcF8k.en-orig.txt,2554,13830,UNKNOWN,UNKNOWN
-WmXnO98QYs,data/transcripts_recovered_research/-WmXnO98QYs.hi.txt,2534,13039,UNKNOWN,UNKNOWN
Kj0q3SRUM1A,data/transcripts/Kj0q3SRUM1A.en.txt,2533,15529,UNKNOWN,UNKNOWN
gNQyUal5xhQ,data/transcripts/gNQyUal5xhQ.txt,2523,13312,STATE,RITUAL_EVENT_STREAM
tHkW2akJLfY,data/transcripts_recovered_research/tHkW2akJLfY.en.txt,2500,13972,STATE,RITUAL_EVENT_STREAM
aQ3znaD0cCg,data/transcripts_recovered_research/aQ3znaD0cCg.en.txt,2459,13932,STATE,RITUAL_EVENT_STREAM
CV4QoG5Emxs,data/transcripts_recovered_research/CV4QoG5Emxs.en.txt,2442,12916,UN,POLICY_DISCOURSE
x-F7IDlG0f0,data/transcripts/x-F7IDlG0f0.txt,2430,12839,PHILOSOPHICAL_INDIVIDUAL,PHILOSOPHICAL_EXPOSITION
XoKsd-IwLpQ,data/transcripts_recovered_research/XoKsd-IwLpQ.en.txt,2351,13548,STATE,RITUAL_EVENT_STREAM
kq0zMkc1jQw,data/transcripts_recovered_research/kq0zMkc1jQw.hi.txt,2339,11449,UNKNOWN,UNKNOWN
cMqkFWlaguo,data/transcripts/cMqkFWlaguo.en.txt,2328,12497,UNKNOWN,UNKNOWN
FK9G5DEYQmc,data/transcripts/FK9G5DEYQmc.en.txt,2316,12038,UNKNOWN,UNKNOWN
V4QOUPfdhzk,data/transcripts/V4QOUPfdhzk.txt,2315,17584,UNKNOWN,UNKNOWN
dU0Y-ZTNYxo,data/transcripts_recovered_research/dU0Y-ZTNYxo.en.txt,2309,12519,UNKNOWN,UNKNOWN
qwRCjUBN3Ns,data/transcripts_recovered_research/qwRCjUBN3Ns.en.txt,2302,11648,UNKNOWN,UNKNOWN
NtXNYs1lPVU,data/transcripts/NtXNYs1lPVU.en.txt,2297,12587,UNKNOWN,UNKNOWN
qUipY3hkyuk,data/transcripts/qUipY3hkyuk.txt,2285,13238,STATE,RITUAL_EVENT_STREAM
G0yaF7rw928,data/transcripts/G0yaF7rw928.en-orig.txt,2276,12176,UN,POLICY_DISCOURSE
xvr75gbVs5A,data/transcripts/xvr75gbVs5A.en-orig.txt,2274,12151,UNKNOWN,UNKNOWN
tAYDAz0xctI,data/transcripts_recovered_research/tAYDAz0xctI.en.txt,2252,12774,STATE,RITUAL_EVENT_STREAM
2ZYvUAqRYcA,data/transcripts_recovered_research/2ZYvUAqRYcA.en.txt,2249,12895,UNKNOWN,UNKNOWN
t_zfJ5nLQv8,data/transcripts_recovered_research/t_zfJ5nLQv8.en.txt,2244,12562,UNKNOWN,UNKNOWN
F0LO7mfmlL8,data/transcripts/F0LO7mfmlL8.en-orig.txt,2168,10724,UNKNOWN,UNKNOWN
9hHDiazQrpU,data/transcripts/9hHDiazQrpU.en-orig.txt,2162,11419,UNKNOWN,UNKNOWN
lhw5-pJoPNk,data/transcripts/lhw5-pJoPNk.en.txt,2161,11941,UNKNOWN,UNKNOWN
AfsPHp8fmV8,data/transcripts/AfsPHp8fmV8.en.txt,2123,11450,UNKNOWN,UNKNOWN
OCyFGMOFKt8,data/transcripts_recovered_research/OCyFGMOFKt8.en.txt,2113,10957,UN,POLICY_DISCOURSE
Sa5HBmLwH00,data/transcripts/Sa5HBmLwH00.txt,2109,11403,UNKNOWN,UNKNOWN
lgr6pC8NZ7c,data/transcripts/lgr6pC8NZ7c.en-orig.txt,2064,12067,UNKNOWN,UNKNOWN
2t7ODAaZeFY,data/transcripts_recovered_research/2t7ODAaZeFY.en.txt,2027,11279,UNKNOWN,UNKNOWN
BorcTOHZ6-c,data/transcripts/BorcTOHZ6-c.en-orig.txt,2021,10880,STATE,RITUAL_EVENT_STREAM
bfagZf_1n-s,data/transcripts/bfagZf_1n-s.txt,2016,10673,UNKNOWN,UNKNOWN
gJk-AgfvS_4,data/transcripts/gJk-AgfvS_4.en.txt,2012,10628,UNKNOWN,UNKNOWN
yJmMYPRU_UI,data/transcripts/yJmMYPRU_UI.en-orig.txt,1989,11407,UNKNOWN,UNKNOWN
C12o2Cwl_u0,data/transcripts/C12o2Cwl_u0.en.txt,1984,9801,UNKNOWN,UNKNOWN
7ZaCm7PfUNs,data/transcripts/7ZaCm7PfUNs.en.txt,1978,10597,UNKNOWN,UNKNOWN
Ntf9bQiO1p0,data/transcripts/Ntf9bQiO1p0.en-orig.txt,1968,9970,UNKNOWN,UNKNOWN
q10D3JUegmE,data/transcripts/q10D3JUegmE.en-orig.txt,1964,10137,UNKNOWN,UNKNOWN
lRC3UxJF3ZM,data/transcripts_recovered_research/lRC3UxJF3ZM.hi.txt,1955,9280,UNKNOWN,UNKNOWN
lKQ3WGLDBjQ,data/transcripts_recovered_research/lKQ3WGLDBjQ.hi.txt,1922,8847,UNKNOWN,UNKNOWN
5oS0wVx9KAw,data/transcripts_recovered_research/5oS0wVx9KAw.en.txt,1917,8797,UNKNOWN,UNKNOWN
pBvrz1E2oXg,data/transcripts_recovered_research/pBvrz1E2oXg.en.txt,1916,10634,STATE,RITUAL_EVENT_STREAM
B7XpkH6pzlg,data/transcripts_recovered_research/B7XpkH6pzlg.en.txt,1906,10942,STATE,RITUAL_EVENT_STREAM
bUbKvHgR9sc,data/transcripts_recovered_research/bUbKvHgR9sc.hi.txt,1905,9215,UNKNOWN,UNKNOWN
s3XjI9qlOCY,data/transcripts_recovered_research/s3XjI9qlOCY.en.txt,1896,10595,UNKNOWN,UNKNOWN
YdBlP7DlYek,data/transcripts/YdBlP7DlYek.en-orig.txt,1882,10412,UN,POLICY_DISCOURSE
K250wjFz26w,data/transcripts/K250wjFz26w.en.txt,1871,10023,UNKNOWN,UNKNOWN
h8Kn1BcuLjE,data/transcripts/h8Kn1BcuLjE.en.txt,1871,9232,UNKNOWN,UNKNOWN
t-mknfY6GIY,data/transcripts_recovered_research/t-mknfY6GIY.hi.txt,1871,8625,UNKNOWN,UNKNOWN
ODuBxm5P1FQ,data/transcripts_recovered_research/ODuBxm5P1FQ.hi.txt,1855,8007,UNKNOWN,UNKNOWN
Ltpr7aSX6Cs,data/transcripts_recovered_research/Ltpr7aSX6Cs.hi.txt,1853,9089,UNKNOWN,UNKNOWN
loEP6SecmHE,data/transcripts_recovered_research/loEP6SecmHE.en.txt,1850,10156,STATE,RITUAL_EVENT_STREAM
8c5XwUaJ5ZE,data/transcripts_recovered_research/8c5XwUaJ5ZE.hi.txt,1841,9307,UNKNOWN,UNKNOWN
gk7YtCg32HA,data/transcripts/gk7YtCg32HA.txt,1835,10429,UNKNOWN,UNKNOWN
n1F9VmD1gmg,data/transcripts_recovered_research/n1F9VmD1gmg.en.txt,1832,9257,UNKNOWN,UNKNOWN
4le2T-Ww-Iw,data/transcripts/4le2T-Ww-Iw.en.txt,1808,9883,PHILOSOPHICAL_INDIVIDUAL,PHILOSOPHICAL_EXPOSITION
cipmQDkJWRk,data/transcripts_recovered_research/cipmQDkJWRk.en.txt,1800,10348,STATE,RITUAL_EVENT_STREAM
ywL_5NITNeY,data/transcripts/ywL_5NITNeY.en.txt,1791,9072,UNKNOWN,UNKNOWN
Iwuib4fD6dM,data/transcripts_recovered_research/Iwuib4fD6dM.en.txt,1778,10368,STATE,RITUAL_EVENT_STREAM
JDIUb3h1b7E,data/transcripts/JDIUb3h1b7E.txt,1776,9944,STATE,RITUAL_EVENT_STREAM
HRjstAj88dI,data/transcripts/HRjstAj88dI.txt,1765,7138,UNKNOWN,UNKNOWN
BoW7txckm88,data/transcripts/BoW7txckm88.en.txt,1749,9299,UNKNOWN,UNKNOWN
CusuNrovDJc,data/transcripts_recovered_research/CusuNrovDJc.en-IN.txt,1699,10185,STATE,RITUAL_EVENT_STREAM
vQ7ZvPghdy8,data/transcripts/vQ7ZvPghdy8.en.txt,1684,9178,UNKNOWN,UNKNOWN
US9UELGrkWE,data/transcripts_recovered_research/US9UELGrkWE.en.txt,1673,9506,STATE,RITUAL_EVENT_STREAM
mopEtlHBDw8,data/transcripts_recovered_research/mopEtlHBDw8.en.txt,1669,8871,UNKNOWN,UNKNOWN
tlQFariES-I,data/transcripts_recovered_research/tlQFariES-I.hi.txt,1663,7875,UNKNOWN,UNKNOWN
U8tPNIJgIdk,data/transcripts_recovered_research/U8tPNIJgIdk.es.txt,1660,9551,UNKNOWN,UNKNOWN
aJouQlY2EXA,data/transcripts/aJouQlY2EXA.en-orig.txt,1642,8996,UNKNOWN,UNKNOWN
tc80x4xIlHA,data/transcripts_recovered_research/tc80x4xIlHA.en.txt,1620,9149,STATE,RITUAL_EVENT_STREAM
J2Y1TJwWKyM,data/transcripts_recovered_research/J2Y1TJwWKyM.en.txt,1614,8655,UNKNOWN,UNKNOWN
XgbnqeGbSoQ,data/transcripts_recovered_research/XgbnqeGbSoQ.en.txt,1609,8909,STATE,RITUAL_EVENT_STREAM
ZbicnLm4Upw,data/transcripts/ZbicnLm4Upw.txt,1605,8173,UNKNOWN,UNKNOWN
Qthn_19_aHM,data/transcripts/Qthn_19_aHM.en-orig.txt,1593,8236,UNKNOWN,UNKNOWN
l43cXcxA2Pk,data/transcripts/l43cXcxA2Pk.en-orig.txt,1584,8023,UNKNOWN,UNKNOWN
w9ifmlcu8eg,data/transcripts/w9ifmlcu8eg.txt,1572,8359,UNKNOWN,UNKNOWN
JOnY3xdokEc,data/transcripts_recovered_research/JOnY3xdokEc.hi.txt,1567,7534,UNKNOWN,UNKNOWN
7BJ-YJ6qcIo,data/transcripts_recovered_research/7BJ-YJ6qcIo.hi.txt,1547,7713,UNKNOWN,UNKNOWN
nKiZsVg8doE,data/transcripts_recovered_research/nKiZsVg8doE.en.txt,1546,8330,UNKNOWN,UNKNOWN
CD70KYY5YeQ,data/transcripts_recovered_research/CD70KYY5YeQ.hi.txt,1540,7516,UNKNOWN,UNKNOWN
RksEiQ09rGM,data/transcripts_recovered_research/RksEiQ09rGM.en.txt,1538,8931,UNKNOWN,UNKNOWN
C_xsXnRd_uc,data/transcripts/C_xsXnRd_uc.en-orig.txt,1532,8563,UNKNOWN,UNKNOWN
sMBMcZ9qC1c,data/transcripts_recovered_research/sMBMcZ9qC1c.hi.txt,1532,7426,UNKNOWN,UNKNOWN
uaT2AVAX42w,data/transcripts_recovered_research/uaT2AVAX42w.en.txt,1525,8411,STATE,RITUAL_EVENT_STREAM
AI0sgLI46MQ,data/transcripts_recovered_research/AI0sgLI46MQ.en.txt,1524,8101,UNKNOWN,UNKNOWN
KASKJeYSE20,data/transcripts_recovered_research/KASKJeYSE20.hi.txt,1523,7192,UNKNOWN,UNKNOWN
M7AavH3OLhE,data/transcripts/M7AavH3OLhE.en-orig.txt,1503,8335,UNKNOWN,UNKNOWN
bPeRBLQeSDw,data/transcripts/bPeRBLQeSDw.txt,1494,6693,UNKNOWN,UNKNOWN
M2NAu29ZxYc,data/transcripts/M2NAu29ZxYc.en.txt,1493,8201,PHILOSOPHICAL_INDIVIDUAL,PHILOSOPHICAL_EXPOSITION
68c5t5qGytY,data/transcripts/68c5t5qGytY.en.txt,1492,7514,UNKNOWN,UNKNOWN
woDftJ5-_hk,data/transcripts_recovered_research/woDftJ5-_hk.en.txt,1486,8104,STATE,RITUAL_EVENT_STREAM
cyUhWpbpho8,data/transcripts/cyUhWpbpho8.en.txt,1475,7420,UNKNOWN,UNKNOWN
PZqkX1mJ7qk,data/transcripts/PZqkX1mJ7qk.txt,1466,9024,UNKNOWN,UNKNOWN
yZ9hNDlqwjU,data/transcripts_recovered_research/yZ9hNDlqwjU.en.txt,1461,7894,STATE,RITUAL_EVENT_STREAM
5N24-_8xXQo,data/transcripts_recovered_research/5N24-_8xXQo.en.txt,1454,7776,UNKNOWN,UNKNOWN
JK2y_SfHdf8,data/transcripts_recovered_research/JK2y_SfHdf8.hi.txt,1450,7063,UNKNOWN,UNKNOWN
MoW2xNKtVew,data/transcripts/MoW2xNKtVew.en-orig.txt,1426,7655,UNKNOWN,UNKNOWN
JufwIJc5aSY,data/transcripts_recovered_research/JufwIJc5aSY.en.txt,1405,7415,UNKNOWN,UNKNOWN
wXO2eKyoSPA,data/transcripts_recovered_research/wXO2eKyoSPA.en.txt,1401,7847,STATE,RITUAL_EVENT_STREAM
jq3XAReBLtQ,data/transcripts_recovered_research/jq3XAReBLtQ.en.txt,1381,7600,STATE,RITUAL_EVENT_STREAM
ocuerNUWTaM,data/transcripts_recovered_research/ocuerNUWTaM.en.txt,1377,7621,UN,POLICY_DISCOURSE
qaEJuCjQyy0,data/transcripts/qaEJuCjQyy0.en.txt,1373,7703,UNKNOWN,UNKNOWN
3RIrHb19anM,data/transcripts/3RIrHb19anM.en-orig.txt,1365,7242,UNKNOWN,UNKNOWN
iqFu1awvhws,data/transcripts/iqFu1awvhws.en-orig.txt,1362,7390,UN,POLICY_DISCOURSE
6YPmSaTu468,data/transcripts_recovered_research/6YPmSaTu468.en.txt,1359,7517,STATE,RITUAL_EVENT_STREAM
WAD8Wao5gQw,data/transcripts_recovered_research/WAD8Wao5gQw.en.txt,1339,7112,STATE,RITUAL_EVENT_STREAM
QuGLcWPyvRQ,data/transcripts_recovered_research/QuGLcWPyvRQ.en.txt,1332,8694,STATE,RITUAL_EVENT_STREAM
Zfeh1FUs-Ho,data/transcripts/Zfeh1FUs-Ho.en.txt,1331,7665,UNKNOWN,UNKNOWN
UdP_gGiIWq0,data/transcripts_recovered_research/UdP_gGiIWq0.en.txt,1317,7370,UNKNOWN,UNKNOWN
cphIHGmikOs,data/transcripts_recovered_research/cphIHGmikOs.hi.txt,1316,6835,UNKNOWN,UNKNOWN
eZHXGH0ZrSo,data/transcripts/eZHXGH0ZrSo.txt,1313,6805,UNKNOWN,UNKNOWN
umFpN_DcmMQ,data/transcripts/umFpN_DcmMQ.txt,1308,7629,UNKNOWN,UNKNOWN
uoq-XklrKTY,data/transcripts/uoq-XklrKTY.txt,1305,7188,UNKNOWN,UNKNOWN
z0xjLB12GYY,data/transcripts_recovered_research/z0xjLB12GYY.en.txt,1301,8038,STATE,RITUAL_EVENT_STREAM
ckQIyUR-YYQ,data/transcripts_recovered_research/ckQIyUR-YYQ.hi.txt,1292,6407,UNKNOWN,UNKNOWN
piaIDE9_72U,data/transcripts_recovered_research/piaIDE9_72U.hi.txt,1276,5986,UNKNOWN,UNKNOWN
og_Xqy_IHpY,data/transcripts_recovered_research/og_Xqy_IHpY.en.txt,1274,6888,UN,POLICY_DISCOURSE
puFOuS2sk9w,data/transcripts_recovered_research/puFOuS2sk9w.hi.txt,1258,5863,UNKNOWN,UNKNOWN
TMmlL9bXdg0,data/transcripts/TMmlL9bXdg0.en.txt,1251,6737,PHILOSOPHICAL_INDIVIDUAL,PHILOSOPHICAL_EXPOSITION
Xr6ZOn6Xd7E,data/transcripts_recovered_research/Xr6ZOn6Xd7E.hi.txt,1240,5787,UNKNOWN,UNKNOWN
8M2mJTSxnWM,data/transcripts/8M2mJTSxnWM.en-orig.txt,1239,6982,UNKNOWN,UNKNOWN
tjT9Sq7MOz0,data/transcripts_recovered_research/tjT9Sq7MOz0.en.txt,1235,6461,STATE,RITUAL_EVENT_STREAM
S37f0y5QLHg,data/transcripts/S37f0y5QLHg.en.txt,1235,6568,UNKNOWN,UNKNOWN
pW_P1E4g3v8,data/transcripts/pW_P1E4g3v8.en-orig.txt,1235,7432,STATE,RITUAL_EVENT_STREAM
GO0RorA2xWY,data/transcripts/GO0RorA2xWY.en.txt,1227,6378,UNKNOWN,UNKNOWN
xm0_KOSNLTY,data/transcripts_recovered_research/xm0_KOSNLTY.en.txt,1220,6210,UN,POLICY_DISCOURSE
XKe8oiQDR68,data/transcripts_recovered_research/XKe8oiQDR68.hi.txt,1218,6666,UNKNOWN,UNKNOWN
dN7-tXsrjYk,data/transcripts_recovered_research/dN7-tXsrjYk.en.txt,1217,7434,UNKNOWN,UNKNOWN
V33bIkpFR1A,data/transcripts_recovered_research/V33bIkpFR1A.en.txt,1203,7310,STATE,RITUAL_EVENT_STREAM
ZEzs6A3wiW0,data/transcripts/ZEzs6A3wiW0.txt,1198,6528,UNKNOWN,UNKNOWN
xm28ewV7S9w,data/transcripts_recovered_research/xm28ewV7S9w.en.txt,1176,6314,STATE,RITUAL_EVENT_STREAM
Fh9yAIUNZ6M,data/transcripts/Fh9yAIUNZ6M.en.txt,1163,6279,UNKNOWN,UNKNOWN
fhbbwc5Q74I,data/transcripts/fhbbwc5Q74I.en.txt,1158,6386,UNKNOWN,UNKNOWN
Rf2sERzU0Lo,data/transcripts/Rf2sERzU0Lo.en-orig.txt,1154,6672,UNKNOWN,UNKNOWN
FQCb-9Df0uQ,data/transcripts/FQCb-9Df0uQ.txt,1151,6879,STATE,RITUAL_EVENT_STREAM
20Fn-9Yrf6Y,data/transcripts_recovered_research/20Fn-9Yrf6Y.hi.txt,1143,5360,UNKNOWN,UNKNOWN
EnuEIlD82nM,data/transcripts_recovered_research/EnuEIlD82nM.en.txt,1134,6382,STATE,RITUAL_EVENT_STREAM
9pXNA3VXUF8,data/transcripts_recovered_research/9pXNA3VXUF8.hi.txt,1132,5947,UNKNOWN,UNKNOWN
BeTI0dWMf1g,data/transcripts/BeTI0dWMf1g.en-orig.txt,1131,6114,UNKNOWN,UNKNOWN
6z4gFHnMa2Q,data/transcripts/6z4gFHnMa2Q.en.txt,1122,6319,UNKNOWN,UNKNOWN
ZKbE0otIDaE,data/transcripts_recovered_research/ZKbE0otIDaE.en.txt,1115,5895,UNKNOWN,UNKNOWN
pORdexOKJ7E,data/transcripts_recovered_research/pORdexOKJ7E.en.txt,1115,6235,UN,POLICY_DISCOURSE
JpMUar8mh48,data/transcripts/JpMUar8mh48.en.txt,1102,6144,UNKNOWN,UNKNOWN
uTg5Hj67MsI,data/transcripts_recovered_research/uTg5Hj67MsI.en.txt,1102,7083,UNKNOWN,UNKNOWN
qZGQBgF5Uhk,data/transcripts_recovered_research/qZGQBgF5Uhk.en.txt,1101,6034,STATE,RITUAL_EVENT_STREAM
DQG9Bcq3Sgs,data/transcripts_recovered_research/DQG9Bcq3Sgs.en.txt,1098,5955,STATE,RITUAL_EVENT_STREAM
Jn-uO_LUG54,data/transcripts/Jn-uO_LUG54.en-orig.txt,1094,6831,UNKNOWN,UNKNOWN
nma3F37U1iw,data/transcripts/nma3F37U1iw.en.txt,1088,5715,UNKNOWN,UNKNOWN
tWoy_ZYtB40,data/transcripts/tWoy_ZYtB40.en-orig.txt,1085,5556,UNKNOWN,UNKNOWN
R_PIwm_WHeQ,data/transcripts/R_PIwm_WHeQ.en.txt,1083,6057,UNKNOWN,UNKNOWN
6WjueVfA_i8,data/transcripts_recovered_research/6WjueVfA_i8.hi.txt,1080,5486,UNKNOWN,UNKNOWN
rwqxnCbrMsI,data/transcripts/rwqxnCbrMsI.en.txt,1080,5672,UNKNOWN,UNKNOWN
zdIgtTxEzv8,data/transcripts_recovered_research/zdIgtTxEzv8.en.txt,1079,6047,STATE,RITUAL_EVENT_STREAM
monxOtArSdE,data/transcripts_recovered_research/monxOtArSdE.en.txt,1067,5878,UN,POLICY_DISCOURSE
IWvpnj7A008,data/transcripts_recovered_research/IWvpnj7A008.en.txt,1057,5534,UNKNOWN,UNKNOWN
BMJ42xw7IC8,data/transcripts/BMJ42xw7IC8.en-orig.txt,1053,5469,UNKNOWN,UNKNOWN
RU5dR1NyP8s,data/transcripts_recovered_research/RU5dR1NyP8s.en.txt,1050,5653,UNKNOWN,UNKNOWN
Hxjvyc8FGDU,data/transcripts/Hxjvyc8FGDU.en.txt,1046,5948,STATE,RITUAL_EVENT_STREAM
BSiBZtjXDb0,data/transcripts_recovered_research/BSiBZtjXDb0.en.txt,1044,5779,STATE,RITUAL_EVENT_STREAM
aFcZReES734,data/transcripts/aFcZReES734.en.txt,1042,6346,UNKNOWN,UNKNOWN
Q0WsIBmog1I,data/transcripts/Q0WsIBmog1I.en-orig.txt,1034,5405,UNKNOWN,UNKNOWN
kD5FRSTMquw,data/transcripts/kD5FRSTMquw.en-orig.txt,1032,5178,UNKNOWN,UNKNOWN
NpaZzoUxA7Q,data/transcripts_recovered_research/NpaZzoUxA7Q.en.txt,1030,5320,STATE,RITUAL_EVENT_STREAM
OUvg2rnnn-M,data/transcripts/OUvg2rnnn-M.txt,1022,5430,UNKNOWN,UNKNOWN
30unmx881Ag,data/transcripts_recovered_research/30unmx881Ag.hi.txt,1012,4789,UNKNOWN,UNKNOWN
vTy3n0WNsKw,data/transcripts/vTy3n0WNsKw.txt,1007,4778,UNKNOWN,UNKNOWN
KdvIc1OCv8A,data/transcripts/KdvIc1OCv8A.txt,1003,4913,UNKNOWN,UNKNOWN
GREtxk36fQ8,data/transcripts_recovered_research/GREtxk36fQ8.en.txt,993,5305,STATE,RITUAL_EVENT_STREAM
G02TTum6JT8,data/transcripts/G02TTum6JT8.en-orig.txt,989,4819,UNKNOWN,UNKNOWN
-cS3YaCShng,data/transcripts/-cS3YaCShng.en-orig.txt,988,5425,UNKNOWN,UNKNOWN
LmgN-lRJ3TA,data/transcripts_recovered_research/LmgN-lRJ3TA.en.txt,986,5183,STATE,RITUAL_EVENT_STREAM
wtEaDOwgC_4,data/transcripts/wtEaDOwgC_4.txt,982,5537,STATE,RITUAL_EVENT_STREAM
7F4ICws26p4,data/transcripts/7F4ICws26p4.txt,982,4577,UNKNOWN,UNKNOWN
-qBsODoJEPU,data/transcripts_recovered_research/-qBsODoJEPU.hi.txt,980,4812,UNKNOWN,UNKNOWN
kw4G_lFolN8,data/transcripts_recovered_research/kw4G_lFolN8.hi.txt,968,5432,UNKNOWN,UNKNOWN
N_c9BgiN46Q,data/transcripts_recovered_research/N_c9BgiN46Q.en.txt,962,5193,STATE,RITUAL_EVENT_STREAM
ZO0yj8NEb4g,data/transcripts/ZO0yj8NEb4g.txt,959,4458,UNKNOWN,UNKNOWN
WXuj8s3xYo8,data/transcripts/WXuj8s3xYo8.en.txt,958,5563,UNKNOWN,UNKNOWN
HcbG1q7iL8I,data/transcripts_recovered_research/HcbG1q7iL8I.en.txt,950,5194,UN,POLICY_DISCOURSE
y2PQPmXPlzI,data/transcripts_recovered_research/y2PQPmXPlzI.en.txt,946,5376,UN,POLICY_DISCOURSE
v9gRLeQwbq0,data/transcripts/v9gRLeQwbq0.en-orig.txt,944,5148,UNKNOWN,UNKNOWN
F8r2xYzf6Z0,data/transcripts_recovered_research/F8r2xYzf6Z0.en.txt,936,5158,STATE,RITUAL_EVENT_STREAM
H8839nIXsog,data/transcripts_recovered_research/H8839nIXsog.en.txt,932,5458,STATE,RITUAL_EVENT_STREAM
3cea1qcbIIs,data/transcripts/3cea1qcbIIs.txt,930,5312,STATE,RITUAL_EVENT_STREAM
N9ZnuWKaVGc,data/transcripts_recovered_research/N9ZnuWKaVGc.en.txt,922,5155,STATE,RITUAL_EVENT_STREAM
Raa-U-y4920,data/transcripts/Raa-U-y4920.en.txt,911,4402,UNKNOWN,UNKNOWN
Us69_36cjg0,data/transcripts_recovered_research/Us69_36cjg0.hi.txt,905,4282,UNKNOWN,UNKNOWN
V-f6lHtjtKo,data/transcripts/V-f6lHtjtKo.en.txt,904,4820,UNKNOWN,UNKNOWN
qk_bP48As5w,data/transcripts/qk_bP48As5w.en.txt,882,4707,UNKNOWN,UNKNOWN
YjFYaNyfq4Y,data/transcripts/YjFYaNyfq4Y.en.txt,878,5041,UNKNOWN,UNKNOWN
3LxK-TiifzQ,data/transcripts_recovered_research/3LxK-TiifzQ.en.txt,871,5073,STATE,RITUAL_EVENT_STREAM
EXqpq6rrAjE,data/transcripts_recovered_research/EXqpq6rrAjE.hi.txt,866,4930,UNKNOWN,UNKNOWN
QLXIv_0bvEw,data/transcripts_recovered_research/QLXIv_0bvEw.en.txt,865,5053,UNKNOWN,UNKNOWN
r-rr9x4b3SU,data/transcripts/r-rr9x4b3SU.en-orig.txt,865,4582,PHILOSOPHICAL_INDIVIDUAL,PHILOSOPHICAL_EXPOSITION
9SZFSBW5MDk,data/transcripts_recovered_research/9SZFSBW5MDk.en.txt,863,4905,STATE,RITUAL_EVENT_STREAM
P0poLjDMKwQ,data/transcripts/P0poLjDMKwQ.en.txt,863,5087,UNKNOWN,UNKNOWN
Z09qEkLoVeo,data/transcripts_recovered_research/Z09qEkLoVeo.hi.txt,858,4142,UNKNOWN,UNKNOWN
zSBRpLsXGmg,data/transcripts/zSBRpLsXGmg.en.txt,845,4457,UNKNOWN,UNKNOWN
MADy-oiozFw,data/transcripts_recovered_research/MADy-oiozFw.en.txt,845,4072,UNKNOWN,UNKNOWN
AP5wdQ1tADE,data/transcripts/AP5wdQ1tADE.en.txt,843,4490,UNKNOWN,UNKNOWN
O9cJozJBK_w,data/transcripts/O9cJozJBK_w.txt,843,3874,UNKNOWN,UNKNOWN
Zw9gOSluAgs,data/transcripts/Zw9gOSluAgs.en-orig.txt,814,4318,UNKNOWN,UNKNOWN
aJcRd6zIqUw,data/transcripts/aJcRd6zIqUw.txt,804,4350,UNKNOWN,UNKNOWN
6M0tonInnPo,data/transcripts_recovered_research/6M0tonInnPo.bn.txt,796,4480,UNKNOWN,UNKNOWN
lk-cywvWusY,data/transcripts/lk-cywvWusY.en-orig.txt,795,4252,UNKNOWN,UNKNOWN
KS1lN6AJwCI,data/transcripts_recovered_research/KS1lN6AJwCI.hi.txt,786,3458,UNKNOWN,UNKNOWN
fe3HotuqUxA,data/transcripts/fe3HotuqUxA.txt,785,3923,UNKNOWN,UNKNOWN
ohIQbrp5ifg,data/transcripts/ohIQbrp5ifg.en.txt,779,4411,UN,POLICY_DISCOURSE
CMdAwTulCNo,data/transcripts/CMdAwTulCNo.en.txt,778,4001,UNKNOWN,UNKNOWN
6LNRlqp86yM,data/transcripts_recovered_research/6LNRlqp86yM.en.txt,762,3935,UNKNOWN,UNKNOWN
Ug8OoFAFfZ0,data/transcripts/Ug8OoFAFfZ0.en.txt,758,4394,UNKNOWN,UNKNOWN
4g0kkebBowM,data/transcripts_recovered_research/4g0kkebBowM.hi.txt,754,3510,UNKNOWN,UNKNOWN
h7cDzRJTBqE,data/transcripts_recovered_research/h7cDzRJTBqE.hi.txt,752,3838,UNKNOWN,UNKNOWN
h0UrbyV3jUY,data/transcripts_recovered_research/h0UrbyV3jUY.en.txt,752,4227,UNKNOWN,UNKNOWN
0Of66fxq4FI,data/transcripts/0Of66fxq4FI.en.txt,742,5132,UNKNOWN,UNKNOWN
TpTRtaSEGrE,data/transcripts_recovered_research/TpTRtaSEGrE.en.txt,740,3886,STATE,RITUAL_EVENT_STREAM
BhNGBhCJ5EY,data/transcripts/BhNGBhCJ5EY.en-orig.txt,739,4142,UNKNOWN,UNKNOWN
w3oYX7jaC1w,data/transcripts/w3oYX7jaC1w.txt,733,3530,UNKNOWN,UNKNOWN
GL7r_NfckrM,data/transcripts_recovered_research/GL7r_NfckrM.en.txt,731,3963,STATE,RITUAL_EVENT_STREAM
HXhxVUNecmg,data/transcripts_recovered_research/HXhxVUNecmg.en.txt,721,4015,UN,POLICY_DISCOURSE
Mrhgz1yeBSg,data/transcripts/Mrhgz1yeBSg.txt,707,4313,STATE,RITUAL_EVENT_STREAM
IjxKPrNP3vQ,data/transcripts_recovered_research/IjxKPrNP3vQ.es.txt,689,4027,UNKNOWN,UNKNOWN
fi98oUBFJv0,data/transcripts/fi98oUBFJv0.en-orig.txt,687,3748,UNKNOWN,UNKNOWN
LlsAx-TaQw4,data/transcripts_recovered_research/LlsAx-TaQw4.en.txt,687,3663,STATE,RITUAL_EVENT_STREAM
44PPtRBjkuE,data/transcripts_recovered_research/44PPtRBjkuE.hi.txt,687,3375,UNKNOWN,UNKNOWN
7Va1b0AOSsg,data/transcripts_recovered_research/7Va1b0AOSsg.en.txt,686,3918,STATE,RITUAL_EVENT_STREAM
Qq0eWeCLcpg,data/transcripts_recovered_research/Qq0eWeCLcpg.en.txt,681,3621,UNKNOWN,UNKNOWN
FM7tEqDSAIo,data/transcripts/FM7tEqDSAIo.en.txt,677,3815,UNKNOWN,UNKNOWN
6tCRnISpRVo,data/transcripts/6tCRnISpRVo.en.txt,673,3608,UNKNOWN,UNKNOWN
DrEBOB3mAWI,data/transcripts_recovered_research/DrEBOB3mAWI.hi.txt,672,3155,UNKNOWN,UNKNOWN
yNQaVDeRj0c,data/transcripts_recovered_research/yNQaVDeRj0c.hi.txt,672,3070,UNKNOWN,UNKNOWN
uQEn4vwwLYg,data/transcripts_recovered_research/uQEn4vwwLYg.en.txt,672,3382,UNKNOWN,UNKNOWN
TW1jRrO1ob0,data/transcripts/TW1jRrO1ob0.en.txt,665,3626,UNKNOWN,UNKNOWN
o7k5hYchTrg,data/transcripts/o7k5hYchTrg.en-orig.txt,661,3383,UNKNOWN,UNKNOWN
i4msUSBffpU,data/transcripts_recovered_research/i4msUSBffpU.hi.txt,660,3045,UNKNOWN,UNKNOWN
cpePPqa-iYw,data/transcripts/cpePPqa-iYw.en-orig.txt,660,3459,UNKNOWN,UNKNOWN
VR0brYQrBTA,data/transcripts/VR0brYQrBTA.txt,660,3559,UNKNOWN,UNKNOWN
O3UzA-ItA0k,data/transcripts_recovered_research/O3UzA-ItA0k.hi.txt,657,4073,UNKNOWN,UNKNOWN
S0b_R9YBaEE,data/transcripts/S0b_R9YBaEE.txt,656,3493,UNKNOWN,UNKNOWN
tqbPqSzob_I,data/transcripts_recovered_research/tqbPqSzob_I.en.txt,652,3698,UN,POLICY_DISCOURSE
hnOJOa6X-tI,data/transcripts/hnOJOa6X-tI.txt,650,3322,UNKNOWN,UNKNOWN
l9DWNZ0T4Dg,data/transcripts_recovered_research/l9DWNZ0T4Dg.en.txt,645,3531,STATE,RITUAL_EVENT_STREAM
dLYgy46XqCA,data/transcripts/dLYgy46XqCA.txt,644,3787,UNKNOWN,UNKNOWN
clhT4OwJ_SQ,data/transcripts_recovered_research/clhT4OwJ_SQ.hi.txt,640,3143,UNKNOWN,UNKNOWN
7e85JPQaWCw,data/transcripts_recovered_research/7e85JPQaWCw.en.txt,639,3497,STATE,RITUAL_EVENT_STREAM
Ypwn-vB5jvw,data/transcripts_recovered_research/Ypwn-vB5jvw.hi.txt,638,3262,UNKNOWN,UNKNOWN
bYf5oUBqcvs,data/transcripts_recovered_research/bYf5oUBqcvs.hi.txt,636,3126,UNKNOWN,UNKNOWN
-fA6BrCVZZA,data/transcripts/-fA6BrCVZZA.txt,634,3456,UN,POLICY_DISCOURSE
O7KtXWEzXCQ,data/transcripts/O7KtXWEzXCQ.txt,624,3743,UNKNOWN,UNKNOWN
sHqUVG00auM,data/transcripts_recovered_research/sHqUVG00auM.en.txt,624,3319,STATE,RITUAL_EVENT_STREAM
hFpm0Q6hFTc,data/transcripts_recovered_research/hFpm0Q6hFTc.en-GB.txt,620,3444,UNKNOWN,UNKNOWN
pODBBQE637I,data/transcripts/pODBBQE637I.txt,617,3548,UNKNOWN,UNKNOWN
B4HPUbJPbYE,data/transcripts/B4HPUbJPbYE.txt,612,3574,UN,POLICY_DISCOURSE
I62oIzQdeqY,data/transcripts/I62oIzQdeqY.txt,612,3272,UNKNOWN,UNKNOWN
xhdR-Cmk31E,data/transcripts/xhdR-Cmk31E.en.txt,608,3488,UNKNOWN,UNKNOWN
Cw5sivofRbw,data/transcripts_recovered_research/Cw5sivofRbw.en.txt,607,3337,STATE,RITUAL_EVENT_STREAM
DVsSBfS34Fk,data/transcripts_recovered_research/DVsSBfS34Fk.en.txt,604,3515,STATE,RITUAL_EVENT_STREAM
AfghupHyo3A,data/transcripts/AfghupHyo3A.txt,599,3231,STATE,RITUAL_EVENT_STREAM
RoH7XBJqEdI,data/transcripts/RoH7XBJqEdI.en-orig.txt,598,3530,PHILOSOPHICAL_INDIVIDUAL,PHILOSOPHICAL_EXPOSITION
wOB5cUaunT8,data/transcripts_recovered_research/wOB5cUaunT8.hi.txt,598,2823,UNKNOWN,UNKNOWN
f0l1TH8N3fQ,data/transcripts_recovered_research/f0l1TH8N3fQ.en.txt,597,3540,STATE,RITUAL_EVENT_STREAM
5MVOvOpQYOw,data/transcripts_recovered_research/5MVOvOpQYOw.en.txt,593,3443,STATE,RITUAL_EVENT_STREAM
6qYYbjmn6LM,data/transcripts_recovered_research/6qYYbjmn6LM.hi.txt,591,3084,UNKNOWN,UNKNOWN
U7uJI2m-W1Q,data/transcripts_recovered_research/U7uJI2m-W1Q.en.txt,586,3223,UNKNOWN,UNKNOWN
Uj7KlwPMsKU,data/transcripts/Uj7KlwPMsKU.en-orig.txt,584,3410,UNKNOWN,UNKNOWN
O8cNxp5PqKs,data/transcripts_recovered_research/O8cNxp5PqKs.en.txt,583,3547,STATE,RITUAL_EVENT_STREAM
0QWti9FMcgs,data/transcripts/0QWti9FMcgs.en-orig.txt,577,3166,UNKNOWN,UNKNOWN
I0ahh_fiPVo,data/transcripts_recovered_research/I0ahh_fiPVo.hi.txt,577,2793,UNKNOWN,UNKNOWN
zpbGQYHV3Gc,data/transcripts/zpbGQYHV3Gc.en.txt,574,3224,UN,POLICY_DISCOURSE
Z8ASYVjkEOg,data/transcripts/Z8ASYVjkEOg.en-orig.txt,572,3072,UNKNOWN,UNKNOWN
UV-kfLDCDHE,data/transcripts/UV-kfLDCDHE.en.txt,570,2827,UNKNOWN,UNKNOWN
dsbK-YLLB-U,data/transcripts_recovered_research/dsbK-YLLB-U.hi.txt,569,3171,UNKNOWN,UNKNOWN
O8YH7Hn5k4Y,data/transcripts_recovered_research/O8YH7Hn5k4Y.en.txt,568,3174,UNKNOWN,UNKNOWN
bj1jqaSsXvM,data/transcripts_recovered_research/bj1jqaSsXvM.en.txt,562,3492,STATE,RITUAL_EVENT_STREAM
QX3gSDoLjqM,data/transcripts/QX3gSDoLjqM.en.txt,557,3058,STATE,RITUAL_EVENT_STREAM
nz5ureft4mQ,data/transcripts/nz5ureft4mQ.txt,551,3017,UN,POLICY_DISCOURSE
kMvjE4XbbSU,data/transcripts_recovered_research/kMvjE4XbbSU.en.txt,549,3100,UNKNOWN,UNKNOWN
DjuOaweshUs,data/transcripts_recovered_research/DjuOaweshUs.es.txt,548,3138,UNKNOWN,UNKNOWN
LO6uqfl4Dec,data/transcripts_recovered_research/LO6uqfl4Dec.en.txt,542,3420,STATE,RITUAL_EVENT_STREAM
VLf_UT-d_Ao,data/transcripts_recovered_research/VLf_UT-d_Ao.en.txt,534,3233,STATE,RITUAL_EVENT_STREAM
5HxJ-DOJGV0,data/transcripts_recovered_research/5HxJ-DOJGV0.hi.txt,532,2343,UNKNOWN,UNKNOWN
7v0PIHCXlUU,data/transcripts_recovered_research/7v0PIHCXlUU.hi.txt,515,2450,UNKNOWN,UNKNOWN
dPGr8P5zcsE,data/transcripts/dPGr8P5zcsE.en.txt,512,2768,UNKNOWN,UNKNOWN
TcUzZ4fVtG4,data/transcripts/TcUzZ4fVtG4.en-orig.txt,509,2994,UNKNOWN,UNKNOWN
VzBqEC3qk3Q,data/transcripts_recovered_research/VzBqEC3qk3Q.en.txt,507,2786,STATE,RITUAL_EVENT_STREAM
kT4s6iZ6mJI,data/transcripts_recovered_research/kT4s6iZ6mJI.nl.txt,507,2707,UNKNOWN,UNKNOWN
Nx5f0OZT3Fo,data/transcripts/Nx5f0OZT3Fo.en-orig.txt,506,3089,UNKNOWN,UNKNOWN
n2iIQ7PTTXc,data/transcripts/n2iIQ7PTTXc.en.txt,505,3009,UNKNOWN,UNKNOWN
lFzm6nIcyoE,data/transcripts_recovered_research/lFzm6nIcyoE.hi.txt,504,2534,UNKNOWN,UNKNOWN
_Yw5vdlCb84,data/transcripts_recovered_research/_Yw5vdlCb84.en.txt,502,2730,UNKNOWN,UNKNOWN
OghYPFzSChg,data/transcripts_recovered_research/OghYPFzSChg.en.txt,501,2903,STATE,RITUAL_EVENT_STREAM
9H9dwtG_Ing,data/transcripts_recovered_research/9H9dwtG_Ing.de.txt,499,3175,UNKNOWN,UNKNOWN
3Q-SJNzS6Mg,data/transcripts/3Q-SJNzS6Mg.en.txt,495,2877,UNKNOWN,UNKNOWN
qMOqrQLJch4,data/transcripts_recovered_research/qMOqrQLJch4.en.txt,495,2975,STATE,RITUAL_EVENT_STREAM
TaMHJzT5GD8,data/transcripts_recovered_research/TaMHJzT5GD8.en.txt,493,2889,STATE,RITUAL_EVENT_STREAM
pVpQ0sMPXvs,data/transcripts/pVpQ0sMPXvs.en-orig.txt,492,2443,UNKNOWN,UNKNOWN
KzFoO6bxtpU,data/transcripts_recovered_research/KzFoO6bxtpU.en.txt,490,2660,UNKNOWN,UNKNOWN
32R2UVxQux4,data/transcripts/32R2UVxQux4.en.txt,490,2746,UN,POLICY_DISCOURSE
NRFwGkALO7A,data/transcripts/NRFwGkALO7A.txt,488,2452,UNKNOWN,UNKNOWN
FB543E0MSXQ,data/transcripts_recovered_research/FB543E0MSXQ.en.txt,482,2706,UNKNOWN,UNKNOWN
2JVFSCquwZo,data/transcripts/2JVFSCquwZo.txt,480,2240,UNKNOWN,UNKNOWN
Xr7UpJjARrQ,data/transcripts_recovered_research/Xr7UpJjARrQ.en.txt,472,2811,UNKNOWN,UNKNOWN
E18p25T9pB0,data/transcripts/E18p25T9pB0.en.txt,471,2329,UNKNOWN,UNKNOWN
9R5j7aIbpq0,data/transcripts_recovered_research/9R5j7aIbpq0.hi.txt,468,2497,UNKNOWN,UNKNOWN
02u0sbxZMuE,data/transcripts_recovered_research/02u0sbxZMuE.en.txt,468,2585,STATE,RITUAL_EVENT_STREAM
ewA_8ffCVds,data/transcripts/ewA_8ffCVds.txt,467,2593,UNKNOWN,UNKNOWN
EeWUKcI5ErU,data/transcripts_recovered_research/EeWUKcI5ErU.hi.txt,465,2312,UNKNOWN,UNKNOWN
G26RqtF4sm8,data/transcripts_recovered_research/G26RqtF4sm8.ko.txt,465,1696,UNKNOWN,UNKNOWN
4Tq_Q3NBE7w,data/transcripts_recovered_research/4Tq_Q3NBE7w.hi.txt,461,2237,UNKNOWN,UNKNOWN
GX-LX1BQJ-M,data/transcripts/GX-LX1BQJ-M.en.txt,460,2361,UNKNOWN,UNKNOWN
A1WY2qjlVZY,data/transcripts/A1WY2qjlVZY.txt,459,2069,UNKNOWN,UNKNOWN
n8N-RQgMXmM,data/transcripts_recovered_research/n8N-RQgMXmM.en.txt,456,2590,STATE,RITUAL_EVENT_STREAM
ekzlBsSR8RU,data/transcripts_recovered_research/ekzlBsSR8RU.hi.txt,455,2169,UNKNOWN,UNKNOWN
zqsQ3SLkbgU,data/transcripts_recovered_research/zqsQ3SLkbgU.hi.txt,455,2246,UNKNOWN,UNKNOWN
RNCyEuseurI,data/transcripts_recovered_research/RNCyEuseurI.en.txt,451,2523,STATE,RITUAL_EVENT_STREAM
-1eIiYUBnNY,data/transcripts/-1eIiYUBnNY.en.txt,447,2404,UNKNOWN,UNKNOWN
u1JgC4ZjEJc,data/transcripts_recovered_research/u1JgC4ZjEJc.en.txt,441,2533,UN,POLICY_DISCOURSE
6knnQMr_FPg,data/transcripts_recovered_research/6knnQMr_FPg.en.txt,441,2059,UNKNOWN,UNKNOWN
PNymhlAUL1M,data/transcripts/PNymhlAUL1M.txt,439,2584,STATE,RITUAL_EVENT_STREAM
z98ZKHcuhlc,data/transcripts/z98ZKHcuhlc.en-orig.txt,437,2429,PHILOSOPHICAL_INDIVIDUAL,PHILOSOPHICAL_EXPOSITION
e81UHZM44vU,data/transcripts_recovered_research/e81UHZM44vU.en.txt,437,2492,UN,POLICY_DISCOURSE
jMKJYZDqTks,data/transcripts_recovered_research/jMKJYZDqTks.en.txt,436,2463,STATE,RITUAL_EVENT_STREAM
dzFhf3u6hFQ,data/transcripts/dzFhf3u6hFQ.en-orig.txt,436,2494,UNKNOWN,UNKNOWN
NJBogtJh9T0,data/transcripts/NJBogtJh9T0.txt,436,1139,UNKNOWN,UNKNOWN
CloGwxFDcs4,data/transcripts/CloGwxFDcs4.en.txt,435,2465,UNKNOWN,UNKNOWN
z-bhOiKg45o,data/transcripts/z-bhOiKg45o.en.txt,434,2585,UNKNOWN,UNKNOWN
zgUnmoFOTts,data/transcripts_recovered_research/zgUnmoFOTts.hi.txt,434,2011,UNKNOWN,UNKNOWN
NRukKF7Or1o,data/transcripts_recovered_research/NRukKF7Or1o.hi.txt,433,2165,UNKNOWN,UNKNOWN
Ayk9aXo54hk,data/transcripts_recovered_research/Ayk9aXo54hk.en.txt,433,2645,UNKNOWN,UNKNOWN
RjDLpbR-mWM,data/transcripts/RjDLpbR-mWM.en.txt,431,2588,UNKNOWN,UNKNOWN
-NghXPxXi-M,data/transcripts_recovered_research/-NghXPxXi-M.en.txt,431,2436,UNKNOWN,UNKNOWN
FKM4aOluMsI,data/transcripts_recovered_research/FKM4aOluMsI.en.txt,429,2499,STATE,RITUAL_EVENT_STREAM
4HdETZiiTyA,data/transcripts_recovered_research/4HdETZiiTyA.en.txt,428,2384,UNKNOWN,UNKNOWN
_XD1y8gB5uw,data/transcripts_recovered_research/_XD1y8gB5uw.en.txt,427,2329,UNKNOWN,UNKNOWN
uQxvgH4oTTI,data/transcripts_recovered_research/uQxvgH4oTTI.en.txt,427,2642,STATE,RITUAL_EVENT_STREAM
NQkMW-u_Yqw,data/transcripts_recovered_research/NQkMW-u_Yqw.en.txt,426,2451,STATE,RITUAL_EVENT_STREAM
pw7b_iHlpJ8,data/transcripts/pw7b_iHlpJ8.en-orig.txt,425,2285,UNKNOWN,UNKNOWN
Cg_MlYk1wFs,data/transcripts_recovered_research/Cg_MlYk1wFs.en.txt,424,2609,UNKNOWN,UNKNOWN
PfkCT5wiyE8,data/transcripts_recovered_research/PfkCT5wiyE8.en.txt,422,2442,STATE,RITUAL_EVENT_STREAM
QBuUEdQ3r_c,data/transcripts_recovered_research/QBuUEdQ3r_c.hi.txt,421,2045,UNKNOWN,UNKNOWN
71f-qB4FG2o,data/transcripts/71f-qB4FG2o.txt,419,2590,UNKNOWN,UNKNOWN
hg6HLBWpbcM,data/transcripts_recovered_research/hg6HLBWpbcM.en.txt,418,1813,UNKNOWN,UNKNOWN
PuUFl4VchH8,data/transcripts_recovered_research/PuUFl4VchH8.hi.txt,417,2052,UNKNOWN,UNKNOWN
sqhAuIa5PB4,data/transcripts_recovered_research/sqhAuIa5PB4.en.txt,414,2391,STATE,RITUAL_EVENT_STREAM
fRuY9gdDD3c,data/transcripts_recovered_research/fRuY9gdDD3c.en.txt,414,2465,UNKNOWN,UNKNOWN
bq_vX0Uz9SA,data/transcripts/bq_vX0Uz9SA.en.txt,406,2479,UNKNOWN,UNKNOWN
YqBK6R_wCTs,data/transcripts_recovered_research/YqBK6R_wCTs.en.txt,403,2236,STATE,RITUAL_EVENT_STREAM
rUuJE4YEVMw,data/transcripts_recovered_research/rUuJE4YEVMw.hi.txt,402,1950,UNKNOWN,UNKNOWN
aoIxsKGu69I,data/transcripts_recovered_research/aoIxsKGu69I.en.txt,401,2407,STATE,RITUAL_EVENT_STREAM
oYLY4KyNukI,data/transcripts_recovered_research/oYLY4KyNukI.en.txt,399,2334,STATE,RITUAL_EVENT_STREAM
lO7RbqPwyz4,data/transcripts_recovered_research/lO7RbqPwyz4.hi.txt,396,2055,UNKNOWN,UNKNOWN
Y69md6XRncU,data/transcripts_recovered_research/Y69md6XRncU.hi.txt,395,1754,UNKNOWN,UNKNOWN
CDRLQqlYefc,data/transcripts_recovered_research/CDRLQqlYefc.ru.txt,393,2642,UNKNOWN,UNKNOWN
qGQ-TvsT9pk,data/transcripts_recovered_research/qGQ-TvsT9pk.en.txt,391,2375,STATE,RITUAL_EVENT_STREAM
T3LV5yAJpqY,data/transcripts_recovered_research/T3LV5yAJpqY.en.txt,389,2647,STATE,RITUAL_EVENT_STREAM
CX6ZvR2TJmM,data/transcripts/CX6ZvR2TJmM.en.txt,386,2033,UNKNOWN,UNKNOWN
-DrjPSadlrw,data/transcripts_recovered_research/-DrjPSadlrw.hi.txt,386,2095,UNKNOWN,UNKNOWN
hEvQgTEe5eY,data/transcripts_recovered_research/hEvQgTEe5eY.en.txt,380,2345,UNKNOWN,UNKNOWN
95kRvXxYhu0,data/transcripts_recovered_research/95kRvXxYhu0.en.txt,376,2008,UNKNOWN,UNKNOWN
3u156-yCTbU,data/transcripts/3u156-yCTbU.en.txt,373,1963,UNKNOWN,UNKNOWN
EXXlWnxEG48,data/transcripts/EXXlWnxEG48.en.txt,369,1852,UNKNOWN,UNKNOWN
ICZ5cKz14uw,data/transcripts_recovered_research/ICZ5cKz14uw.hi.txt,368,1644,UNKNOWN,UNKNOWN
BfmTN-RJ9so,data/transcripts_recovered_research/BfmTN-RJ9so.en.txt,368,2039,UNKNOWN,UNKNOWN
JQrbuY71kpM,data/transcripts/JQrbuY71kpM.txt,367,1902,UNKNOWN,UNKNOWN
DbDjQLqC8zs,data/transcripts/DbDjQLqC8zs.en.txt,366,1940,UNKNOWN,UNKNOWN
PD8oFGFK-5w,data/transcripts/PD8oFGFK-5w.en.txt,363,1751,UNKNOWN,UNKNOWN
yP__PsrX80A,data/transcripts/yP__PsrX80A.en-orig.txt,361,2005,UNKNOWN,UNKNOWN
w-ujgTZTT5Q,data/transcripts_recovered_research/w-ujgTZTT5Q.hi.txt,356,2049,UNKNOWN,UNKNOWN
pSjXJBEdLhQ,data/transcripts_recovered_research/pSjXJBEdLhQ.en.txt,354,2052,STATE,RITUAL_EVENT_STREAM
jKJWQkQWlTI,data/transcripts_recovered_research/jKJWQkQWlTI.hi.txt,352,1610,UNKNOWN,UNKNOWN
uddfLWI0nRY,data/transcripts_recovered_research/uddfLWI0nRY.hi.txt,351,1809,UNKNOWN,UNKNOWN
tNjjAkVRo7o,data/transcripts_recovered_research/tNjjAkVRo7o.en.txt,350,1865,UNKNOWN,UNKNOWN
8gF-MEQlYCM,data/transcripts/8gF-MEQlYCM.en-orig.txt,345,1889,UNKNOWN,UNKNOWN
tjtwW0zGwBU,data/transcripts_recovered_research/tjtwW0zGwBU.hi.txt,344,1622,UNKNOWN,UNKNOWN
C1KafektaEc,data/transcripts_recovered_research/C1KafektaEc.en.txt,344,2101,STATE,RITUAL_EVENT_STREAM
lUr2dWL-2sg,data/transcripts/lUr2dWL-2sg.en.txt,342,2080,UNKNOWN,UNKNOWN
dIiWtTgIfvI,data/transcripts/dIiWtTgIfvI.txt,341,2053,UN,POLICY_DISCOURSE
XaQqwIuvDnM,data/transcripts/XaQqwIuvDnM.en.txt,340,1853,UNKNOWN,UNKNOWN
qBcyeYP6snc,data/transcripts_recovered_research/qBcyeYP6snc.en.txt,338,2007,STATE,RITUAL_EVENT_STREAM
VuvYdsYQnH4,data/transcripts/VuvYdsYQnH4.txt,336,2008,UNKNOWN,UNKNOWN
KgTyB6UNeUM,data/transcripts_recovered_research/KgTyB6UNeUM.en.txt,336,1872,UNKNOWN,UNKNOWN
gQ03slMQ8ko,data/transcripts/gQ03slMQ8ko.en.txt,334,2243,UNKNOWN,UNKNOWN
lmSGD0I_Xao,data/transcripts_recovered_research/lmSGD0I_Xao.en.txt,332,1884,STATE,RITUAL_EVENT_STREAM
2oT23PVUDnA,data/transcripts/2oT23PVUDnA.en.txt,331,1926,UNKNOWN,UNKNOWN
-rR2AxYZD6c,data/transcripts/-rR2AxYZD6c.en-orig.txt,326,1973,UNKNOWN,UNKNOWN
quLNVEqK7sU,data/transcripts_recovered_research/quLNVEqK7sU.hi.txt,326,1727,UNKNOWN,UNKNOWN
4iCvX3DfXVc,data/transcripts_recovered_research/4iCvX3DfXVc.en.txt,326,1717,UNKNOWN,UNKNOWN
4cMhh-ZPxkU,data/transcripts_recovered_research/4cMhh-ZPxkU.ta.txt,325,2294,UNKNOWN,UNKNOWN
PbLy3_7DPs4,data/transcripts_recovered_research/PbLy3_7DPs4.en.txt,323,1825,STATE,RITUAL_EVENT_STREAM
OkVZA6fQ9Qw,data/transcripts_recovered_research/OkVZA6fQ9Qw.en.txt,322,1680,UNKNOWN,UNKNOWN
LcXwLEEJRzo,data/transcripts_recovered_research/LcXwLEEJRzo.hi.txt,321,1379,UNKNOWN,UNKNOWN
ALhIfbtNLcg,data/transcripts_recovered_research/ALhIfbtNLcg.en.txt,317,2025,STATE,RITUAL_EVENT_STREAM
Dq5nE-NDJxU,data/transcripts_recovered_research/Dq5nE-NDJxU.hi.txt,317,1401,UNKNOWN,UNKNOWN
cJEAK5Qks9U,data/transcripts_recovered_research/cJEAK5Qks9U.en.txt,317,1740,STATE,RITUAL_EVENT_STREAM
-ZxrdlQe_78,data/transcripts_recovered_research/-ZxrdlQe_78.en.txt,311,1749,STATE,RITUAL_EVENT_STREAM
r7xdgnDNlDM,data/transcripts_recovered_research/r7xdgnDNlDM.en.txt,310,1826,UNKNOWN,UNKNOWN
2n0QnHGn6K4,data/transcripts_recovered_research/2n0QnHGn6K4.en.txt,309,1573,UNKNOWN,UNKNOWN
ChUaYLwpGUg,data/transcripts/ChUaYLwpGUg.txt,307,1877,UNKNOWN,UNKNOWN
riuwPHJ92l4,data/transcripts/riuwPHJ92l4.txt,301,1464,UNKNOWN,UNKNOWN
WWvE-QGVmAM,data/transcripts_recovered_research/WWvE-QGVmAM.en.txt,297,1864,STATE,RITUAL_EVENT_STREAM
UVoznB0DW5k,data/transcripts_recovered_research/UVoznB0DW5k.en.txt,297,1615,UNKNOWN,UNKNOWN
vyuVgYsUY24,data/transcripts/vyuVgYsUY24.en-orig.txt,296,1639,UNKNOWN,UNKNOWN
-nhi-zvx3ms,data/transcripts/-nhi-zvx3ms.en-orig.txt,296,1586,UNKNOWN,UNKNOWN
fbpwpTzF-oY,data/transcripts_recovered_research/fbpwpTzF-oY.en.txt,294,1605,UNKNOWN,UNKNOWN
fZ269RBWrIg,data/transcripts_recovered_research/fZ269RBWrIg.hi.txt,292,1354,UNKNOWN,UNKNOWN
GjsCjBD6aaE,data/transcripts_recovered_research/GjsCjBD6aaE.en.txt,290,1699,STATE,RITUAL_EVENT_STREAM
ypMTDHZBmAs,data/transcripts/ypMTDHZBmAs.en.txt,290,1540,UNKNOWN,UNKNOWN
gmbXXidEAS8,data/transcripts_recovered_research/gmbXXidEAS8.en.txt,288,1660,STATE,RITUAL_EVENT_STREAM
euediogFLv4,data/transcripts_recovered_research/euediogFLv4.en.txt,287,1707,STATE,RITUAL_EVENT_STREAM
PlxXjJjsaKw,data/transcripts_recovered_research/PlxXjJjsaKw.en.txt,285,1612,UNKNOWN,UNKNOWN
vga8bkCMCEw,data/transcripts_recovered_research/vga8bkCMCEw.en.txt,285,1777,UN,POLICY_DISCOURSE
ulZk2QveRpk,data/transcripts/ulZk2QveRpk.en.txt,281,1510,UNKNOWN,UNKNOWN
ISu5u2-Q_Es,data/transcripts_recovered_research/ISu5u2-Q_Es.en.txt,280,1724,STATE,RITUAL_EVENT_STREAM
YnpWEXUA2WI,data/transcripts_recovered_research/YnpWEXUA2WI.en.txt,279,1515,UNKNOWN,UNKNOWN
K1dIyFTac3E,data/transcripts/K1dIyFTac3E.txt,278,1546,UNKNOWN,UNKNOWN
ekcmhzhKMoM,data/transcripts/ekcmhzhKMoM.en-orig.txt,276,1472,UNKNOWN,UNKNOWN
xlQHn5hSciM,data/transcripts_recovered_research/xlQHn5hSciM.hi.txt,275,1259,UNKNOWN,UNKNOWN
aM0kgKIz9UM,data/transcripts_recovered_research/aM0kgKIz9UM.hi.txt,274,1284,UNKNOWN,UNKNOWN
elZ98SR4PNM,data/transcripts_recovered_research/elZ98SR4PNM.en.txt,273,1485,UNKNOWN,UNKNOWN
lAzBdzQKjVw,data/transcripts_recovered_research/lAzBdzQKjVw.hi.txt,271,1318,UNKNOWN,UNKNOWN
rcSz2VMCCKU,data/transcripts/rcSz2VMCCKU.en.txt,269,1617,STATE,RITUAL_EVENT_STREAM
A6lSGejZsnA,data/transcripts/A6lSGejZsnA.txt,264,1422,UNKNOWN,UNKNOWN
C_zFb_au-B8,data/transcripts_recovered_research/C_zFb_au-B8.en.txt,264,1598,UNKNOWN,UNKNOWN
nO7_sRZY8FM,data/transcripts/nO7_sRZY8FM.en-orig.txt,264,1411,UNKNOWN,UNKNOWN
DrSUWq4R_Uw,data/transcripts_recovered_research/DrSUWq4R_Uw.hi.txt,264,1281,UNKNOWN,UNKNOWN
V4bK7BdAm-o,data/transcripts_recovered_research/V4bK7BdAm-o.en.txt,262,1495,STATE,RITUAL_EVENT_STREAM
GNkzC89EQ2I,data/transcripts_recovered_research/GNkzC89EQ2I.hi.txt,262,1267,UNKNOWN,UNKNOWN
uX6PURK-u3I,data/transcripts/uX6PURK-u3I.en.txt,261,1291,UNKNOWN,UNKNOWN
yO0OUE_6WLM,data/transcripts_recovered_research/yO0OUE_6WLM.hi.txt,261,1143,UNKNOWN,UNKNOWN
UZ8Er3yfWQQ,data/transcripts_recovered_research/UZ8Er3yfWQQ.en.txt,258,1469,STATE,RITUAL_EVENT_STREAM
dDGzam7WYEE,data/transcripts_recovered_research/dDGzam7WYEE.hi.txt,251,1278,UNKNOWN,UNKNOWN
HUKYhsVz0wg,data/transcripts_recovered_research/HUKYhsVz0wg.hi.txt,249,1202,UNKNOWN,UNKNOWN
38OJ5YUWgDE,data/transcripts_recovered_research/38OJ5YUWgDE.hi.txt,249,1109,UNKNOWN,UNKNOWN
d_PYT6CElGg,data/transcripts_recovered_research/d_PYT6CElGg.en.txt,249,1353,STATE,RITUAL_EVENT_STREAM
-pOwf3m8HBE,data/transcripts_recovered_research/-pOwf3m8HBE.en.txt,247,1388,UNKNOWN,UNKNOWN
6wCIFVLibfc,data/transcripts_recovered_research/6wCIFVLibfc.hi.txt,246,1183,UNKNOWN,UNKNOWN
ad8IrsK5oTc,data/transcripts/ad8IrsK5oTc.en.txt,244,1578,UNKNOWN,UNKNOWN
cU34euFNPN0,data/transcripts/cU34euFNPN0.en.txt,243,1328,UNKNOWN,UNKNOWN
acDFS8j7MCs,data/transcripts_recovered_research/acDFS8j7MCs.en.txt,242,1641,UNKNOWN,UNKNOWN
VWRLYm3qBI4,data/transcripts_recovered_research/VWRLYm3qBI4.en.txt,239,1399,UNKNOWN,UNKNOWN
wMBxhXhRgoQ,data/transcripts_recovered_research/wMBxhXhRgoQ.hi.txt,238,1155,UNKNOWN,UNKNOWN
FFItaOgVdPY,data/transcripts_recovered_research/FFItaOgVdPY.en.txt,238,1408,UNKNOWN,UNKNOWN
2e_pszlUvOs,data/transcripts_recovered_research/2e_pszlUvOs.hi.txt,236,1208,UNKNOWN,UNKNOWN
zHHHJqUBbqo,data/transcripts_recovered_research/zHHHJqUBbqo.en.txt,236,1355,STATE,RITUAL_EVENT_STREAM
wF2g2CklpUs,data/transcripts_recovered_research/wF2g2CklpUs.en.txt,235,1412,UNKNOWN,UNKNOWN
vSAjQ2TJylE,data/transcripts_recovered_research/vSAjQ2TJylE.en.txt,232,1187,UNKNOWN,UNKNOWN
7ZNRXFCwYvE,data/transcripts_recovered_research/7ZNRXFCwYvE.hi.txt,228,1098,UNKNOWN,UNKNOWN
EUpZera75k8,data/transcripts_recovered_research/EUpZera75k8.en.txt,226,1563,UN,POLICY_DISCOURSE
SwufoZmheHw,data/transcripts/SwufoZmheHw.en-orig.txt,222,1167,UNKNOWN,UNKNOWN
QIU7y0WBfgc,data/transcripts_recovered_research/QIU7y0WBfgc.hi.txt,222,977,UNKNOWN,UNKNOWN
8DMZ-pghVQM,data/transcripts_recovered_research/8DMZ-pghVQM.en.txt,222,1279,UN,POLICY_DISCOURSE
3jgTR6-g1Lo,data/transcripts_recovered_research/3jgTR6-g1Lo.en.txt,219,1256,UN,POLICY_DISCOURSE
zXhyG_rJdko,data/transcripts_recovered_research/zXhyG_rJdko.en.txt,218,1226,STATE,RITUAL_EVENT_STREAM
CaQwpE-D-uQ,data/transcripts_recovered_research/CaQwpE-D-uQ.hi.txt,217,998,UNKNOWN,UNKNOWN
rt_u26zF2-s,data/transcripts_recovered_research/rt_u26zF2-s.en.txt,216,1152,STATE,RITUAL_EVENT_STREAM
vesCA0lzuzA,data/transcripts_recovered_research/vesCA0lzuzA.hi.txt,211,1129,UNKNOWN,UNKNOWN
lviLklNIk2Q,data/transcripts_recovered_research/lviLklNIk2Q.hi.txt,210,1019,UNKNOWN,UNKNOWN
20_bSi-V888,data/transcripts_recovered_research/20_bSi-V888.hi.txt,210,1018,UNKNOWN,UNKNOWN
f3PH1cvX8sM,data/transcripts_recovered_research/f3PH1cvX8sM.en.txt,209,1113,UNKNOWN,UNKNOWN
hSPBcQJ4Tx8,data/transcripts_recovered_research/hSPBcQJ4Tx8.en.txt,208,1201,UNKNOWN,UNKNOWN
ECI11uKvmG4,data/transcripts_recovered_research/ECI11uKvmG4.en.txt,207,1145,STATE,RITUAL_EVENT_STREAM
FScktN86c9M,data/transcripts_recovered_research/FScktN86c9M.en.txt,207,1158,UN,POLICY_DISCOURSE
VsGPjzPndHc,data/transcripts_recovered_research/VsGPjzPndHc.hi.txt,207,909,UNKNOWN,UNKNOWN
v3j7ODYGd0s,data/transcripts_recovered_research/v3j7ODYGd0s.hi.txt,206,1058,UNKNOWN,UNKNOWN
SuZSLw-Pcw0,data/transcripts_recovered_research/SuZSLw-Pcw0.en.txt,204,1217,STATE,RITUAL_EVENT_STREAM
w-qMkgmWA4M,data/transcripts_recovered_research/w-qMkgmWA4M.en.txt,203,1174,UNKNOWN,UNKNOWN
DPtEb0p905k,data/transcripts_recovered_research/DPtEb0p905k.hi.txt,202,878,UNKNOWN,UNKNOWN
Hhu0XG8nyZw,data/transcripts/Hhu0XG8nyZw.txt,200,1867,UNKNOWN,UNKNOWN
vU8m8teYroQ,data/transcripts_recovered_research/vU8m8teYroQ.hi.txt,200,914,UNKNOWN,UNKNOWN
tptJW8Syu70,data/transcripts/tptJW8Syu70.txt,199,858,UNKNOWN,UNKNOWN
VHEbukPnpoU,data/transcripts/VHEbukPnpoU.txt,196,787,UNKNOWN,UNKNOWN
559cVTeWW9s,data/transcripts_recovered_research/559cVTeWW9s.en.txt,195,1185,STATE,RITUAL_EVENT_STREAM
KumH4WkJh0g,data/transcripts/KumH4WkJh0g.txt,195,1033,UNKNOWN,UNKNOWN
cFooVAkqFiU,data/transcripts_recovered_research/cFooVAkqFiU.en.txt,194,1045,STATE,RITUAL_EVENT_STREAM
LbrX6tZ0Ovg,data/transcripts/LbrX6tZ0Ovg.txt,193,821,UNKNOWN,UNKNOWN
I6qzKSOXUsM,data/transcripts_recovered_research/I6qzKSOXUsM.en.txt,192,1136,UNKNOWN,UNKNOWN
F0-FJsFNALg,data/transcripts/F0-FJsFNALg.txt,192,1081,UNKNOWN,UNKNOWN
HH6Dy5uoTCg,data/transcripts_recovered_research/HH6Dy5uoTCg.hi.txt,192,939,UNKNOWN,UNKNOWN
55JWQ0PyYVA,data/transcripts_recovered_research/55JWQ0PyYVA.hi.txt,192,895,UNKNOWN,UNKNOWN
6u8UCktloYQ,data/transcripts_recovered_research/6u8UCktloYQ.hi.txt,191,929,UNKNOWN,UNKNOWN
Q1LCTtFX_Fs,data/transcripts_recovered_research/Q1LCTtFX_Fs.hi.txt,191,1142,UNKNOWN,UNKNOWN
YLY5hrkQgWY,data/transcripts_recovered_research/YLY5hrkQgWY.hi.txt,189,935,UNKNOWN,UNKNOWN
riKrz4kinQM,data/transcripts_recovered_research/riKrz4kinQM.hi.txt,185,801,UNKNOWN,UNKNOWN
Fnm7zP9oKZc,data/transcripts_recovered_research/Fnm7zP9oKZc.en.txt,184,1080,UNKNOWN,UNKNOWN
DKkBGHhDQWk,data/transcripts/DKkBGHhDQWk.en.txt,182,1026,UNKNOWN,UNKNOWN
Sh4ElhPZvNo,data/transcripts_recovered_research/Sh4ElhPZvNo.hi.txt,182,882,UNKNOWN,UNKNOWN
JXXZD1BQqBY,data/transcripts_recovered_research/JXXZD1BQqBY.hi.txt,177,745,UNKNOWN,UNKNOWN
Ec5yaorLl-M,data/transcripts/Ec5yaorLl-M.en-orig.txt,177,993,UNKNOWN,UNKNOWN
MS4cYZRrCd0,data/transcripts_recovered_research/MS4cYZRrCd0.en.txt,177,901,UNKNOWN,UNKNOWN
TBxnBuUNiBE,data/transcripts_recovered_research/TBxnBuUNiBE.hi.txt,175,760,UNKNOWN,UNKNOWN
QQZ7e66-Vgk,data/transcripts_recovered_research/QQZ7e66-Vgk.hi.txt,175,888,UNKNOWN,UNKNOWN
WByunqNwPQU,data/transcripts/WByunqNwPQU.en.txt,174,904,UNKNOWN,UNKNOWN
KwuXXx_QTaE,data/transcripts_recovered_research/KwuXXx_QTaE.hi.txt,171,751,UNKNOWN,UNKNOWN
zkK_I-VW6wo,data/transcripts_recovered_research/zkK_I-VW6wo.hi.txt,171,788,UNKNOWN,UNKNOWN
d_PgNocg3z4,data/transcripts_recovered_research/d_PgNocg3z4.en.txt,171,854,UNKNOWN,UNKNOWN
P5on4xVU2eQ,data/transcripts_recovered_research/P5on4xVU2eQ.en.txt,168,862,UNKNOWN,UNKNOWN
DJEJTvb-xI8,data/transcripts_recovered_research/DJEJTvb-xI8.hi.txt,167,794,UNKNOWN,UNKNOWN
MAoKHa-fj0E,data/transcripts_recovered_research/MAoKHa-fj0E.hi.txt,164,765,UNKNOWN,UNKNOWN
bMY2KUyz330,data/transcripts_recovered_research/bMY2KUyz330.en.txt,162,877,STATE,RITUAL_EVENT_STREAM
kC8obfUPN1I,data/transcripts_recovered_research/kC8obfUPN1I.en.txt,157,841,STATE,RITUAL_EVENT_STREAM
GqQu2ZW-rUA,data/transcripts_recovered_research/GqQu2ZW-rUA.en.txt,156,945,STATE,RITUAL_EVENT_STREAM
Y7Ye51p2Fj4,data/transcripts_recovered_research/Y7Ye51p2Fj4.en.txt,156,910,UN,POLICY_DISCOURSE
N4cNi6c6qVw,data/transcripts_recovered_research/N4cNi6c6qVw.hi.txt,155,704,UNKNOWN,UNKNOWN
cpgmUSfA334,data/transcripts_recovered_research/cpgmUSfA334.en.txt,155,936,STATE,RITUAL_EVENT_STREAM
Qg9xS_09m9k,data/transcripts_recovered_research/Qg9xS_09m9k.en.txt,154,849,UNKNOWN,UNKNOWN
h6BWo6jsiLA,data/transcripts_recovered_research/h6BWo6jsiLA.hi.txt,150,704,UNKNOWN,UNKNOWN
ShS9Lelo9V8,data/transcripts_recovered_research/ShS9Lelo9V8.hi.txt,149,627,UNKNOWN,UNKNOWN
WDhvcUSkggo,data/transcripts_recovered_research/WDhvcUSkggo.en.txt,148,873,STATE,RITUAL_EVENT_STREAM
l7_7DjjjTw8,data/transcripts_recovered_research/l7_7DjjjTw8.en.txt,147,788,UNKNOWN,UNKNOWN
K-imIEL8f-A,data/transcripts/K-imIEL8f-A.en-orig.txt,146,902,UNKNOWN,UNKNOWN
y7ANpURzWsQ,data/transcripts_recovered_research/y7ANpURzWsQ.hi.txt,146,830,UNKNOWN,UNKNOWN
uxx6xQuwAuM,data/transcripts_recovered_research/uxx6xQuwAuM.en.txt,145,822,UNKNOWN,UNKNOWN
w00785UPnbw,data/transcripts_recovered_research/w00785UPnbw.hi.txt,145,905,UNKNOWN,UNKNOWN
3zACOxsxXsg,data/transcripts_recovered_research/3zACOxsxXsg.en.txt,145,849,STATE,RITUAL_EVENT_STREAM
y4tARqIzJis,data/transcripts_recovered_research/y4tARqIzJis.en.txt,143,879,UN,POLICY_DISCOURSE
Ofx6MXZZ6EE,data/transcripts/Ofx6MXZZ6EE.en.txt,143,777,UNKNOWN,UNKNOWN
Tc2elWuujqw,data/transcripts/Tc2elWuujqw.en-orig.txt,142,787,STATE,RITUAL_EVENT_STREAM
LrMK9WrQ3SU,data/transcripts_recovered_research/LrMK9WrQ3SU.en.txt,141,863,UNKNOWN,UNKNOWN
UHhXcXrHbFA,data/transcripts_recovered_research/UHhXcXrHbFA.mr.txt,140,1007,UNKNOWN,UNKNOWN
nQmVhIS8fJI,data/transcripts_recovered_research/nQmVhIS8fJI.hi.txt,139,656,UNKNOWN,UNKNOWN
WwaHfZiLoXk,data/transcripts_recovered_research/WwaHfZiLoXk.hi.txt,139,623,UNKNOWN,UNKNOWN
4ToNpt4dAMc,data/transcripts_recovered_research/4ToNpt4dAMc.kn.txt,139,923,UNKNOWN,UNKNOWN
549VedVn4gg,data/transcripts_recovered_research/549VedVn4gg.en.txt,137,758,UN,POLICY_DISCOURSE
HV93s9jRkdY,data/transcripts_recovered_research/HV93s9jRkdY.gu.txt,137,667,UNKNOWN,UNKNOWN
RZwNsXv-tWc,data/transcripts_recovered_research/RZwNsXv-tWc.en.txt,136,822,UNKNOWN,UNKNOWN
FJM8kEO2mPY,data/transcripts_recovered_research/FJM8kEO2mPY.en.txt,135,742,UNKNOWN,UNKNOWN
SFMN1XdD8_E,data/transcripts_recovered_research/SFMN1XdD8_E.hi.txt,135,612,UNKNOWN,UNKNOWN
8hUGNFsoGnA,data/transcripts_recovered_research/8hUGNFsoGnA.hi.txt,134,806,UNKNOWN,UNKNOWN
0wJKeCwiNTM,data/transcripts_recovered_research/0wJKeCwiNTM.hi.txt,134,610,UNKNOWN,UNKNOWN
RXRgRsoNRmk,data/transcripts_recovered_research/RXRgRsoNRmk.en.txt,133,781,STATE,RITUAL_EVENT_STREAM
HSYN-yVTbqI,data/transcripts_recovered_research/HSYN-yVTbqI.hi.txt,133,538,UNKNOWN,UNKNOWN
U9beCVRmpCc,data/transcripts_recovered_research/U9beCVRmpCc.kn.txt,133,937,UNKNOWN,UNKNOWN
HchEzNZRTY8,data/transcripts/HchEzNZRTY8.en-orig.txt,132,671,UNKNOWN,UNKNOWN
_W9uV2M5Lk4,data/transcripts/_W9uV2M5Lk4.en-orig.txt,132,764,UNKNOWN,UNKNOWN
g8MvYG7afaE,data/transcripts_recovered_research/g8MvYG7afaE.hi.txt,132,673,UNKNOWN,UNKNOWN
ILYKKso4dfE,data/transcripts_recovered_research/ILYKKso4dfE.en.txt,131,785,STATE,RITUAL_EVENT_STREAM
75BLUGP7kmE,data/transcripts_recovered_research/75BLUGP7kmE.en.txt,131,869,UNKNOWN,UNKNOWN
PMv5_AtWlzM,data/transcripts_recovered_research/PMv5_AtWlzM.hi.txt,130,594,UNKNOWN,UNKNOWN
hnjw5VT6Wvo,data/transcripts/hnjw5VT6Wvo.txt,129,694,UNKNOWN,UNKNOWN
6rjtuqh5o4Y,data/transcripts/6rjtuqh5o4Y.txt,128,718,STATE,RITUAL_EVENT_STREAM
QPsMAwSiZVk,data/transcripts_recovered_research/QPsMAwSiZVk.hi.txt,128,699,UNKNOWN,UNKNOWN
8PjqjxUvNOo,data/transcripts_recovered_research/8PjqjxUvNOo.en.txt,126,757,UNKNOWN,UNKNOWN
fys2jjfYeYw,data/transcripts/fys2jjfYeYw.en-orig.txt,126,653,UNKNOWN,UNKNOWN
Qy14dSLN-mA,data/transcripts_recovered_research/Qy14dSLN-mA.hi.txt,126,624,UNKNOWN,UNKNOWN
R1Tv4clN98s,data/transcripts_recovered_research/R1Tv4clN98s.hi.txt,124,648,UNKNOWN,UNKNOWN
0OCahmfR-do,data/transcripts_recovered_research/0OCahmfR-do.en.txt,123,701,UN,POLICY_DISCOURSE
O1R4HTgdC-A,data/transcripts/O1R4HTgdC-A.en-orig.txt,123,629,UNKNOWN,UNKNOWN
EHX1-Dj2IXM,data/transcripts_recovered_research/EHX1-Dj2IXM.en.txt,123,687,UNKNOWN,UNKNOWN
xteGOc87tV8,data/transcripts_recovered_research/xteGOc87tV8.en.txt,122,642,UNKNOWN,UNKNOWN
D9dBXNT0YA4,data/transcripts_recovered_research/D9dBXNT0YA4.en.txt,121,624,UNKNOWN,UNKNOWN
uQg6BrQaXOM,data/transcripts_recovered_research/uQg6BrQaXOM.hi.txt,120,590,UNKNOWN,UNKNOWN
LRHh5TvYyV0,data/transcripts_recovered_research/LRHh5TvYyV0.hi.txt,120,514,UNKNOWN,UNKNOWN
FTNLwfGOjuU,data/transcripts_recovered_research/FTNLwfGOjuU.hi.txt,120,561,UNKNOWN,UNKNOWN
jHyYaM2oe1E,data/transcripts_recovered_research/jHyYaM2oe1E.hi.txt,119,547,UNKNOWN,UNKNOWN
Vk6H0oT1n2U,data/transcripts/Vk6H0oT1n2U.en.txt,119,719,UNKNOWN,UNKNOWN
PNLcohhQTHo,data/transcripts_recovered_research/PNLcohhQTHo.en.txt,118,644,STATE,RITUAL_EVENT_STREAM
0LTozZKV7f8,data/transcripts/0LTozZKV7f8.en.txt,118,658,UNKNOWN,UNKNOWN
UwKuh0x56dM,data/transcripts/UwKuh0x56dM.en-orig.txt,117,617,UNKNOWN,UNKNOWN
acHlKJjhxBs,data/transcripts/acHlKJjhxBs.txt,117,774,UNKNOWN,UNKNOWN
OEBcG4-_SY4,data/transcripts/OEBcG4-_SY4.txt,115,552,UNKNOWN,UNKNOWN
ipitZ_o2ut4,data/transcripts/ipitZ_o2ut4.en.txt,112,626,UNKNOWN,UNKNOWN
NOK9-J_s3_8,data/transcripts_recovered_research/NOK9-J_s3_8.en.txt,111,620,UNKNOWN,UNKNOWN
dvwixpYQqpo,data/transcripts/dvwixpYQqpo.txt,111,623,UNKNOWN,UNKNOWN
Ctix1E-BF0s,data/transcripts_recovered_research/Ctix1E-BF0s.te.txt,109,849,UNKNOWN,UNKNOWN
bccEoJ0G6qE,data/transcripts_recovered_research/bccEoJ0G6qE.en.txt,108,697,STATE,RITUAL_EVENT_STREAM
OumubmGN4zo,data/transcripts_recovered_research/OumubmGN4zo.hi.txt,108,451,UNKNOWN,UNKNOWN
-_Zn3F279mM,data/transcripts_recovered_research/-_Zn3F279mM.en.txt,107,559,UNKNOWN,UNKNOWN
T4q-n5Sxt2Y,data/transcripts/T4q-n5Sxt2Y.en.txt,107,586,UNKNOWN,UNKNOWN
HSBwdaHZhx4,data/transcripts_recovered_research/HSBwdaHZhx4.en.txt,107,577,UNKNOWN,UNKNOWN
n6HfFdQvkws,data/transcripts/n6HfFdQvkws.txt,105,562,UNKNOWN,UNKNOWN
ZaA653fHNbI,data/transcripts_recovered_research/ZaA653fHNbI.en.txt,105,564,UNKNOWN,UNKNOWN
ZyL0KYXzLUk,data/transcripts_recovered_research/ZyL0KYXzLUk.hi.txt,105,536,UNKNOWN,UNKNOWN
JchDbzvsXAk,data/transcripts_recovered_research/JchDbzvsXAk.en.txt,103,617,UNKNOWN,UNKNOWN
0T_qOiw2Xuk,data/transcripts_recovered_research/0T_qOiw2Xuk.en.txt,103,604,STATE,RITUAL_EVENT_STREAM
ymymYY2d-Bs,data/transcripts/ymymYY2d-Bs.en-orig.txt,102,528,UNKNOWN,UNKNOWN
n3Zf6ga7ncU,data/transcripts_recovered_research/n3Zf6ga7ncU.en.txt,100,570,UNKNOWN,UNKNOWN
NyvUjHDa0JY,data/transcripts_recovered_research/NyvUjHDa0JY.ar.txt,99,569,UNKNOWN,UNKNOWN
deco9KHty04,data/transcripts_recovered_research/deco9KHty04.en.txt,99,626,UN,POLICY_DISCOURSE
PcRqCO_wOd4,data/transcripts_recovered_research/PcRqCO_wOd4.en.txt,99,671,UNKNOWN,UNKNOWN
2PWKPU4mp1Q,data/transcripts_recovered_research/2PWKPU4mp1Q.en.txt,98,506,UNKNOWN,UNKNOWN
AgBX2c7w7Ts,data/transcripts_recovered_research/AgBX2c7w7Ts.en.txt,96,535,UNKNOWN,UNKNOWN
cQd85Evi0ak,data/transcripts_recovered_research/cQd85Evi0ak.en.txt,96,513,UNKNOWN,UNKNOWN
h_3xhGmBEW0,data/transcripts_recovered_research/h_3xhGmBEW0.hi.txt,94,468,UNKNOWN,UNKNOWN
ARaE7X4CLoU,data/transcripts_recovered_research/ARaE7X4CLoU.en.txt,93,488,STATE,RITUAL_EVENT_STREAM
k2JHTLlqGuE,data/transcripts_recovered_research/k2JHTLlqGuE.en.txt,93,549,UNKNOWN,UNKNOWN
09AHHhQJPH4,data/transcripts/09AHHhQJPH4.txt,93,428,UNKNOWN,UNKNOWN
bJgAp7SRgMk,data/transcripts_recovered_research/bJgAp7SRgMk.en.txt,92,616,UNKNOWN,UNKNOWN
FMKB_BVupYA,data/transcripts_recovered_research/FMKB_BVupYA.hi.txt,92,385,UNKNOWN,UNKNOWN
Ke39MCav5Hs,data/transcripts_recovered_research/Ke39MCav5Hs.hi.txt,90,467,UNKNOWN,UNKNOWN
XjzM546PQ6E,data/transcripts_recovered_research/XjzM546PQ6E.ro.txt,89,558,UNKNOWN,UNKNOWN
UqFEcKCGCRI,data/transcripts_recovered_research/UqFEcKCGCRI.en.txt,88,446,UNKNOWN,UNKNOWN
W8eP9ZZqofU,data/transcripts_recovered_research/W8eP9ZZqofU.ml.txt,86,532,UNKNOWN,UNKNOWN
s7Mw13LujzE,data/transcripts_recovered_research/s7Mw13LujzE.hi.txt,85,387,UNKNOWN,UNKNOWN
NTpkt3ylNmE,data/transcripts/NTpkt3ylNmE.txt,84,429,UNKNOWN,UNKNOWN
lnnW0UvLkjw,data/transcripts_recovered_research/lnnW0UvLkjw.hi.txt,82,386,UNKNOWN,UNKNOWN
K00r2GsUhic,data/transcripts_recovered_research/K00r2GsUhic.en.txt,82,525,UNKNOWN,UNKNOWN
WEjHA0rWaJ4,data/transcripts_recovered_research/WEjHA0rWaJ4.hi.txt,81,386,UNKNOWN,UNKNOWN
FNdSkS0tTCQ,data/transcripts_recovered_research/FNdSkS0tTCQ.en.txt,81,442,UNKNOWN,UNKNOWN
Is43iSzaa4I,data/transcripts_recovered_research/Is43iSzaa4I.hi.txt,81,394,UNKNOWN,UNKNOWN
GYpgTh6Fp1E,data/transcripts/GYpgTh6Fp1E.en.txt,80,441,UNKNOWN,UNKNOWN
yU_V9zgUo-k,data/transcripts_recovered_research/yU_V9zgUo-k.nl.txt,79,391,UNKNOWN,UNKNOWN
ULYfXTvQRgw,data/transcripts/ULYfXTvQRgw.en-orig.txt,78,438,STATE,RITUAL_EVENT_STREAM
AWTD4P1OBJI,data/transcripts_recovered_research/AWTD4P1OBJI.hi.txt,78,369,UNKNOWN,UNKNOWN
UJPAHpPTt1Y,data/transcripts_recovered_research/UJPAHpPTt1Y.hi.txt,77,430,UNKNOWN,UNKNOWN
pN4Wv_8DDT0,data/transcripts_recovered_research/pN4Wv_8DDT0.hi.txt,76,420,UNKNOWN,UNKNOWN
dW9UwLVjvak,data/transcripts_recovered_research/dW9UwLVjvak.nl.txt,74,418,UNKNOWN,UNKNOWN
oUjU4PSdpGY,data/transcripts/oUjU4PSdpGY.en.txt,72,350,UNKNOWN,UNKNOWN
JxVCCHqc72E,data/transcripts_recovered_research/JxVCCHqc72E.en.txt,72,422,UNKNOWN,UNKNOWN
LlIcW_A5eaM,data/transcripts_recovered_research/LlIcW_A5eaM.en.txt,71,388,UNKNOWN,UNKNOWN
UxnQCbsBc2c,data/transcripts_recovered_research/UxnQCbsBc2c.hi.txt,68,306,UNKNOWN,UNKNOWN
L_GxgYRVSTs,data/transcripts/L_GxgYRVSTs.en.txt,63,402,UNKNOWN,UNKNOWN
WnpukzPVEqk,data/transcripts_recovered_research/WnpukzPVEqk.hi.txt,63,263,UNKNOWN,UNKNOWN
uVvfdG6YyZE,data/transcripts_recovered_research/uVvfdG6YyZE.en.txt,63,357,UNKNOWN,UNKNOWN
Z4diFKcv3gE,data/transcripts_recovered_research/Z4diFKcv3gE.hi.txt,60,264,UNKNOWN,UNKNOWN
BrTzLPa_GkA,data/transcripts_recovered_research/BrTzLPa_GkA.hi.txt,60,354,UNKNOWN,UNKNOWN
qQYRdiv6Uzc,data/transcripts_recovered_research/qQYRdiv6Uzc.hi.txt,59,276,UNKNOWN,UNKNOWN
VXxv1V4_7qg,data/transcripts_recovered_research/VXxv1V4_7qg.hi.txt,58,244,UNKNOWN,UNKNOWN
rP98Wu7-YM4,data/transcripts_recovered_research/rP98Wu7-YM4.en.txt,56,344,UNKNOWN,UNKNOWN
GN1cZhfmRZE,data/transcripts/GN1cZhfmRZE.en.txt,55,289,UNKNOWN,UNKNOWN
VuWWSufO4as,data/transcripts_recovered_research/VuWWSufO4as.hi.txt,55,326,UNKNOWN,UNKNOWN
mZVIoVj-L4A,data/transcripts/mZVIoVj-L4A.en-orig.txt,53,279,UNKNOWN,UNKNOWN
QVr_291uyG8,data/transcripts_recovered_research/QVr_291uyG8.en.txt,52,298,UNKNOWN,UNKNOWN
3DbBA1BTAM4,data/transcripts_recovered_research/3DbBA1BTAM4.en.txt,52,294,UNKNOWN,UNKNOWN
HLo1lepnzGc,data/transcripts_recovered_research/HLo1lepnzGc.en.txt,51,298,UNKNOWN,UNKNOWN
ZelH0Jywa5Q,data/transcripts_recovered_research/ZelH0Jywa5Q.en.txt,51,332,UNKNOWN,UNKNOWN
Ak0uTdv5kEo,data/transcripts_recovered_research/Ak0uTdv5kEo.hi.txt,50,210,UNKNOWN,UNKNOWN
2kKVITRbaD4,data/transcripts_recovered_research/2kKVITRbaD4.en.txt,48,330,UNKNOWN,UNKNOWN
9JF7XB--NfY,data/transcripts_recovered_research/9JF7XB--NfY.en.txt,47,286,STATE,RITUAL_EVENT_STREAM
xVg2c3gOQFY,data/transcripts_recovered_research/xVg2c3gOQFY.en.txt,46,262,UNKNOWN,UNKNOWN
UInzQ1ZCR0E,data/transcripts_recovered_research/UInzQ1ZCR0E.en.txt,45,258,UNKNOWN,UNKNOWN
tFXn_fCk0Hw,data/transcripts_recovered_research/tFXn_fCk0Hw.hi.txt,45,228,UNKNOWN,UNKNOWN
RGsBun5NKJw,data/transcripts/RGsBun5NKJw.en-orig.txt,43,244,UNKNOWN,UNKNOWN
GQPYZ2pMPAo,data/transcripts/GQPYZ2pMPAo.en.txt,43,135,UNKNOWN,UNKNOWN
atUqSETYmmo,data/transcripts_recovered_research/atUqSETYmmo.en.txt,42,250,UNKNOWN,UNKNOWN
Wl1FCBaqLWk,data/transcripts_recovered_research/Wl1FCBaqLWk.hi.txt,41,199,UNKNOWN,UNKNOWN
GlkYMhn_IyY,data/transcripts_recovered_research/GlkYMhn_IyY.en.txt,40,210,UNKNOWN,UNKNOWN
ozzlSxcDp6o,data/transcripts_recovered_research/ozzlSxcDp6o.kn.txt,40,304,UNKNOWN,UNKNOWN
uZLjeYZS9Ng,data/transcripts_recovered_research/uZLjeYZS9Ng.hi.txt,39,205,UNKNOWN,UNKNOWN
JmBgTeRirG8,data/transcripts_recovered_research/JmBgTeRirG8.kn.txt,38,328,UNKNOWN,UNKNOWN
Kq6KSPBrf3g,data/transcripts_recovered_research/Kq6KSPBrf3g.en.txt,38,250,UNKNOWN,UNKNOWN
Uk2MNaV2cW8,data/transcripts_recovered_research/Uk2MNaV2cW8.my.txt,34,2759,UNKNOWN,UNKNOWN
__cd-Hi0gnQ,data/transcripts_recovered_research/__cd-Hi0gnQ.mr.txt,34,240,UNKNOWN,UNKNOWN
69w_iBdREDA,data/transcripts_recovered_research/69w_iBdREDA.en.txt,32,200,UNKNOWN,UNKNOWN
GzkKnhOvqiM,data/transcripts_recovered_research/GzkKnhOvqiM.en.txt,29,171,PHILOSOPHICAL_INDIVIDUAL,PHILOSOPHICAL_EXPOSITION
JD1wlHhzQyE,data/transcripts/JD1wlHhzQyE.en.txt,28,102,UNKNOWN,UNKNOWN
U8Xap8TH2kM,data/transcripts_recovered_research/U8Xap8TH2kM.en.txt,27,158,UNKNOWN,UNKNOWN
ZFuazWOx7eQ,data/transcripts/ZFuazWOx7eQ.en.txt,27,170,UNKNOWN,UNKNOWN
CJ35YXZ2z78,data/transcripts_recovered_research/CJ35YXZ2z78.hi.txt,26,174,UNKNOWN,UNKNOWN
OcKTF01z-JM,data/transcripts_recovered_research/OcKTF01z-JM.es.txt,25,163,UNKNOWN,UNKNOWN
i0SD-sKy5VM,data/transcripts_recovered_research/i0SD-sKy5VM.en.txt,24,203,UNKNOWN,UNKNOWN
QlpDBRtZX8o,data/transcripts_recovered_research/QlpDBRtZX8o.en.txt,24,145,UNKNOWN,UNKNOWN
DMcqcYaidyw,data/transcripts_recovered_research/DMcqcYaidyw.ta.txt,23,153,UNKNOWN,UNKNOWN
7QsGyBDLrmg,data/transcripts/7QsGyBDLrmg.txt,23,178,UNKNOWN,UNKNOWN
S0bIJVsW6kg,data/transcripts_recovered_research/S0bIJVsW6kg.en.txt,23,151,UNKNOWN,UNKNOWN
_8IpP4tZP4k,data/transcripts_recovered_research/_8IpP4tZP4k.ru.txt,22,179,UNKNOWN,UNKNOWN
1hxz_M2JSsI,data/transcripts_recovered_research/1hxz_M2JSsI.en.txt,22,154,UNKNOWN,UNKNOWN
hiYhJtcB1eg,data/transcripts_recovered_research/hiYhJtcB1eg.en.txt,21,136,UNKNOWN,UNKNOWN
fsWitGfWyHI,data/transcripts_recovered_research/fsWitGfWyHI.fil.txt,21,145,UNKNOWN,UNKNOWN
7juBq6m1U2o,data/transcripts/7juBq6m1U2o.en.txt,21,150,UNKNOWN,UNKNOWN
5CcU1NqVTtc,data/transcripts_recovered_research/5CcU1NqVTtc.hi.txt,20,88,UNKNOWN,UNKNOWN
nYEYlAKv-d0,data/transcripts/nYEYlAKv-d0.en.txt,19,156,UNKNOWN,UNKNOWN
Ymi8Cov8hg0,data/transcripts_recovered_research/Ymi8Cov8hg0.en.txt,19,118,UNKNOWN,UNKNOWN
Bf97RqytioI,data/transcripts_recovered_research/Bf97RqytioI.en.txt,19,134,UNKNOWN,UNKNOWN
aIuo_SLGMVc,data/transcripts_recovered_research/aIuo_SLGMVc.kn.txt,19,132,UNKNOWN,UNKNOWN
gpXdaM7_P6U,data/transcripts/gpXdaM7_P6U.en-orig.txt,18,121,UNKNOWN,UNKNOWN
GYBNtNIqEvM,data/transcripts_recovered_research/GYBNtNIqEvM.hi.txt,17,103,UNKNOWN,UNKNOWN
390e4OYx1i4,data/transcripts_recovered_research/390e4OYx1i4.en.txt,16,105,UNKNOWN,UNKNOWN
qyUybl8AFCA,data/transcripts_recovered_research/qyUybl8AFCA.en.txt,16,131,UNKNOWN,UNKNOWN
MniPdncacTM,data/transcripts/MniPdncacTM.en.txt,16,112,UNKNOWN,UNKNOWN
vL9Ps7YIssE,data/transcripts_recovered_research/vL9Ps7YIssE.kn.txt,15,99,UNKNOWN,UNKNOWN
vwaWGxG-J9k,data/transcripts_recovered_research/vwaWGxG-J9k.hi.txt,15,95,UNKNOWN,UNKNOWN
keKQxTcz74I,data/transcripts_recovered_research/keKQxTcz74I.en.txt,15,102,UNKNOWN,UNKNOWN
_czzoFZX0hE,data/transcripts_recovered_research/_czzoFZX0hE.fil.txt,15,142,UNKNOWN,UNKNOWN
9puS4NcoHQ4,data/transcripts_recovered_research/9puS4NcoHQ4.en.txt,14,98,UNKNOWN,UNKNOWN
gZi7H-scLCA,data/transcripts_recovered_research/gZi7H-scLCA.hi.txt,14,61,UNKNOWN,UNKNOWN
kf5vQsizv4Q,data/transcripts/kf5vQsizv4Q.en.txt,14,102,UNKNOWN,UNKNOWN
sR2S1gh9s30,data/transcripts_recovered_research/sR2S1gh9s30.en.txt,13,91,UNKNOWN,UNKNOWN
N2hINf9f0Fw,data/transcripts/N2hINf9f0Fw.en-orig.txt,13,79,UNKNOWN,UNKNOWN
sm6QLZDPFyk,data/transcripts_recovered_research/sm6QLZDPFyk.hi.txt,13,56,UNKNOWN,UNKNOWN
znt2Wu6eXm0,data/transcripts/znt2Wu6eXm0.en.txt,12,73,UNKNOWN,UNKNOWN
H9bF0cVhU4Q,data/transcripts_recovered_research/H9bF0cVhU4Q.hi.txt,12,54,UNKNOWN,UNKNOWN
x_xKEKJrVXo,data/transcripts_recovered_research/x_xKEKJrVXo.en.txt,12,59,UNKNOWN,UNKNOWN
xOQ1qzDTq0o,data/transcripts_recovered_research/xOQ1qzDTq0o.en.txt,11,67,UNKNOWN,UNKNOWN
zSLdcsEe94g,data/transcripts_recovered_research/zSLdcsEe94g.en.txt,11,56,UNKNOWN,UNKNOWN
GpWHLMVk0xU,data/transcripts_recovered_research/GpWHLMVk0xU.en.txt,10,73,UNKNOWN,UNKNOWN
VKqzSv509xk,data/transcripts_recovered_research/VKqzSv509xk.en.txt,10,67,UNKNOWN,UNKNOWN
ZPvjYdERaEI,data/transcripts_recovered_research/ZPvjYdERaEI.hi.txt,10,73,UNKNOWN,UNKNOWN
iQel86HoW9M,data/transcripts_recovered_research/iQel86HoW9M.en.txt,9,70,UNKNOWN,UNKNOWN
X7C8INDnWh0,data/transcripts/X7C8INDnWh0.en.txt,8,45,UNKNOWN,UNKNOWN
WxdR0Vmm8QA,data/transcripts/WxdR0Vmm8QA.en.txt,8,59,UNKNOWN,UNKNOWN
X-AEzhkysCg,data/transcripts/X-AEzhkysCg.en-orig.txt,8,65,UNKNOWN,UNKNOWN
w9wacV68ScE,data/transcripts/w9wacV68ScE.en.txt,8,59,UNKNOWN,UNKNOWN
hDRgMd6DmIo,data/transcripts/hDRgMd6DmIo.en-orig.txt,8,53,UNKNOWN,UNKNOWN
E4CYCnXnhrk,data/transcripts_recovered_research/E4CYCnXnhrk.ar.txt,8,70,UNKNOWN,UNKNOWN
vpVp1XsRpco,data/transcripts_recovered_research/vpVp1XsRpco.en.txt,8,47,UNKNOWN,UNKNOWN
PoHxH7BWxig,data/transcripts/PoHxH7BWxig.en-orig.txt,7,45,UNKNOWN,UNKNOWN
nvvUpRFYpZk,data/transcripts_recovered_research/nvvUpRFYpZk.en.txt,7,51,UNKNOWN,UNKNOWN
KvdAWtb4mVE,data/transcripts_recovered_research/KvdAWtb4mVE.en.txt,6,38,UNKNOWN,UNKNOWN
tv95dQ14_Ic,data/transcripts/tv95dQ14_Ic.en.txt,6,44,UNKNOWN,UNKNOWN
bLV-SO_FDbA,data/transcripts/bLV-SO_FDbA.en.txt,6,43,UNKNOWN,UNKNOWN
qmdbYk9dlpk,data/transcripts/qmdbYk9dlpk.en.txt,6,43,UNKNOWN,UNKNOWN
GyQy3n4g-00,data/transcripts_recovered_research/GyQy3n4g-00.hi.txt,6,37,UNKNOWN,UNKNOWN
k1o-qz6eCik,data/transcripts_recovered_research/k1o-qz6eCik.fr.txt,6,51,UNKNOWN,UNKNOWN
8JU0npV6xTc,data/transcripts/8JU0npV6xTc.en-orig.txt,6,43,UNKNOWN,UNKNOWN
RehqLdUGJlg,data/transcripts_recovered_research/RehqLdUGJlg.en.txt,6,47,UNKNOWN,UNKNOWN
2bLkp7yodN8,data/transcripts/2bLkp7yodN8.en-orig.txt,5,35,UNKNOWN,UNKNOWN
uz5raB6x-vU,data/transcripts/uz5raB6x-vU.en-orig.txt,5,31,UNKNOWN,UNKNOWN
JB-0zDl0UpQ,data/transcripts_recovered_research/JB-0zDl0UpQ.en.txt,5,30,UNKNOWN,UNKNOWN
aBw1tuS36HY,data/transcripts_recovered_research/aBw1tuS36HY.en.txt,4,22,UNKNOWN,UNKNOWN
6u_xoU2AOdo,data/transcripts_recovered_research/6u_xoU2AOdo.en.txt,4,25,UNKNOWN,UNKNOWN
rAJU5AsaTcc,data/transcripts_recovered_research/rAJU5AsaTcc.en.txt,4,25,UNKNOWN,UNKNOWN
3siCZ0OOmKw,data/transcripts_recovered_research/3siCZ0OOmKw.en.txt,3,16,UNKNOWN,UNKNOWN
ISft6hv2hZE,data/transcripts_recovered_research/ISft6hv2hZE.hi.txt,3,18,UNKNOWN,UNKNOWN
dGKd7pdpdJ0,data/transcripts_recovered_research/dGKd7pdpdJ0.ko.txt,3,23,UNKNOWN,UNKNOWN
np32NBA0XiU,data/transcripts_recovered_research/np32NBA0XiU.hi.txt,3,17,UNKNOWN,UNKNOWN
3PKwdy_7Ttg,data/transcripts_recovered_research/3PKwdy_7Ttg.id.txt,3,10,UNKNOWN,UNKNOWN
eUfaQnDrZxQ,data/transcripts_recovered_research/eUfaQnDrZxQ.ja.txt,2,6,UNKNOWN,UNKNOWN
btBM0lRRwlQ,data/transcripts_recovered_research/btBM0lRRwlQ.en.txt,2,11,UNKNOWN,UNKNOWN
50Qf3kJDUeE,data/transcripts_recovered_research/50Qf3kJDUeE.en.txt,2,15,UNKNOWN,UNKNOWN
IurZMHfUmsM,data/transcripts_recovered_research/IurZMHfUmsM.en.txt,1,4,UNKNOWN,UNKNOWN
rn1Fsc4_x5o,data/transcripts_recovered_research/rn1Fsc4_x5o.hi.txt,1,2,UNKNOWN,UNKNOWN
mtE7UXC5mKo,data/transcripts_recovered_research/mtE7UXC5mKo.en.txt,1,4,UNKNOWN,UNKNOWN
