video_id,in_phase2,in_v1,has_transcript,status
-1eIiYUBnNY,False,True,True,legacy_only_with_transcript
-4zfwCjtwQo,True,False,False,phase2_missing_transcript
-8kiR-YOgsY,True,False,False,phase2_missing_transcript
-BJSDdD4mTw,False,True,False,legacy_only
-Bvnlu8VQu4,False,True,False,legacy_only
-DrjPSadlrw,True,False,False,phase2_missing_transcript
-FeH77DSJTk,False,True,False,legacy_only
-GLlPK6NuhA,False,True,False,legacy_only
-L75Y1gO1a8,False,True,False,legacy_only
-LmL6cKFOFE,False,True,False,legacy_only
-NUUwmholow,False,True,True,legacy_only_with_transcript
-NghXPxXi-M,True,False,False,phase2_missing_transcript
-WmXnO98QYs,True,False,False,phase2_missing_transcript
-ZxrdlQe_78,True,False,False,phase2_missing_transcript
-_Zn3F279mM,True,False,False,phase2_missing_transcript
-asdhNHzVTU,True,False,False,phase2_missing_transcript
-cS3YaCShng,False,True,True,legacy_only_with_transcript
-fA6BrCVZZA,False,True,True,legacy_only_with_transcript
-nhi-zvx3ms,False,True,True,legacy_only_with_transcript
-pOwf3m8HBE,True,False,False,phase2_missing_transcript
-qBsODoJEPU,True,False,False,phase2_missing_transcript
-rR2AxYZD6c,False,True,True,legacy_only_with_transcript
-uHVd3P41SY,False,True,False,legacy_only
-uUZHLjVqOs,False,True,False,legacy_only
02u0sbxZMuE,True,False,False,phase2_missing_transcript
07DNOoKEE4w,False,True,False,legacy_only
09AHHhQJPH4,False,True,True,legacy_only_with_transcript
0ATwmzKsHts,True,False,False,phase2_missing_transcript
0IuzVXWDTy0,False,True,False,legacy_only
0LTozZKV7f8,False,True,True,legacy_only_with_transcript
0Ngo81oHEp4,False,True,False,legacy_only
0OCahmfR-do,True,False,False,phase2_missing_transcript
0Of66fxq4FI,False,True,True,legacy_only_with_transcript
0QWti9FMcgs,False,True,True,legacy_only_with_transcript
0T_qOiw2Xuk,True,False,False,phase2_missing_transcript
0UYfOSQnfw4,False,True,False,legacy_only
0Uxhco6qwFo,True,False,False,phase2_missing_transcript
0XoCpPXlV4w,True,False,False,phase2_missing_transcript
0_LsEX9HOjE,True,False,False,phase2_missing_transcript
0cqHIobg34w,False,True,False,legacy_only
0czz-i929eg,False,True,False,legacy_only
0dhPayseW-A,False,True,False,legacy_only
0kvgZGlb1n4,False,True,False,legacy_only
0neaOfzxy3Y,False,True,True,legacy_only_with_transcript
0sbRipuelcc,False,True,False,legacy_only
0wJKeCwiNTM,True,False,False,phase2_missing_transcript
0xBMWCpm-ZY,True,False,False,phase2_missing_transcript
0xD29uC3Pow,False,True,True,legacy_only_with_transcript
12r5J6PNQ7s,True,False,False,phase2_missing_transcript
14z7QKI0f6s,False,True,True,legacy_only_with_transcript
18JmunPiPgg,False,True,False,legacy_only
1MrNuZAVkHo,False,True,False,legacy_only
1NcXFB8lQmo,False,True,True,legacy_only_with_transcript
1W5pKg3bbss,True,False,False,phase2_missing_transcript
1agUOx059xg,False,True,False,legacy_only
1ekReECA7t4,False,True,False,legacy_only
1hxz_M2JSsI,True,False,False,phase2_missing_transcript
1kEjSd8i7Wc,False,True,True,legacy_only_with_transcript
1qT4xNS0Ws8,False,True,True,legacy_only_with_transcript
1ty14HEfW-8,False,True,False,legacy_only
1wnw61qUBlM,False,True,False,legacy_only
1zVKdQSlARc,False,True,False,legacy_only
2088EJFs5fQ,True,False,False,phase2_missing_transcript
20Fn-9Yrf6Y,True,False,False,phase2_missing_transcript
20_bSi-V888,True,False,False,phase2_missing_transcript
24OcYjeKAZo,True,False,False,phase2_missing_transcript
27RPeMZIi3Y,False,True,True,legacy_only_with_transcript
2JVFSCquwZo,False,True,True,legacy_only_with_transcript
2MaMz6lQRpk,False,True,False,legacy_only
2OLbM7r4-Qs,False,True,False,legacy_only
2PWKPU4mp1Q,True,False,False,phase2_missing_transcript
2ZYvUAqRYcA,True,False,False,phase2_missing_transcript
2bLkp7yodN8,False,True,True,legacy_only_with_transcript
2e_pszlUvOs,True,False,False,phase2_missing_transcript
2kKVITRbaD4,True,False,False,phase2_missing_transcript
2m6v_njz3bo,True,False,False,phase2_missing_transcript
2n0QnHGn6K4,True,False,False,phase2_missing_transcript
2oT23PVUDnA,False,True,True,legacy_only_with_transcript
2oz1SLBknQU,False,True,False,legacy_only
2pEUxdJxm3U,True,False,False,phase2_missing_transcript
2t7ODAaZeFY,True,False,False,phase2_missing_transcript
2tD0eInukHI,False,True,False,legacy_only
2w-hnpJLI0g,True,False,False,phase2_missing_transcript
2yuNk2FmoIc,False,True,False,legacy_only
3-4dvMSYSis,True,False,False,phase2_missing_transcript
30QDbjhzBaI,True,False,False,phase2_missing_transcript
30unmx881Ag,True,False,False,phase2_missing_transcript
32R2UVxQux4,False,True,True,legacy_only_with_transcript
36xqP8jPIHU,False,True,False,legacy_only
38OJ5YUWgDE,True,False,False,phase2_missing_transcript
390e4OYx1i4,True,False,False,phase2_missing_transcript
3BnCwqQzqyM,False,True,False,legacy_only
3DbBA1BTAM4,True,False,False,phase2_missing_transcript
3JyMF3udQOw,False,True,False,legacy_only
3LxK-TiifzQ,True,False,False,phase2_missing_transcript
3Mp8RUeMiqg,False,True,False,legacy_only
3PKwdy_7Ttg,True,False,False,phase2_missing_transcript
3Q-SJNzS6Mg,False,True,True,legacy_only_with_transcript
3RIrHb19anM,False,True,True,legacy_only_with_transcript
3RbECWePYOY,False,True,False,legacy_only
3TGrzrk6wmc,False,True,False,legacy_only
3Zxau2GDvxk,False,True,False,legacy_only
3cea1qcbIIs,False,True,True,legacy_only_with_transcript
3eKZF98ixLk,True,False,False,phase2_missing_transcript
3g20nGVSXbk,False,True,False,legacy_only
3iZ5WMvDy_4,True,False,False,phase2_missing_transcript
3jgTR6-g1Lo,True,False,False,phase2_missing_transcript
3sL2b4YBmWQ,False,True,False,legacy_only
3siCZ0OOmKw,True,False,False,phase2_missing_transcript
3u156-yCTbU,False,True,True,legacy_only_with_transcript
3yIm1AuHS1A,False,True,False,legacy_only
3zACOxsxXsg,True,False,False,phase2_missing_transcript
42CTaoL6nro,False,True,False,legacy_only
42a7bYUS4HI,False,True,True,legacy_only_with_transcript
44PPtRBjkuE,True,False,False,phase2_missing_transcript
4BQzpBGPHvo,False,True,False,legacy_only
4Cob6uu3pww,False,True,True,legacy_only_with_transcript
4HN--v2kpz0,True,False,False,phase2_missing_transcript
4HdETZiiTyA,True,False,False,phase2_missing_transcript
4ToNpt4dAMc,True,False,False,phase2_missing_transcript
4Tq_Q3NBE7w,True,False,False,phase2_missing_transcript
4a9GieNT4Z8,False,True,True,legacy_only_with_transcript
4cMhh-ZPxkU,True,False,False,phase2_missing_transcript
4g0kkebBowM,True,False,False,phase2_missing_transcript
4iCvX3DfXVc,True,False,False,phase2_missing_transcript
4le2T-Ww-Iw,False,True,True,legacy_only_with_transcript
4nDCyJx-uPA,False,True,True,legacy_only_with_transcript
4qSSo747st4,True,False,False,phase2_missing_transcript
4vTJHUDB5ak,False,True,True,legacy_only_with_transcript
4xQ2r9F136Q,False,True,False,legacy_only
50-JGhlKEBs,False,True,False,legacy_only
50Qf3kJDUeE,True,False,False,phase2_missing_transcript
52rs7XGbJvc,True,False,False,phase2_missing_transcript
549VedVn4gg,True,False,False,phase2_missing_transcript
559cVTeWW9s,True,False,False,phase2_missing_transcript
55JWQ0PyYVA,True,False,False,phase2_missing_transcript
5CcU1NqVTtc,True,False,False,phase2_missing_transcript
5GoAk6ic1Qc,False,True,False,legacy_only
5HxJ-DOJGV0,True,False,False,phase2_missing_transcript
5MVOvOpQYOw,True,False,False,phase2_missing_transcript
5N24-_8xXQo,True,False,False,phase2_missing_transcript
5R1yX_2iFbM,False,True,True,legacy_only_with_transcript
5RE5DlLU-4g,False,True,True,legacy_only_with_transcript
5VxNeA_b3No,False,True,False,legacy_only
5YZZIWWcFKw,False,True,False,legacy_only
5g7uu6FdDOs,False,True,False,legacy_only
5km6G8cZNgI,False,True,False,legacy_only
5ktDera3TZM,False,True,False,legacy_only
5oS0wVx9KAw,True,False,False,phase2_missing_transcript
5y4R_Nmhb9E,False,True,False,legacy_only
5zV7Wb_cKCk,True,False,False,phase2_missing_transcript
60MZYloKTdU,True,False,False,phase2_missing_transcript
6420iwF_cdM,False,True,False,legacy_only
67TL2nk8bcI,False,True,True,legacy_only_with_transcript
68c5t5qGytY,False,True,True,legacy_only_with_transcript
69w_iBdREDA,True,False,False,phase2_missing_transcript
6AK0fkhCjO4,True,False,False,phase2_missing_transcript
6Ab0gUuhs4w,True,False,False,phase2_missing_transcript
6FwxB6X-WWE,False,True,False,legacy_only
6Kh3-21dACQ,False,True,False,legacy_only
6LNRlqp86yM,True,False,False,phase2_missing_transcript
6M0tonInnPo,True,False,False,phase2_missing_transcript
6Q2VsWvIFrg,True,False,False,phase2_missing_transcript
6RcHuAr8s70,False,True,True,legacy_only_with_transcript
6UOIkxAUvyE,True,False,False,phase2_missing_transcript
6WjueVfA_i8,True,False,False,phase2_missing_transcript
6WtvdIBrW8c,True,False,False,phase2_missing_transcript
6YPmSaTu468,True,False,False,phase2_missing_transcript
6eA9lbIaVY4,False,True,False,legacy_only
6knnQMr_FPg,True,False,False,phase2_missing_transcript
6lI7fXRyAf8,False,True,False,legacy_only
6qYYbjmn6LM,True,False,False,phase2_missing_transcript
6rjtuqh5o4Y,False,True,True,legacy_only_with_transcript
6sga3rGtAx0,True,False,False,phase2_missing_transcript
6tCRnISpRVo,False,True,True,legacy_only_with_transcript
6u2Az-WuzVA,True,False,False,phase2_missing_transcript
6u8UCktloYQ,True,False,False,phase2_missing_transcript
6u_xoU2AOdo,True,False,False,phase2_missing_transcript
6wCIFVLibfc,True,False,False,phase2_missing_transcript
6wzTFxhzcEI,False,True,False,legacy_only
6z4gFHnMa2Q,False,True,True,legacy_only_with_transcript
71f-qB4FG2o,False,True,True,legacy_only_with_transcript
75BLUGP7kmE,True,False,False,phase2_missing_transcript
76pKrIr7FlM,False,True,True,legacy_only_with_transcript
7BJ-YJ6qcIo,True,False,False,phase2_missing_transcript
7D2yQHi2Z-U,True,False,False,phase2_missing_transcript
7D5yi_NusTA,False,True,False,legacy_only
7F4ICws26p4,False,True,True,legacy_only_with_transcript
7IyYtxdDqJw,False,True,False,legacy_only
7LbZr8jLUfQ,False,True,False,legacy_only
7QsGyBDLrmg,False,True,True,legacy_only_with_transcript
7Va1b0AOSsg,True,False,False,phase2_missing_transcript
7WPQ2ekm7ZM,False,True,True,legacy_only_with_transcript
7WvD7SjVpUo,False,True,False,legacy_only
7ZNRXFCwYvE,True,False,False,phase2_missing_transcript
7ZaCm7PfUNs,False,True,True,legacy_only_with_transcript
7axw1ORZhV8,True,False,False,phase2_missing_transcript
7ct8NzdAUYg,False,True,False,legacy_only
7e85JPQaWCw,True,False,False,phase2_missing_transcript
7eKq79x4Yjs,True,False,False,phase2_missing_transcript
7gZ2hpcA-E0,True,False,False,phase2_missing_transcript
7jc1TMMnEbM,True,False,False,phase2_missing_transcript
7juBq6m1U2o,False,True,True,legacy_only_with_transcript
7m3OeZTJttc,True,False,False,phase2_missing_transcript
7nWJrh6-umI,False,True,True,legacy_only_with_transcript
7s3xDgn8SYQ,False,True,False,legacy_only
7v0PIHCXlUU,True,False,False,phase2_missing_transcript
7xmbgFU0d3M,False,True,False,legacy_only
7zGVGDZPxxA,False,True,True,legacy_only_with_transcript
81J_pa88Mi4,True,False,False,phase2_missing_transcript
83Lo9_W28rU,False,True,False,legacy_only
86ktQPDvOMs,False,True,False,legacy_only
88KWHnt06H8,False,True,False,legacy_only
89kjQvozC7U,False,True,False,legacy_only
8BplbqsU2sU,True,False,False,phase2_missing_transcript
8DMZ-pghVQM,True,False,False,phase2_missing_transcript
8DeiE-23e38,True,False,False,phase2_missing_transcript
8JU0npV6xTc,False,True,True,legacy_only_with_transcript
8M2mJTSxnWM,False,True,True,legacy_only_with_transcript
8N6H3VpEqxA,False,True,False,legacy_only
8PjqjxUvNOo,True,False,False,phase2_missing_transcript
8QTYAyi0iD4,False,True,True,legacy_only_with_transcript
8ZZUOW7bvwM,False,True,False,legacy_only
8c5XwUaJ5ZE,True,False,False,phase2_missing_transcript
8ch8_AX-7ZU,True,True,False,phase2_missing_transcript
8dGULtMoCyc,False,True,False,legacy_only
8gF-MEQlYCM,False,True,True,legacy_only_with_transcript
8hUGNFsoGnA,True,False,False,phase2_missing_transcript
8mqq664VO5Y,False,True,False,legacy_only
8nkzIn42xRI,False,True,False,legacy_only
8yDcK_5T308,False,True,False,legacy_only
8yPAIC2XRmM,True,False,False,phase2_missing_transcript
95kRvXxYhu0,True,False,False,phase2_missing_transcript
9EeNQztW8_U,True,False,False,phase2_missing_transcript
9FyHubwumjQ,False,True,False,legacy_only
9H3T1O3iugo,False,True,False,legacy_only
9H9dwtG_Ing,True,False,False,phase2_missing_transcript
9JF7XB--NfY,True,False,False,phase2_missing_transcript
9LaR_gUahGI,False,True,False,legacy_only
9NaG7q7-QYM,True,False,False,phase2_missing_transcript
9R5j7aIbpq0,True,False,False,phase2_missing_transcript
9R9U8WD4RBA,False,True,False,legacy_only
9SZFSBW5MDk,True,False,False,phase2_missing_transcript
9_aKkWXEIMA,False,True,False,legacy_only
9aPgFpsCXyA,True,False,False,phase2_missing_transcript
9hHDiazQrpU,False,True,True,legacy_only_with_transcript
9kAkuSps3aQ,False,True,False,legacy_only
9lJVBFKVP_M,False,True,False,legacy_only
9llu2touGkk,False,True,False,legacy_only
9nob14yzO-g,True,False,False,phase2_missing_transcript
9pXNA3VXUF8,True,False,False,phase2_missing_transcript
9puS4NcoHQ4,True,False,False,phase2_missing_transcript
9qRzYm6tLQA,False,True,False,legacy_only
9sX_kjZVrgU,False,True,False,legacy_only
A-I6xl1E4Is,True,False,False,phase2_missing_transcript
A1WY2qjlVZY,False,True,True,legacy_only_with_transcript
A6lSGejZsnA,False,True,True,legacy_only_with_transcript
AB2GZqYMZOU,True,False,False,phase2_missing_transcript
AI0sgLI46MQ,True,False,False,phase2_missing_transcript
AJJxEgVdt3E,False,True,False,legacy_only
AJpulQ2s8cU,False,True,False,legacy_only
ALhIfbtNLcg,True,False,False,phase2_missing_transcript
AP5wdQ1tADE,False,True,True,legacy_only_with_transcript
APYeSdP7oOU,True,False,False,phase2_missing_transcript
ARaE7X4CLoU,True,False,False,phase2_missing_transcript
AWTD4P1OBJI,True,False,False,phase2_missing_transcript
AY0cE2yog28,False,True,False,legacy_only
AY8cNUWAEpg,True,False,False,phase2_missing_transcript
AaancuXrLT0,True,False,False,phase2_missing_transcript
AefxKKTqv5I,False,True,True,legacy_only_with_transcript
AfghupHyo3A,False,True,True,legacy_only_with_transcript
AfsPHp8fmV8,False,True,True,legacy_only_with_transcript
AgBX2c7w7Ts,True,False,False,phase2_missing_transcript
Ai75uMYMreQ,False,True,True,legacy_only_with_transcript
Ak0uTdv5kEo,True,False,False,phase2_missing_transcript
AkLEk8bb7RI,True,False,False,phase2_missing_transcript
AoGAk7zlWvc,True,False,False,phase2_missing_transcript
ApgFGoG0JCo,False,True,False,legacy_only
Av5ib_XRKT4,True,False,False,phase2_missing_transcript
Ayk9aXo54hk,True,False,False,phase2_missing_transcript
B0N5UhjPsec,False,True,False,legacy_only
B16dkLWyLfY,False,True,False,legacy_only
B42XTJtKgFo,False,True,False,legacy_only
B4HPUbJPbYE,False,True,True,legacy_only_with_transcript
B585ivuxIDs,False,True,False,legacy_only
B7XpkH6pzlg,True,True,False,phase2_missing_transcript
BBfSZvCOuNk,False,True,False,legacy_only
BHvPqarVwkY,False,True,False,legacy_only
BLxNqaOu55c,False,True,False,legacy_only
BMJ42xw7IC8,False,True,True,legacy_only_with_transcript
BMr7gRg_LV8,True,False,False,phase2_missing_transcript
BNaaeF767K8,False,True,True,legacy_only_with_transcript
BOR4m4qFgmI,False,True,False,legacy_only
BR2ypLeUvBY,False,True,True,legacy_only_with_transcript
BSiBZtjXDb0,True,False,False,phase2_missing_transcript
BWMcR35D-cE,False,True,False,legacy_only
BYr5Dz2yLsc,False,True,False,legacy_only
BaAPktRjn3Y,True,False,False,phase2_missing_transcript
BdD0OyQyzEo,True,False,False,phase2_missing_transcript
BeTI0dWMf1g,False,True,True,legacy_only_with_transcript
Bf97RqytioI,True,False,False,phase2_missing_transcript
BfmTN-RJ9so,True,False,False,phase2_missing_transcript
BhNGBhCJ5EY,False,True,True,legacy_only_with_transcript
BjS7GieYRb0,False,True,False,legacy_only
BlyAhlQvF04,True,False,False,phase2_missing_transcript
BoW7txckm88,False,True,True,legacy_only_with_transcript
BorcTOHZ6-c,False,True,True,legacy_only_with_transcript
BqSD5Kkk4D0,False,True,False,legacy_only
BrH3jyMrVSE,False,True,False,legacy_only
BrTzLPa_GkA,True,False,False,phase2_missing_transcript
BrqZXHcffDA,True,False,False,phase2_missing_transcript
BsBq08AG2oA,False,True,False,legacy_only
BuMqyp2e69U,True,False,False,phase2_missing_transcript
C12o2Cwl_u0,False,True,True,legacy_only_with_transcript
C1KafektaEc,True,False,False,phase2_missing_transcript
C2q4nkxolKI,False,True,True,legacy_only_with_transcript
CA7l6wDCEbU,False,True,True,legacy_only_with_transcript
CD70KYY5YeQ,True,False,False,phase2_missing_transcript
CDRLQqlYefc,True,False,False,phase2_missing_transcript
CEjn_2DnNiE,False,True,False,legacy_only
CHL8NUsYNuI,False,True,False,legacy_only
CIbR7odQklk,False,True,True,legacy_only_with_transcript
CJ35YXZ2z78,True,False,False,phase2_missing_transcript
CMdAwTulCNo,False,True,True,legacy_only_with_transcript
CMhGttqQxdc,False,True,False,legacy_only
CN2M2UNtv08,False,True,False,legacy_only
CQvgklF9EGg,False,True,False,legacy_only
CRFXH94CgDE,False,True,False,legacy_only
CV4QoG5Emxs,True,False,False,phase2_missing_transcript
CWa-gW_-7zQ,True,False,False,phase2_missing_transcript
CX6ZvR2TJmM,False,True,True,legacy_only_with_transcript
CYMlIdz5F5M,False,True,False,legacy_only
C_3VwMteKqM,False,True,False,legacy_only
C_xsXnRd_uc,False,True,True,legacy_only_with_transcript
C_zFb_au-B8,True,False,False,phase2_missing_transcript
CaQwpE-D-uQ,True,False,False,phase2_missing_transcript
Cce_0M4E7Nw,True,False,False,phase2_missing_transcript
Cg_MlYk1wFs,True,False,False,phase2_missing_transcript
CgmAmbaWiec,True,False,False,phase2_missing_transcript
ChUaYLwpGUg,False,True,True,legacy_only_with_transcript
CiTE8F5tyqE,True,False,False,phase2_missing_transcript
CifvyJWnZxQ,True,False,False,phase2_missing_transcript
CkIzYr3CjNw,False,True,False,legacy_only
CkjyZRQm6qM,False,True,False,legacy_only
CloGwxFDcs4,False,True,True,legacy_only_with_transcript
Cn69_7WkUSM,True,False,False,phase2_missing_transcript
CoR0bDZHX5U,False,True,False,legacy_only
Ctix1E-BF0s,True,False,False,phase2_missing_transcript
CusuNrovDJc,True,False,False,phase2_missing_transcript
Cw5sivofRbw,True,False,False,phase2_missing_transcript
D-kdaFEJ9Nk,False,True,True,legacy_only_with_transcript
D0WIW75lcGc,True,False,False,phase2_missing_transcript
D1fTXDiiWQk,False,True,False,legacy_only
D3hkwqkFYdw,False,True,False,legacy_only
D46TlqnV0hE,True,False,False,phase2_missing_transcript
D5zJ5YIxOKA,True,False,False,phase2_missing_transcript
D9dBXNT0YA4,True,False,False,phase2_missing_transcript
DAUwJALVX3g,False,True,False,legacy_only
DE5q0BpjFl4,False,True,False,legacy_only
DFbjLM_ZU0o,False,True,False,legacy_only
DIYRfTZOrcU,False,True,False,legacy_only
DJEJTvb-xI8,True,False,False,phase2_missing_transcript
DKkBGHhDQWk,False,True,True,legacy_only_with_transcript
DMcqcYaidyw,True,False,False,phase2_missing_transcript
DPLVI6S8Lk8,False,True,False,legacy_only
DPtEb0p905k,True,False,False,phase2_missing_transcript
DPyvzFfcVxo,True,False,False,phase2_missing_transcript
DQG9Bcq3Sgs,True,False,False,phase2_missing_transcript
DVsSBfS34Fk,True,True,False,phase2_missing_transcript
DWtnKRL30jo,False,True,True,legacy_only_with_transcript
DWvAYWv_zko,False,True,False,legacy_only
DbDjQLqC8zs,False,True,True,legacy_only_with_transcript
DhIrucpSPMo,False,True,False,legacy_only
Dj81etwvKYE,False,True,False,legacy_only
DjuOaweshUs,True,False,False,phase2_missing_transcript
DnvGnPk5p5k,False,True,True,legacy_only_with_transcript
Dq5nE-NDJxU,True,False,False,phase2_missing_transcript
DrEBOB3mAWI,True,False,False,phase2_missing_transcript
DrSUWq4R_Uw,True,False,False,phase2_missing_transcript
DsV7FJ0Xvnk,True,False,False,phase2_missing_transcript
DvdTN0hSEN8,True,False,False,phase2_missing_transcript
Dw0g7IoNID8,False,True,False,legacy_only
E18p25T9pB0,False,True,True,legacy_only_with_transcript
E4CYCnXnhrk,True,False,False,phase2_missing_transcript
EB_Rf5VvLkg,False,True,False,legacy_only
ECI11uKvmG4,True,False,False,phase2_missing_transcript
EHX1-Dj2IXM,True,False,False,phase2_missing_transcript
EHxM99Tw3ME,False,True,True,legacy_only_with_transcript
ELZoNtZEWp8,True,False,False,phase2_missing_transcript
EUpZera75k8,True,False,False,phase2_missing_transcript
EXTXOmp8gQA,False,True,False,legacy_only
EXXlWnxEG48,False,True,True,legacy_only_with_transcript
EXZ6gvoshsw,False,True,False,legacy_only
EXktHv7FZJw,False,True,False,legacy_only
EXqpq6rrAjE,True,False,False,phase2_missing_transcript
E_StY7I4XWA,False,True,False,legacy_only
E_lzsWQBltE,False,True,False,legacy_only
EbgmgxGs2iQ,False,True,False,legacy_only
Ec5yaorLl-M,False,True,True,legacy_only_with_transcript
EeWUKcI5ErU,True,False,False,phase2_missing_transcript
EnaJ6CfZEco,True,False,False,phase2_missing_transcript
EnuEIlD82nM,True,False,False,phase2_missing_transcript
EqpndsJf1Ng,True,False,False,phase2_missing_transcript
Et3uHFHXe7o,False,True,False,legacy_only
Ew_JPsrigwM,False,True,False,legacy_only
Ez2IFfaoRJQ,False,True,True,legacy_only_with_transcript
F0-FJsFNALg,False,True,True,legacy_only_with_transcript
F0LO7mfmlL8,False,True,True,legacy_only_with_transcript
F2IbbVTsS8A,False,True,False,legacy_only
F2ykISy7rmA,False,True,False,legacy_only
F7b695vzD1I,False,True,False,legacy_only
F8r2xYzf6Z0,True,False,False,phase2_missing_transcript
FB543E0MSXQ,True,False,False,phase2_missing_transcript
FCtXY37XRnM,False,True,False,legacy_only
FEAID-8Xbyo,True,False,False,phase2_missing_transcript
FEoUQvEL9qs,False,True,False,legacy_only
FFItaOgVdPY,True,False,False,phase2_missing_transcript
FG6m2iBW7qQ,True,False,False,phase2_missing_transcript
FHQSnkw0nrg,False,True,False,legacy_only
FJM8kEO2mPY,True,False,False,phase2_missing_transcript
FJdzGF3kDNw,True,False,False,phase2_missing_transcript
FK9G5DEYQmc,False,True,True,legacy_only_with_transcript
FKM4aOluMsI,True,False,False,phase2_missing_transcript
FKOpBDx-IMk,True,False,False,phase2_missing_transcript
FM7tEqDSAIo,False,True,True,legacy_only_with_transcript
FMKB_BVupYA,True,False,False,phase2_missing_transcript
FNdSkS0tTCQ,True,False,False,phase2_missing_transcript
FOpyG1xM0SE,True,False,False,phase2_missing_transcript
FQCb-9Df0uQ,True,True,True,phase2_with_transcript
FRDkNG00khU,True,False,False,phase2_missing_transcript
FScktN86c9M,True,False,False,phase2_missing_transcript
FTNLwfGOjuU,True,False,False,phase2_missing_transcript
FW-XzwNO1Pw,True,False,False,phase2_missing_transcript
FY74Coskjrg,True,False,False,phase2_missing_transcript
Facql-IlwXw,False,True,False,legacy_only
FcliMk-HpcQ,True,False,False,phase2_missing_transcript
FcuMoiKUHcg,False,True,False,legacy_only
FgueRu18TW8,False,True,False,legacy_only
Fh9yAIUNZ6M,False,True,True,legacy_only_with_transcript
Fnm7zP9oKZc,True,False,False,phase2_missing_transcript
Fo9RonC90iQ,True,False,False,phase2_missing_transcript
FsDiCSGOaUM,False,True,False,legacy_only
FsS7-0i8C-4,False,True,True,legacy_only_with_transcript
FuJ8ggFiR_I,True,False,False,phase2_missing_transcript
FuYLXHEGwDo,True,False,False,phase2_missing_transcript
Fwnbqyr6nvM,True,False,False,phase2_missing_transcript
Fx5RUdSm8WA,False,True,False,legacy_only
FxD5RiX6vBU,False,True,False,legacy_only
G02TTum6JT8,False,True,True,legacy_only_with_transcript
G0AKPhNo3dI,False,True,False,legacy_only
G0yaF7rw928,False,True,True,legacy_only_with_transcript
G26RqtF4sm8,True,False,False,phase2_missing_transcript
G8sI2EtjoG4,False,True,False,legacy_only
G9kAnaBL7NE,False,True,False,legacy_only
GDzjXqEqkD8,False,True,False,legacy_only
GH5dXYEfG1s,False,True,True,legacy_only_with_transcript
GJBWWrc5YSs,True,False,False,phase2_missing_transcript
GL7r_NfckrM,True,False,False,phase2_missing_transcript
GLpvCuf3tn4,False,True,False,legacy_only
GN1cZhfmRZE,False,True,True,legacy_only_with_transcript
GNkzC89EQ2I,True,False,False,phase2_missing_transcript
GO0RorA2xWY,False,True,True,legacy_only_with_transcript
GPhQyNUyx9c,True,False,False,phase2_missing_transcript
GQPYZ2pMPAo,False,True,True,legacy_only_with_transcript
GREtxk36fQ8,True,False,False,phase2_missing_transcript
GTYUovcslV0,True,False,False,phase2_missing_transcript
GX-LX1BQJ-M,False,True,True,legacy_only_with_transcript
GYBNtNIqEvM,True,False,False,phase2_missing_transcript
GYpgTh6Fp1E,False,True,True,legacy_only_with_transcript
Gds3SnQiOeA,False,True,False,legacy_only
GgTYIjEPNpg,True,False,False,phase2_missing_transcript
GjsCjBD6aaE,True,False,False,phase2_missing_transcript
GlkYMhn_IyY,True,False,False,phase2_missing_transcript
GpWHLMVk0xU,True,False,False,phase2_missing_transcript
GqQu2ZW-rUA,True,False,False,phase2_missing_transcript
GwiWGl8XGmg,False,True,False,legacy_only
GyKPHVnwjl8,False,True,False,legacy_only
GyQy3n4g-00,True,False,False,phase2_missing_transcript
GzkKnhOvqiM,True,False,False,phase2_missing_transcript
H-8t5GMZE5s,False,True,False,legacy_only
H2VGd-1ELe4,False,True,False,legacy_only
H8839nIXsog,True,False,False,phase2_missing_transcript
H8Uzb0f1xiE,False,True,False,legacy_only
H8gOaYiSRog,False,True,False,legacy_only
H9b4_dZyIUY,False,True,False,legacy_only
H9bF0cVhU4Q,True,False,False,phase2_missing_transcript
HGXXOaEQEa0,False,True,True,legacy_only_with_transcript
HH6Dy5uoTCg,True,False,False,phase2_missing_transcript
HHpx6a5HQtk,False,True,False,legacy_only
HLo1lepnzGc,True,False,False,phase2_missing_transcript
HRjstAj88dI,False,True,True,legacy_only_with_transcript
HRqjAtCQ_mk,True,False,False,phase2_missing_transcript
HS3dYFGmfPE,False,True,False,legacy_only
HSBwdaHZhx4,True,False,False,phase2_missing_transcript
HSNlOjQ9GAE,True,False,False,phase2_missing_transcript
HSYN-yVTbqI,True,False,False,phase2_missing_transcript
HUKYhsVz0wg,True,False,False,phase2_missing_transcript
HV3z3AyUbzU,False,True,False,legacy_only
HV93s9jRkdY,True,False,False,phase2_missing_transcript
HXEc6RYpWf4,True,False,False,phase2_missing_transcript
HXhxVUNecmg,True,False,False,phase2_missing_transcript
HcXinjoBE5c,False,True,False,legacy_only
HcbG1q7iL8I,True,False,False,phase2_missing_transcript
HchEzNZRTY8,False,True,True,legacy_only_with_transcript
Hhu0XG8nyZw,False,True,True,legacy_only_with_transcript
HiwvlEsy2rs,True,False,False,phase2_missing_transcript
HmC_npuWEMs,False,True,False,legacy_only
Ho68X9QKxfc,False,True,False,legacy_only
Hr4wtSVUGF8,False,True,False,legacy_only
HxEEwQDE2lI,True,False,False,phase2_missing_transcript
HxW_hmi-pqg,False,True,False,legacy_only
Hxjvyc8FGDU,False,True,True,legacy_only_with_transcript
I0ahh_fiPVo,True,False,False,phase2_missing_transcript
I4X-DMNa1BA,False,True,False,legacy_only
I62oIzQdeqY,False,True,True,legacy_only_with_transcript
I6qzKSOXUsM,True,False,False,phase2_missing_transcript
ICZ5cKz14uw,True,False,False,phase2_missing_transcript
IDneMM3JEFM,True,False,False,phase2_missing_transcript
IDr1b24jFuc,False,True,False,legacy_only
IGr0XuzYoGc,False,True,False,legacy_only
ILCTA8h9nMA,True,False,False,phase2_missing_transcript
ILYKKso4dfE,True,False,False,phase2_missing_transcript
IN6oGexVuB4,False,True,False,legacy_only
INYCg1VVtG4,False,True,False,legacy_only
IRtWDwl87gY,False,True,False,legacy_only
ISft6hv2hZE,True,False,False,phase2_missing_transcript
ISu5u2-Q_Es,True,False,False,phase2_missing_transcript
IWvpnj7A008,True,False,False,phase2_missing_transcript
I_q5U4GJda0,True,False,False,phase2_missing_transcript
IaMaAM5QMC8,True,False,False,phase2_missing_transcript
IezG36fLMoU,True,False,False,phase2_missing_transcript
IjxKPrNP3vQ,True,False,False,phase2_missing_transcript
In8SSOsHXGU,False,True,False,legacy_only
IpcHAVsmA-g,False,True,False,legacy_only
Is43iSzaa4I,True,False,False,phase2_missing_transcript
IurZMHfUmsM,True,False,False,phase2_missing_transcript
IwZQp9Yq1TI,True,False,False,phase2_missing_transcript
Iwp5CgFCuco,True,False,False,phase2_missing_transcript
Iwuib4fD6dM,True,False,False,phase2_missing_transcript
Iyx7desT8h8,True,False,False,phase2_missing_transcript
J0fey_5_KtE,False,True,False,legacy_only
J2Y1TJwWKyM,True,False,False,phase2_missing_transcript
JB-0zDl0UpQ,True,False,False,phase2_missing_transcript
JD1wlHhzQyE,False,True,True,legacy_only_with_transcript
JDIUb3h1b7E,False,True,True,legacy_only_with_transcript
JE-PiYfUWJA,False,True,True,legacy_only_with_transcript
JEXZGDzOC80,False,True,False,legacy_only
JGy1j-FkOvY,False,True,False,legacy_only
JIQ9q0jITBo,False,True,False,legacy_only
JK2y_SfHdf8,True,False,False,phase2_missing_transcript
JL1QuQwgmfM,False,True,False,legacy_only
JNvyqnlOYTY,False,True,False,legacy_only
JOnY3xdokEc,True,False,False,phase2_missing_transcript
JQrbuY71kpM,False,True,True,legacy_only_with_transcript
JXXZD1BQqBY,True,False,False,phase2_missing_transcript
JbzEmGWh1mc,True,False,False,phase2_missing_transcript
JchDbzvsXAk,True,False,False,phase2_missing_transcript
JhLECip4b4I,False,True,True,legacy_only_with_transcript
JkEQG7WgWUs,False,True,False,legacy_only
JmBgTeRirG8,True,False,False,phase2_missing_transcript
Jn-uO_LUG54,False,True,True,legacy_only_with_transcript
Jp5n2uTR6oA,True,False,False,phase2_missing_transcript
JpMUar8mh48,False,True,True,legacy_only_with_transcript
JqSG1y-0W4g,False,True,False,legacy_only
JqYSRv8QgRQ,False,True,True,legacy_only_with_transcript
JrNP58Rnnnc,False,True,False,legacy_only
JufwIJc5aSY,True,False,False,phase2_missing_transcript
JwKIX0R01pk,True,False,False,phase2_missing_transcript
JxVCCHqc72E,True,False,False,phase2_missing_transcript
JzSu7LoMK-Q,False,True,False,legacy_only
K-imIEL8f-A,False,True,True,legacy_only_with_transcript
K00r2GsUhic,True,False,False,phase2_missing_transcript
K1dIyFTac3E,False,True,True,legacy_only_with_transcript
K250wjFz26w,False,True,True,legacy_only_with_transcript
K6DyL2NQd0M,False,True,False,legacy_only
K7YeE3zSQdE,True,False,False,phase2_missing_transcript
KASKJeYSE20,True,False,False,phase2_missing_transcript
KBtBPuy9i58,False,True,False,legacy_only
KD25oCwj1go,False,True,False,legacy_only
KGwDpIzZjHQ,True,False,False,phase2_missing_transcript
KHLcgzhqEBY,False,True,False,legacy_only
KOBl2gMTsUI,True,False,False,phase2_missing_transcript
KRgUYC3RPYI,False,True,False,legacy_only
KS1lN6AJwCI,True,False,False,phase2_missing_transcript
KSfNu0GLFEU,False,True,False,legacy_only
KSzORKlymhM,True,False,False,phase2_missing_transcript
KYKcxkZzHp8,True,False,False,phase2_missing_transcript
KZa6YfdR4Vc,True,False,False,phase2_missing_transcript
Kaz144lzORY,True,False,False,phase2_missing_transcript
Kb1AW1eEdHM,False,True,False,legacy_only
KdZbk9_dtv0,False,True,False,legacy_only
KdvIc1OCv8A,False,True,True,legacy_only_with_transcript
Ke39MCav5Hs,True,False,False,phase2_missing_transcript
KebHab_tQJg,False,True,False,legacy_only
KgTyB6UNeUM,True,False,False,phase2_missing_transcript
Khql_TbVxcw,False,True,False,legacy_only
Kj0q3SRUM1A,False,True,True,legacy_only_with_transcript
KjmChKe8LEs,False,True,False,legacy_only
KmhrleAYyIo,False,True,True,legacy_only_with_transcript
KpTUm8DDK0s,False,True,False,legacy_only
Kq6KSPBrf3g,True,False,False,phase2_missing_transcript
KumH4WkJh0g,False,True,True,legacy_only_with_transcript
KvdAWtb4mVE,True,False,False,phase2_missing_transcript
KwuXXx_QTaE,True,False,False,phase2_missing_transcript
Kxc6ZCb0_yo,True,False,False,phase2_missing_transcript
KyMWQmiKzyk,True,False,False,phase2_missing_transcript
KzFoO6bxtpU,True,False,False,phase2_missing_transcript
L0aXO4QyAb0,False,True,False,legacy_only
L0rY29U5fvk,False,True,False,legacy_only
L2Lnc79vdBo,False,True,False,legacy_only
LAuhSmFz9rM,True,False,False,phase2_missing_transcript
LESQfogfjt0,False,True,False,legacy_only
LG4WlJNuAb0,True,False,False,phase2_missing_transcript
LImq8XTRTZg,False,True,False,legacy_only
LO6uqfl4Dec,True,False,False,phase2_missing_transcript
LOQqCH6L4HU,False,True,False,legacy_only
LQllvEizyM0,True,False,False,phase2_missing_transcript
LRHh5TvYyV0,True,False,False,phase2_missing_transcript
LUZMUEnFwdw,False,True,False,legacy_only
L_GxgYRVSTs,False,True,True,legacy_only_with_transcript
L_eZQwnYtfY,False,True,False,legacy_only
LbrX6tZ0Ovg,False,True,True,legacy_only_with_transcript
LcXwLEEJRzo,True,False,False,phase2_missing_transcript
Ldu0MsFKakY,True,False,False,phase2_missing_transcript
LjzGCVtZABs,False,True,False,legacy_only
LkzRIr3IkwU,False,True,False,legacy_only
LlIcW_A5eaM,True,False,False,phase2_missing_transcript
LlsAx-TaQw4,True,False,False,phase2_missing_transcript
LmgN-lRJ3TA,True,False,False,phase2_missing_transcript
LrMK9WrQ3SU,True,False,False,phase2_missing_transcript
Ltpr7aSX6Cs,True,False,False,phase2_missing_transcript
LwazVRH0UHQ,True,False,False,phase2_missing_transcript
M2NAu29ZxYc,False,True,True,legacy_only_with_transcript
M7AavH3OLhE,False,True,True,legacy_only_with_transcript
M7gQJsG1-HQ,True,False,False,phase2_missing_transcript
M7hXd3KZRh4,False,True,False,legacy_only
MADy-oiozFw,True,False,False,phase2_missing_transcript
MAoKHa-fj0E,True,False,False,phase2_missing_transcript
MCx-eg_3TGM,False,True,False,legacy_only
MI3kpaaZ9MM,False,True,False,legacy_only
MS4cYZRrCd0,True,False,False,phase2_missing_transcript
MVckEuCgVmY,True,False,False,phase2_missing_transcript
MY9gDr71grk,False,True,False,legacy_only
Md-GXKtjP5E,True,False,False,phase2_missing_transcript
MeRqn3Hk7vA,False,True,False,legacy_only
MhLMPC5zjWc,False,True,True,legacy_only_with_transcript
Mi5NnZXUKOE,False,True,False,legacy_only
MkMx1E53C70,False,True,False,legacy_only
MkrFz5QRjOs,True,False,False,phase2_missing_transcript
MnQ5_K-41Xk,False,True,False,legacy_only
MniPdncacTM,False,True,True,legacy_only_with_transcript
MoW2xNKtVew,False,True,True,legacy_only_with_transcript
Mpx3CiDMyf0,True,False,False,phase2_missing_transcript
Mrhgz1yeBSg,False,True,True,legacy_only_with_transcript
N2hINf9f0Fw,False,True,True,legacy_only_with_transcript
N42eZHCExBo,False,True,True,legacy_only_with_transcript
N4cNi6c6qVw,True,False,False,phase2_missing_transcript
N9K_goSCAIQ,True,False,False,phase2_missing_transcript
N9ZnuWKaVGc,True,False,False,phase2_missing_transcript
NHPENqo4x4M,True,False,False,phase2_missing_transcript
NHxc7bLQCEw,False,True,False,legacy_only
NJBogtJh9T0,False,True,True,legacy_only_with_transcript
NOK9-J_s3_8,True,False,False,phase2_missing_transcript
NQkMW-u_Yqw,True,False,False,phase2_missing_transcript
NRFwGkALO7A,False,True,True,legacy_only_with_transcript
NRukKF7Or1o,True,False,False,phase2_missing_transcript
NTpkt3ylNmE,False,True,True,legacy_only_with_transcript
NV3VHS_AFJQ,False,True,True,legacy_only_with_transcript
NWtxybTtVmc,False,True,False,legacy_only
N_c9BgiN46Q,True,False,False,phase2_missing_transcript
NaWNtBPbMb0,False,True,False,legacy_only
NgjwKnU8Jog,True,False,False,phase2_missing_transcript
NgoTi9qxWVU,True,False,False,phase2_missing_transcript
NipuSKsq3Oc,False,True,False,legacy_only
NpaZzoUxA7Q,True,False,False,phase2_missing_transcript
NtXNYs1lPVU,False,True,True,legacy_only_with_transcript
Ntf9bQiO1p0,False,True,True,legacy_only_with_transcript
Nud3edO8rjw,False,True,False,legacy_only
Nx5f0OZT3Fo,False,True,True,legacy_only_with_transcript
NyvUjHDa0JY,True,False,False,phase2_missing_transcript
NzBfH8KCyaM,False,True,False,legacy_only
O-Pm7TwOTNI,False,True,False,legacy_only
O0tPXu8kW3s,False,True,False,legacy_only
O1R4HTgdC-A,False,True,True,legacy_only_with_transcript
O3UzA-ItA0k,True,False,False,phase2_missing_transcript
O7KtXWEzXCQ,False,True,True,legacy_only_with_transcript
O8YH7Hn5k4Y,True,False,False,phase2_missing_transcript
O8cNxp5PqKs,True,False,False,phase2_missing_transcript
O9cJozJBK_w,False,True,True,legacy_only_with_transcript
O9jEWwVDnyc,True,False,False,phase2_missing_transcript
OCyFGMOFKt8,True,False,False,phase2_missing_transcript
ODuBxm5P1FQ,True,False,False,phase2_missing_transcript
OEBcG4-_SY4,False,True,True,legacy_only_with_transcript
OHowmPxVq1c,False,True,False,legacy_only
OUvg2rnnn-M,False,True,True,legacy_only_with_transcript
OWcoPzas0Tc,True,False,False,phase2_missing_transcript
OZPYoTwVGm4,True,False,False,phase2_missing_transcript
OcKTF01z-JM,True,False,False,phase2_missing_transcript
OfHrOE6t1h0,True,False,False,phase2_missing_transcript
Ofx6MXZZ6EE,False,True,True,legacy_only_with_transcript
OghYPFzSChg,True,False,False,phase2_missing_transcript
Ojjig7LZ6Yk,False,True,False,legacy_only
OkVZA6fQ9Qw,True,False,False,phase2_missing_transcript
Oti5_j_jtk0,True,False,False,phase2_missing_transcript
OumubmGN4zo,True,False,False,phase2_missing_transcript
OuwpMJdatAw,True,False,False,phase2_missing_transcript
P0poLjDMKwQ,False,True,True,legacy_only_with_transcript
P2JamScZXHQ,False,True,False,legacy_only
P5on4xVU2eQ,True,False,False,phase2_missing_transcript
PBM7Fs03FuI,True,False,False,phase2_missing_transcript
PD8oFGFK-5w,False,True,True,legacy_only_with_transcript
PDUxyfQjw7I,False,True,False,legacy_only
PMv5_AtWlzM,True,False,False,phase2_missing_transcript
PNLcohhQTHo,True,False,False,phase2_missing_transcript
PNymhlAUL1M,False,True,True,legacy_only_with_transcript
PQGFXP1KSUc,False,True,False,legacy_only
PSbOrSZKbfs,True,False,False,phase2_missing_transcript
PUH2ImyACJ0,False,True,False,legacy_only
PZqkX1mJ7qk,False,True,True,legacy_only_with_transcript
Pae3_BpBwyM,False,True,False,legacy_only
ParJGqcRX94,True,False,False,phase2_missing_transcript
PbLy3_7DPs4,True,False,False,phase2_missing_transcript
PcRqCO_wOd4,True,False,False,phase2_missing_transcript
PfkCT5wiyE8,True,False,False,phase2_missing_transcript
Pic_WNIkM2o,True,False,False,phase2_missing_transcript
Plf5Dg4BVsI,True,False,False,phase2_missing_transcript
PlxXjJjsaKw,True,False,False,phase2_missing_transcript
PmCVcjloRj8,True,False,False,phase2_missing_transcript
PoHxH7BWxig,False,True,True,legacy_only_with_transcript
PuUFl4VchH8,True,False,False,phase2_missing_transcript
PwlftiCiWmE,True,False,False,phase2_missing_transcript
PwymV0sekDs,True,False,False,phase2_missing_transcript
PxT6yKFTDmA,False,True,False,legacy_only
Q-x-DX47QJo,True,False,False,phase2_missing_transcript
Q0WsIBmog1I,False,True,True,legacy_only_with_transcript
Q1E2AbocGHs,True,False,False,phase2_missing_transcript
Q1LCTtFX_Fs,True,False,False,phase2_missing_transcript
QBuUEdQ3r_c,True,False,False,phase2_missing_transcript
QEFiLFRH0Vw,False,True,False,legacy_only
QHEU00mWt8s,False,True,False,legacy_only
QIU7y0WBfgc,True,False,False,phase2_missing_transcript
QJM9_Llf2Wg,False,True,False,legacy_only
QKQtvGCgO7w,False,True,False,legacy_only
QLXIv_0bvEw,True,False,False,phase2_missing_transcript
QPAbFSq8Ji8,False,True,False,legacy_only
QPsMAwSiZVk,True,False,False,phase2_missing_transcript
QQZ7e66-Vgk,True,False,False,phase2_missing_transcript
QVr_291uyG8,True,False,False,phase2_missing_transcript
QX3gSDoLjqM,False,True,True,legacy_only_with_transcript
QZr5XKkaFyI,False,True,False,legacy_only
Qg9xS_09m9k,True,False,False,phase2_missing_transcript
QgPMj1SlASA,False,True,False,legacy_only
QiVRZYVRFm4,False,True,False,legacy_only
QlpDBRtZX8o,True,False,False,phase2_missing_transcript
Qq0eWeCLcpg,True,False,False,phase2_missing_transcript
Qthn_19_aHM,False,True,True,legacy_only_with_transcript
QuGLcWPyvRQ,True,False,False,phase2_missing_transcript
QvurnViQcrs,False,True,False,legacy_only
Qy14dSLN-mA,True,False,False,phase2_missing_transcript
R-rwd5yGBr0,False,True,True,legacy_only_with_transcript
R1Tv4clN98s,True,False,False,phase2_missing_transcript
R3BwAGO5gM4,True,False,False,phase2_missing_transcript
RBwItubQCoQ,False,True,True,legacy_only_with_transcript
RDl3nu27q9w,False,True,False,legacy_only
REcI14WYLfg,True,False,False,phase2_missing_transcript
RGsBun5NKJw,False,True,True,legacy_only_with_transcript
RHOITKS5_jQ,False,True,False,legacy_only
RNCyEuseurI,True,False,False,phase2_missing_transcript
RU5dR1NyP8s,True,False,False,phase2_missing_transcript
RXRgRsoNRmk,True,False,False,phase2_missing_transcript
RXs8cHWBRq0,True,False,False,phase2_missing_transcript
RYiHO9QMywk,False,True,False,legacy_only
RZwNsXv-tWc,True,False,False,phase2_missing_transcript
R_FsSuJXlk0,False,True,True,legacy_only_with_transcript
R_PIwm_WHeQ,False,True,True,legacy_only_with_transcript
R_wthRixiIo,False,True,False,legacy_only
Raa-U-y4920,False,True,True,legacy_only_with_transcript
RbhNAq8XeP0,False,True,True,legacy_only_with_transcript
RehqLdUGJlg,True,False,False,phase2_missing_transcript
Rf2sERzU0Lo,False,True,True,legacy_only_with_transcript
RjDLpbR-mWM,False,True,True,legacy_only_with_transcript
RksEiQ09rGM,True,False,False,phase2_missing_transcript
RoH7XBJqEdI,False,True,True,legacy_only_with_transcript
RpYBuceqY3Q,False,True,False,legacy_only
RzYiFBi82dI,False,True,True,legacy_only_with_transcript
S0bIJVsW6kg,True,False,False,phase2_missing_transcript
S0b_R9YBaEE,False,True,True,legacy_only_with_transcript
S37f0y5QLHg,False,True,True,legacy_only_with_transcript
S3fg437BWLA,False,True,False,legacy_only
S4TKAt1jDvk,False,True,False,legacy_only
S7Xj2DjSAOo,False,True,True,legacy_only_with_transcript
S9pdVzfmNvI,False,True,True,legacy_only_with_transcript
SCYYMEUJ7-4,True,False,False,phase2_missing_transcript
SDVPhmheabc,False,True,False,legacy_only
SEaTLiIB3sc,False,True,False,legacy_only
SFMN1XdD8_E,True,False,False,phase2_missing_transcript
SHyvmu2yHRc,False,True,True,legacy_only_with_transcript
SPWeCdEFZDY,True,False,False,phase2_missing_transcript
SWPzvxcJePk,False,True,False,legacy_only
Sa5HBmLwH00,False,True,True,legacy_only_with_transcript
SbIc8gISJCQ,True,False,False,phase2_missing_transcript
Sc08I9A0oLU,True,False,False,phase2_missing_transcript
Sehy0gAyv2k,True,False,False,phase2_missing_transcript
Sh4ElhPZvNo,True,False,False,phase2_missing_transcript
ShS9Lelo9V8,True,False,False,phase2_missing_transcript
Sj7LTaMF9yQ,False,True,False,legacy_only
Sjcx36ylebg,True,False,False,phase2_missing_transcript
SkT4ll953as,True,False,False,phase2_missing_transcript
SqdhcZy5mPo,False,True,False,legacy_only
SuZSLw-Pcw0,True,False,False,phase2_missing_transcript
SwufoZmheHw,False,True,True,legacy_only_with_transcript
SyqVpu2B8Tw,False,True,False,legacy_only
SyserxPSx1U,True,False,False,phase2_missing_transcript
T-y9F_n1rZM,False,True,True,legacy_only_with_transcript
T1HxN8rHbS8,False,True,False,legacy_only
T1SghqwJDsI,False,True,True,legacy_only_with_transcript
T3LV5yAJpqY,True,False,False,phase2_missing_transcript
T4q-n5Sxt2Y,False,True,True,legacy_only_with_transcript
T6C-VjtjiEk,False,True,False,legacy_only
T8HPu3QiNr0,True,False,False,phase2_missing_transcript
T9W6XoM-x4A,True,False,False,phase2_missing_transcript
TBxnBuUNiBE,True,False,False,phase2_missing_transcript
TFhoDtY-pUM,True,False,False,phase2_missing_transcript
THvRM-RU764,False,True,True,legacy_only_with_transcript
TIYky_bDxNM,False,True,False,legacy_only
TJ05yEnMLq8,False,True,False,legacy_only
TLNnshDVRao,False,True,True,legacy_only_with_transcript
TMmlL9bXdg0,False,True,True,legacy_only_with_transcript
TVlLod9gHW8,False,True,True,legacy_only_with_transcript
TW1jRrO1ob0,False,True,True,legacy_only_with_transcript
TaMHJzT5GD8,True,False,False,phase2_missing_transcript
Tc2elWuujqw,False,True,True,legacy_only_with_transcript
TcUzZ4fVtG4,False,True,True,legacy_only_with_transcript
TgeKz4aMaZw,False,True,False,legacy_only
TkEYoutPz7g,False,True,False,legacy_only
TkHu7xkWfbU,False,True,False,legacy_only
TmFeVZrZDbg,True,False,False,phase2_missing_transcript
TpTRtaSEGrE,True,False,False,phase2_missing_transcript
TqIilxEuvFI,False,True,False,legacy_only
Tqk_H51lqr0,False,True,True,legacy_only_with_transcript
Tx1dODB8ox0,False,True,True,legacy_only_with_transcript
U-BzvigYCK8,False,True,False,legacy_only
U0n5zsW2iT8,False,True,False,legacy_only
U7uJI2m-W1Q,True,False,False,phase2_missing_transcript
U8Xap8TH2kM,True,False,False,phase2_missing_transcript
U8tPNIJgIdk,True,False,False,phase2_missing_transcript
U9beCVRmpCc,True,False,False,phase2_missing_transcript
UG8DzCVxldI,True,False,False,phase2_missing_transcript
UHhXcXrHbFA,True,False,False,phase2_missing_transcript
UInzQ1ZCR0E,True,False,False,phase2_missing_transcript
UJPAHpPTt1Y,True,False,False,phase2_missing_transcript
UKD0yfZHj4Y,False,True,False,legacy_only
ULYfXTvQRgw,False,True,True,legacy_only_with_transcript
UMSIaxSdOa4,True,False,False,phase2_missing_transcript
US9UELGrkWE,True,False,False,phase2_missing_transcript
UUCxcpRIovU,False,True,False,legacy_only
UV-kfLDCDHE,False,True,True,legacy_only_with_transcript
UVoznB0DW5k,True,False,False,phase2_missing_transcript
UZ8Er3yfWQQ,True,False,False,phase2_missing_transcript
UdP_gGiIWq0,True,False,False,phase2_missing_transcript
Ug8OoFAFfZ0,False,True,True,legacy_only_with_transcript
Ui4Evwvx2io,True,False,False,phase2_missing_transcript
Uj7KlwPMsKU,False,True,True,legacy_only_with_transcript
Uk2MNaV2cW8,True,False,False,phase2_missing_transcript
UlQn95zsEe8,True,True,False,phase2_missing_transcript
UnNImpebWA8,False,True,True,legacy_only_with_transcript
Uq5lLuKMMKQ,False,True,False,legacy_only
UqFEcKCGCRI,True,False,False,phase2_missing_transcript
Us69_36cjg0,True,False,False,phase2_missing_transcript
UtZhEoHiido,True,False,False,phase2_missing_transcript
UwKuh0x56dM,False,True,True,legacy_only_with_transcript
Ux0Cc9Gj5R8,False,True,True,legacy_only_with_transcript
UxnQCbsBc2c,True,False,False,phase2_missing_transcript
Uyr5O1Twadg,True,False,False,phase2_missing_transcript
V-f6lHtjtKo,False,True,True,legacy_only_with_transcript
V33bIkpFR1A,True,False,False,phase2_missing_transcript
V3M7z2b5Sx4,True,False,False,phase2_missing_transcript
V4QOUPfdhzk,False,True,True,legacy_only_with_transcript
V4bK7BdAm-o,True,False,False,phase2_missing_transcript
VEu1MUKMAHU,True,False,False,phase2_missing_transcript
VHEbukPnpoU,False,True,True,legacy_only_with_transcript
VKqzSv509xk,True,False,False,phase2_missing_transcript
VLf_UT-d_Ao,True,False,False,phase2_missing_transcript
VPJwv5iWDF4,True,False,False,phase2_missing_transcript
VR0brYQrBTA,False,True,True,legacy_only_with_transcript
VT5itSvfn5g,True,False,False,phase2_missing_transcript
VWRLYm3qBI4,True,False,False,phase2_missing_transcript
VXxv1V4_7qg,True,False,False,phase2_missing_transcript
V_qBVguvIkc,True,False,False,phase2_missing_transcript
VaNjy2uH4vk,False,True,False,legacy_only
VbC5UGqsh24,True,False,False,phase2_missing_transcript
VbEvG2anY9Y,False,True,False,legacy_only
VbFIwa_nM6g,False,True,False,legacy_only
VjcqJMSG0ss,False,True,False,legacy_only
Vk6H0oT1n2U,True,True,True,phase2_with_transcript
Vlbp-5Rvs6s,False,True,False,legacy_only
VrapD4xGH1k,False,True,False,legacy_only
VsGPjzPndHc,True,False,False,phase2_missing_transcript
Vts-iZHyPgA,False,True,False,legacy_only
VuWWSufO4as,True,False,False,phase2_missing_transcript
VuvYdsYQnH4,False,True,True,legacy_only_with_transcript
VwdQtYw-F6E,True,False,False,phase2_missing_transcript
VzBqEC3qk3Q,True,False,False,phase2_missing_transcript
W368mCxoVwg,False,True,False,legacy_only
W8eP9ZZqofU,True,False,False,phase2_missing_transcript
WAD8Wao5gQw,True,False,False,phase2_missing_transcript
WAfOhlCp914,True,False,False,phase2_missing_transcript
WByunqNwPQU,False,True,True,legacy_only_with_transcript
WDhvcUSkggo,True,False,False,phase2_missing_transcript
WEjHA0rWaJ4,True,False,False,phase2_missing_transcript
WG4UmATp1Vs,True,False,False,phase2_missing_transcript
WMFphvkfX1E,False,True,True,legacy_only_with_transcript
WN-tmK4LVC4,False,True,False,legacy_only
WOQMuj49-IY,True,False,False,phase2_missing_transcript
WOmwRyHehAE,False,True,False,legacy_only
WRBvlfHrhsc,False,True,False,legacy_only
WSqRYyKPWeY,True,False,False,phase2_missing_transcript
WWvE-QGVmAM,True,False,False,phase2_missing_transcript
WXuj8s3xYo8,False,True,True,legacy_only_with_transcript
WcbyV7bdIyg,False,True,False,legacy_only
Wl1FCBaqLWk,True,False,False,phase2_missing_transcript
Wn8MJoHHzq0,True,False,False,phase2_missing_transcript
WnpukzPVEqk,True,False,False,phase2_missing_transcript
WrMB_KCXHPg,False,True,True,legacy_only_with_transcript
Wrmyf45wbKs,False,True,False,legacy_only
Ws0jp5dBp3k,False,True,False,legacy_only
WvRdKQ_kSSY,True,False,False,phase2_missing_transcript
Ww1xXM9xTrM,False,True,False,legacy_only
WwaHfZiLoXk,True,False,False,phase2_missing_transcript
WxdR0Vmm8QA,False,True,True,legacy_only_with_transcript
X-AEzhkysCg,False,True,True,legacy_only_with_transcript
X-tPKbsk-i4,False,True,False,legacy_only
X0f2R6H98BQ,True,False,False,phase2_missing_transcript
X3FKttoVT8k,False,True,True,legacy_only_with_transcript
X3m7mfvdWVo,False,True,False,legacy_only
X4vawOYpQug,False,True,False,legacy_only
X7C8INDnWh0,False,True,True,legacy_only_with_transcript
XGA1gZgDvL0,False,True,False,legacy_only
XIYz7Wmk1MU,False,True,False,legacy_only
XKJ_HbY2sF0,False,True,False,legacy_only
XKe8oiQDR68,True,False,False,phase2_missing_transcript
XRmDFoEIk8I,True,False,False,phase2_missing_transcript
XZtA3D5fdJs,False,True,True,legacy_only_with_transcript
XaQqwIuvDnM,False,True,True,legacy_only_with_transcript
XgAMQHR7AxY,True,False,False,phase2_missing_transcript
XgPRT2axJUM,True,False,False,phase2_missing_transcript
XgbnqeGbSoQ,True,False,False,phase2_missing_transcript
Xh2q22BxBCY,True,False,False,phase2_missing_transcript
XhkFTHoxCbk,False,True,False,legacy_only
XiudRQ8pKew,False,True,False,legacy_only
XjzM546PQ6E,True,False,False,phase2_missing_transcript
XoKsd-IwLpQ,True,False,False,phase2_missing_transcript
Xqxd3CR-EOg,False,True,True,legacy_only_with_transcript
Xr6ZOn6Xd7E,True,False,False,phase2_missing_transcript
Xr7UpJjARrQ,True,False,False,phase2_missing_transcript
XynBQsj8LR8,False,True,False,legacy_only
Y22QyEabXpE,False,True,False,legacy_only
Y3jdneCmRt4,False,True,False,legacy_only
Y69md6XRncU,True,False,False,phase2_missing_transcript
Y7Ye51p2Fj4,True,False,False,phase2_missing_transcript
Y8qXuYLvz10,True,False,False,phase2_missing_transcript
YBHWmwc58ZY,False,True,False,legacy_only
YLY5hrkQgWY,True,False,False,phase2_missing_transcript
YPTLbfMieGg,False,True,False,legacy_only
YX8H6vxWFMw,False,True,False,legacy_only
YZKtJgUWw1U,False,True,False,legacy_only
YdBlP7DlYek,False,True,True,legacy_only_with_transcript
Ye91XcDdXKo,False,True,False,legacy_only
YfPwMRCAzj4,False,True,True,legacy_only_with_transcript
YfWowfZ61ks,False,True,False,legacy_only
YhPYs9UydcY,False,True,False,legacy_only
Yigk4vZH_tM,False,True,False,legacy_only
YjFYaNyfq4Y,False,True,True,legacy_only_with_transcript
YjiizPn7oNs,False,True,False,legacy_only
Ym5Nx64_BJo,False,True,False,legacy_only
Ymi8Cov8hg0,True,False,False,phase2_missing_transcript
YnOJWCdX0eY,False,True,False,legacy_only
YnpWEXUA2WI,True,False,False,phase2_missing_transcript
Ypwn-vB5jvw,True,False,False,phase2_missing_transcript
YqBK6R_wCTs,True,False,False,phase2_missing_transcript
YszEM0XTw9c,False,True,False,legacy_only
YuN7qDutOQc,True,False,False,phase2_missing_transcript
YwMEcKsq_R0,True,False,False,phase2_missing_transcript
YxIl9KqBj2U,False,True,False,legacy_only
Z-5cexT4CaI,True,False,False,phase2_missing_transcript
Z-p2ze9jecw,True,False,False,phase2_missing_transcript
Z09qEkLoVeo,True,False,False,phase2_missing_transcript
Z4diFKcv3gE,True,False,False,phase2_missing_transcript
Z6jMEMLRfXI,False,True,True,legacy_only_with_transcript
Z7O9IBS4cgQ,False,True,False,legacy_only
Z8ASYVjkEOg,False,True,True,legacy_only_with_transcript
ZEQ4X6SV85U,False,True,False,legacy_only
ZEzs6A3wiW0,False,True,True,legacy_only_with_transcript
ZFuazWOx7eQ,False,True,True,legacy_only_with_transcript
ZKbE0otIDaE,True,False,False,phase2_missing_transcript
ZNmXEDIpuXg,False,True,True,legacy_only_with_transcript
ZO0yj8NEb4g,False,True,True,legacy_only_with_transcript
ZOerekxwWsE,False,True,False,legacy_only
ZPr-uZMwQY4,False,True,False,legacy_only
ZPvjYdERaEI,True,False,False,phase2_missing_transcript
ZQt8OSTmXj0,False,True,True,legacy_only_with_transcript
ZVFCHZHDGR0,False,True,False,legacy_only
ZaA653fHNbI,True,False,False,phase2_missing_transcript
Zb3NOnN70pQ,False,True,True,legacy_only_with_transcript
ZbicnLm4Upw,False,True,True,legacy_only_with_transcript
Zedcdp4LDI4,False,True,False,legacy_only
ZelH0Jywa5Q,True,False,False,phase2_missing_transcript
Zfeh1FUs-Ho,False,True,True,legacy_only_with_transcript
Zi6BXd5OjrI,True,False,False,phase2_missing_transcript
Zw9gOSluAgs,False,True,True,legacy_only_with_transcript
ZyL0KYXzLUk,True,False,False,phase2_missing_transcript
_0MwXCqfBhI,False,True,False,legacy_only
_2N76VAMTTg,False,True,False,legacy_only
_8IpP4tZP4k,True,False,False,phase2_missing_transcript
_Clih3Gxw8w,True,False,False,phase2_missing_transcript
_IKq9_hxfR8,True,False,False,phase2_missing_transcript
_Os9D-PwLC4,True,False,False,phase2_missing_transcript
_RfGDud954c,False,True,True,legacy_only_with_transcript
_W9uV2M5Lk4,False,True,True,legacy_only_with_transcript
_W_YVNiXGGE,False,True,False,legacy_only
_XD1y8gB5uw,True,False,False,phase2_missing_transcript
_Yw5vdlCb84,True,False,False,phase2_missing_transcript
_ZsocsKw4b4,False,True,False,legacy_only
__cd-Hi0gnQ,True,False,False,phase2_missing_transcript
_czzoFZX0hE,True,False,False,phase2_missing_transcript
_eGMMUy1QmM,False,True,False,legacy_only
_giKMfAT04A,False,True,False,legacy_only
_gnqE3gleVk,False,True,False,legacy_only
_toQO6FP6eQ,False,True,False,legacy_only
_uNzZEEOHsQ,True,False,False,phase2_missing_transcript
a3JgCq_Nj54,False,True,False,legacy_only
a82BHNj5ckc,False,True,False,legacy_only
aBw1tuS36HY,True,False,False,phase2_missing_transcript
aCShfdSnJYA,False,True,False,legacy_only
aEHLa5sa_T8,False,True,False,legacy_only
aFcZReES734,False,True,True,legacy_only_with_transcript
aIIEI33EUqI,False,True,False,legacy_only
aIuo_SLGMVc,True,False,False,phase2_missing_transcript
aJcRd6zIqUw,False,True,True,legacy_only_with_transcript
aJouQlY2EXA,False,True,True,legacy_only_with_transcript
aM0kgKIz9UM,True,False,False,phase2_missing_transcript
aNtU9ckvUUc,False,True,False,legacy_only
aQ3znaD0cCg,True,False,False,phase2_missing_transcript
aRZPKYnfYS0,False,True,True,legacy_only_with_transcript
aTuGRHXZlEM,False,True,False,legacy_only
aa8oTro4zvE,False,True,False,legacy_only
acDFS8j7MCs,True,False,False,phase2_missing_transcript
acHlKJjhxBs,False,True,True,legacy_only_with_transcript
acfiSv4S9aY,False,True,True,legacy_only_with_transcript
ad8IrsK5oTc,False,True,True,legacy_only_with_transcript
admX6957Epc,False,True,False,legacy_only
ae9s3uSs09A,False,True,False,legacy_only
agqZWtuol2E,False,True,True,legacy_only_with_transcript
ahO5rVyXtBw,True,False,False,phase2_missing_transcript
ahXBJe3GWiQ,False,True,False,legacy_only
ak80a2B_oAs,False,True,False,legacy_only
aoIxsKGu69I,True,False,False,phase2_missing_transcript
aoMMiEGVz3w,False,True,False,legacy_only
aqUwqN4UbGU,False,True,False,legacy_only
atFX3FjIx4Y,False,True,True,legacy_only_with_transcript
atUqSETYmmo,True,False,False,phase2_missing_transcript
azMcABrZNuo,False,True,True,legacy_only_with_transcript
b5mG-SUWuGk,False,True,False,legacy_only
b89U8h63uSI,True,False,False,phase2_missing_transcript
b9OTdjVl7o4,False,True,False,legacy_only
bJR4oEt6y-c,True,False,False,phase2_missing_transcript
bJgAp7SRgMk,True,False,False,phase2_missing_transcript
bLV-SO_FDbA,False,True,True,legacy_only_with_transcript
bMY2KUyz330,True,False,False,phase2_missing_transcript
bPeRBLQeSDw,False,True,True,legacy_only_with_transcript
bUbKvHgR9sc,True,False,False,phase2_missing_transcript
bY8j85ac634,False,True,False,legacy_only
bYf5oUBqcvs,True,False,False,phase2_missing_transcript
ba5bDFK5IcA,False,True,False,legacy_only
bccEoJ0G6qE,True,False,False,phase2_missing_transcript
bfagZf_1n-s,False,True,True,legacy_only_with_transcript
bj1jqaSsXvM,True,False,False,phase2_missing_transcript
bnKWCuyZQy0,True,False,False,phase2_missing_transcript
boY0d9-ECrI,True,False,False,phase2_missing_transcript
bq_vX0Uz9SA,False,True,True,legacy_only_with_transcript
btBM0lRRwlQ,True,False,False,phase2_missing_transcript
c8A_BkXMcKA,True,False,False,phase2_missing_transcript
c9LrrYZVGsg,False,True,False,legacy_only
cABZMOjn23I,False,True,False,legacy_only
cEebNNbLlQU,True,False,False,phase2_missing_transcript
cFooVAkqFiU,True,False,False,phase2_missing_transcript
cJEAK5Qks9U,True,False,False,phase2_missing_transcript
cMqkFWlaguo,False,True,True,legacy_only_with_transcript
cQd85Evi0ak,True,False,False,phase2_missing_transcript
cTKSKpPBWZ4,False,True,False,legacy_only
cTROSBZjNoU,False,True,False,legacy_only
cU34euFNPN0,False,True,True,legacy_only_with_transcript
cbQTJMmoqic,False,True,True,legacy_only_with_transcript
cfSJh6lQGUM,True,False,False,phase2_missing_transcript
cgJCsshL4Fk,False,True,False,legacy_only
cgntdQFL3IA,False,True,False,legacy_only
ch5C8xn2IXc,False,True,False,legacy_only
cipmQDkJWRk,True,False,False,phase2_missing_transcript
ckQIyUR-YYQ,True,False,False,phase2_missing_transcript
clhT4OwJ_SQ,True,False,False,phase2_missing_transcript
cpePPqa-iYw,False,True,True,legacy_only_with_transcript
cpgmUSfA334,True,False,False,phase2_missing_transcript
cphIHGmikOs,True,False,False,phase2_missing_transcript
cyUhWpbpho8,False,True,True,legacy_only_with_transcript
d-wau41ipnA,True,False,False,phase2_missing_transcript
d5rD6w6zgpQ,False,True,True,legacy_only_with_transcript
dAShZEWOZk8,False,True,False,legacy_only
dAaBy_m3K3s,False,True,False,legacy_only
dDGzam7WYEE,True,False,False,phase2_missing_transcript
dGKd7pdpdJ0,True,False,False,phase2_missing_transcript
dHJUV_WBYp8,False,True,False,legacy_only
dIiWtTgIfvI,False,True,True,legacy_only_with_transcript
dLYgy46XqCA,False,True,True,legacy_only_with_transcript
dN7-tXsrjYk,True,False,False,phase2_missing_transcript
dP59MeR6BPI,False,True,False,legacy_only
dPGr8P5zcsE,False,True,True,legacy_only_with_transcript
dU0Y-ZTNYxo,True,False,False,phase2_missing_transcript
dW9UwLVjvak,True,False,False,phase2_missing_transcript
dYHa2AQPw2g,False,True,False,legacy_only
d_PYT6CElGg,True,False,False,phase2_missing_transcript
d_PgNocg3z4,True,False,False,phase2_missing_transcript
deco9KHty04,True,False,False,phase2_missing_transcript
dhrsxFdkzNQ,True,False,False,phase2_missing_transcript
dqBIj2O3Pdk,True,False,False,phase2_missing_transcript
dsbK-YLLB-U,True,False,False,phase2_missing_transcript
dvwixpYQqpo,False,True,True,legacy_only_with_transcript
dzFhf3u6hFQ,False,True,True,legacy_only_with_transcript
e0WDBtTr7_o,True,False,False,phase2_missing_transcript
e2LOM-0nNIc,False,True,False,legacy_only
e47u4UDfWOg,True,False,False,phase2_missing_transcript
e6VrBKMUWdE,True,False,False,phase2_missing_transcript
e7G67tPRJcE,False,True,False,legacy_only
e7HIxPFbmbI,True,False,False,phase2_missing_transcript
e81UHZM44vU,True,False,False,phase2_missing_transcript
eASFJmBpxwg,False,True,False,legacy_only
eBiqclDEXSM,False,True,False,legacy_only
eJ86TdGHuEA,True,False,False,phase2_missing_transcript
ePBum2c2t9s,False,True,False,legacy_only
eUfaQnDrZxQ,True,False,False,phase2_missing_transcript
eVoTk4wza3U,False,True,False,legacy_only
eVqSWsY_HpQ,True,False,False,phase2_missing_transcript
eWjwbFEcIes,True,False,False,phase2_missing_transcript
eZHXGH0ZrSo,False,True,True,legacy_only_with_transcript
ebvmT7p-b3U,True,False,False,phase2_missing_transcript
eeaerqpZd7g,True,False,False,phase2_missing_transcript
efA3x_JgQd4,False,True,False,legacy_only
efbMFVYfZhA,True,False,False,phase2_missing_transcript
ei6Ih8NTqb8,True,False,False,phase2_missing_transcript
eio-fZMds7E,True,False,False,phase2_missing_transcript
ekcmhzhKMoM,False,True,True,legacy_only_with_transcript
ekzlBsSR8RU,True,False,False,phase2_missing_transcript
elHTghHdW5Y,False,True,False,legacy_only
elZ98SR4PNM,True,False,False,phase2_missing_transcript
epQ8hqrqMrg,True,False,False,phase2_missing_transcript
eryn0fY0e6Q,False,True,False,legacy_only
etHlu9QTTRM,True,False,False,phase2_missing_transcript
euediogFLv4,True,False,False,phase2_missing_transcript
evK_LVE-lwo,False,True,False,legacy_only
ewA_8ffCVds,False,True,True,legacy_only_with_transcript
f0l1TH8N3fQ,True,False,False,phase2_missing_transcript
f3PH1cvX8sM,True,False,False,phase2_missing_transcript
fB9oudYZhi0,False,True,False,legacy_only
fNLgsu4hkMQ,False,True,False,legacy_only
fOA0UJx7oRw,False,True,False,legacy_only
fRuY9gdDD3c,True,False,False,phase2_missing_transcript
fY70rPwLt4s,False,True,False,legacy_only
fZ269RBWrIg,True,False,False,phase2_missing_transcript
fbpwpTzF-oY,True,False,False,phase2_missing_transcript
fe3HotuqUxA,False,True,True,legacy_only_with_transcript
fhX153rnFa8,True,False,False,phase2_missing_transcript
fhbbwc5Q74I,False,True,True,legacy_only_with_transcript
fi98oUBFJv0,False,True,True,legacy_only_with_transcript
fmm7OI7oStQ,False,True,False,legacy_only
fn0b2ndPwys,True,False,False,phase2_missing_transcript
fnEClqDmnyQ,False,True,False,legacy_only
fpu7C9y1lKY,False,True,False,legacy_only
fqwY61YW1Kc,False,True,False,legacy_only
fsWitGfWyHI,True,False,False,phase2_missing_transcript
fttgo7eoNFw,False,True,False,legacy_only
fvsC4x4VBpM,True,True,True,phase2_with_transcript
fys2jjfYeYw,False,True,True,legacy_only_with_transcript
g1H49l0pL98,False,True,True,legacy_only_with_transcript
g1oTXSPqPAY,False,True,True,legacy_only_with_transcript
g7LO_EmHweg,False,True,False,legacy_only
g8MvYG7afaE,True,False,False,phase2_missing_transcript
g9Djb2ve7j0,True,False,False,phase2_missing_transcript
gGxfBc2BnNs,True,False,False,phase2_missing_transcript
gJk-AgfvS_4,False,True,True,legacy_only_with_transcript
gK7m9cLSQJ4,False,True,False,legacy_only
gNQyUal5xhQ,False,True,True,legacy_only_with_transcript
gQ03slMQ8ko,False,True,True,legacy_only_with_transcript
gQJHzjUXk_M,False,True,False,legacy_only
gQw6xE3PXZM,False,True,False,legacy_only
gSBWffqHkss,True,False,False,phase2_missing_transcript
gSpwZOzqbWI,False,True,True,legacy_only_with_transcript
gZhY00KThDQ,False,True,False,legacy_only
gZi7H-scLCA,True,False,False,phase2_missing_transcript
gk7YtCg32HA,False,True,True,legacy_only_with_transcript
gmbXXidEAS8,True,False,False,phase2_missing_transcript
gpXdaM7_P6U,False,True,True,legacy_only_with_transcript
gyoHZvaX_W8,False,True,False,legacy_only
gyzZ0NEALWU,True,False,False,phase2_missing_transcript
gzzheaIcPvw,False,True,False,legacy_only
h04WxS5eoik,False,True,False,legacy_only
h0UrbyV3jUY,True,False,False,phase2_missing_transcript
h1OxpsDKpHM,True,False,False,phase2_missing_transcript
h25_SJQ1JdM,False,True,False,legacy_only
h2vSw6cFllk,False,True,False,legacy_only
h5Urt5O7jmM,False,True,False,legacy_only
h6BWo6jsiLA,True,False,False,phase2_missing_transcript
h7cDzRJTBqE,True,False,False,phase2_missing_transcript
h8Kn1BcuLjE,False,True,True,legacy_only_with_transcript
h8_Wojxcb3s,False,True,False,legacy_only
hDRgMd6DmIo,False,True,True,legacy_only_with_transcript
hEvQgTEe5eY,True,False,False,phase2_missing_transcript
hFpm0Q6hFTc,True,False,False,phase2_missing_transcript
hJbRpHZr_d0,True,True,True,phase2_with_transcript
hJsRLYfa5vA,False,True,False,legacy_only
hPz_P3AXdsk,True,False,False,phase2_missing_transcript
hSPBcQJ4Tx8,True,False,False,phase2_missing_transcript
hV5kJH4ODhs,False,True,False,legacy_only
hZkdJw2n5G4,True,False,False,phase2_missing_transcript
h_3xhGmBEW0,True,False,False,phase2_missing_transcript
ha8MlYhTXyg,True,False,False,phase2_missing_transcript
hbXlKH9WcBQ,False,True,False,legacy_only
hcE7hTlGTxw,False,True,False,legacy_only
hg-7Lyr4zfk,False,True,False,legacy_only
hg6HLBWpbcM,True,False,False,phase2_missing_transcript
hgXh4O1k-pM,True,True,False,phase2_missing_transcript
hhBk9OFBFWk,True,False,False,phase2_missing_transcript
hhpZxb7v5eg,True,False,False,phase2_missing_transcript
hiYhJtcB1eg,True,False,False,phase2_missing_transcript
hl3lWfLfDwA,True,False,False,phase2_missing_transcript
hlgCifQfPnk,True,False,False,phase2_missing_transcript
hnOJOa6X-tI,False,True,True,legacy_only_with_transcript
hnWu7d9JEVg,False,True,False,legacy_only
hnjw5VT6Wvo,False,True,True,legacy_only_with_transcript
horGTVaBTHQ,False,True,False,legacy_only
hqSZI4xHvw8,True,False,False,phase2_missing_transcript
hqX7RyyR-eI,False,True,False,legacy_only
hqdwkIQy4RM,False,True,False,legacy_only
i-Nuc_L4mio,True,False,False,phase2_missing_transcript
i-liV2oL3UM,True,False,False,phase2_missing_transcript
i0SD-sKy5VM,True,False,False,phase2_missing_transcript
i4msUSBffpU,True,False,False,phase2_missing_transcript
iHElBCn0BMI,False,True,False,legacy_only
iHwQb0U3ioA,False,True,True,legacy_only_with_transcript
iII_o5iEnX4,False,True,False,legacy_only
iIuVHilBjjM,False,True,False,legacy_only
iKZTGx6BhOg,False,True,False,legacy_only
iNE_0MHCPBg,True,False,False,phase2_missing_transcript
iQel86HoW9M,True,False,False,phase2_missing_transcript
idv2G_oe8Wc,False,True,False,legacy_only
ieIBcZvf-Fw,True,False,False,phase2_missing_transcript
igBXO3PV6j8,False,True,False,legacy_only
iiFNMAo_0oA,False,True,False,legacy_only
ijS-ruHh_-8,True,False,False,phase2_missing_transcript
ikJlW0G0RDA,False,True,False,legacy_only
ipNOuCnDnaw,False,True,False,legacy_only
ipitZ_o2ut4,False,True,True,legacy_only_with_transcript
iqFu1awvhws,False,True,True,legacy_only_with_transcript
iqvonA0delQ,False,True,False,legacy_only
isDbVzostl8,False,True,False,legacy_only
itEAUfcbYwE,False,True,False,legacy_only
j-f0YHcix90,True,False,False,phase2_missing_transcript
j-uKhBSLL48,True,False,False,phase2_missing_transcript
j5PO8y5YGCo,False,True,False,legacy_only
jHyYaM2oe1E,True,False,False,phase2_missing_transcript
jIazwehjh1Y,False,True,False,legacy_only
jKJWQkQWlTI,True,False,False,phase2_missing_transcript
jMKJYZDqTks,True,False,False,phase2_missing_transcript
jPY5qpGjC4w,False,True,False,legacy_only
jTt72dqMZEU,False,True,False,legacy_only
jZeHD7ysyfw,True,False,False,phase2_missing_transcript
jbwx4QGkqVo,True,False,False,phase2_missing_transcript
jf2XPQlp4-M,True,False,False,phase2_missing_transcript
jhKwgdUmCDk,True,True,False,phase2_missing_transcript
jjIdKAP6PEM,False,True,True,legacy_only_with_transcript
jo790nD7lyE,False,True,False,legacy_only
jpplGOtUdfA,False,True,False,legacy_only
jq3XAReBLtQ,True,False,False,phase2_missing_transcript
jwT2IjDGov8,False,True,True,legacy_only_with_transcript
jzL34Tflum4,False,True,False,legacy_only
jzXaQdTqCdM,True,False,False,phase2_missing_transcript
k1o-qz6eCik,True,False,False,phase2_missing_transcript
k2JHTLlqGuE,True,False,False,phase2_missing_transcript
k3ah_oe8tus,True,False,False,phase2_missing_transcript
k4QR0Xx105s,False,True,False,legacy_only
k4ShTgGxw2c,False,True,True,legacy_only_with_transcript
k8VvGUMDyk4,False,True,False,legacy_only
kC8obfUPN1I,True,False,False,phase2_missing_transcript
kD5FRSTMquw,False,True,True,legacy_only_with_transcript
kMvjE4XbbSU,True,False,False,phase2_missing_transcript
kNbT-o10TeM,False,True,False,legacy_only
kT4s6iZ6mJI,True,False,False,phase2_missing_transcript
kWv-y0TnXgY,False,True,False,legacy_only
keKQxTcz74I,True,False,False,phase2_missing_transcript
kedNHLO5hbo,False,True,False,legacy_only
kf5vQsizv4Q,False,True,True,legacy_only_with_transcript
kkvjhnSG3pQ,True,False,False,phase2_missing_transcript
kpdfHJ7x0dY,True,False,False,phase2_missing_transcript
kq0zMkc1jQw,True,False,False,phase2_missing_transcript
kvd5fCy-ITE,True,False,False,phase2_missing_transcript
kw4G_lFolN8,True,False,False,phase2_missing_transcript
l43cXcxA2Pk,False,True,True,legacy_only_with_transcript
l7_7DjjjTw8,True,False,False,phase2_missing_transcript
l9DWNZ0T4Dg,True,False,False,phase2_missing_transcript
lA9dHOAGUjs,True,False,False,phase2_missing_transcript
lAzBdzQKjVw,True,False,False,phase2_missing_transcript
lEiSE7ibUsI,False,True,False,legacy_only
lF1mDjagcFw,True,False,False,phase2_missing_transcript
lFzm6nIcyoE,True,False,False,phase2_missing_transcript
lKQ3WGLDBjQ,True,False,False,phase2_missing_transcript
lO7RbqPwyz4,True,False,False,phase2_missing_transcript
lRC3UxJF3ZM,True,False,False,phase2_missing_transcript
lULmgJ2vUJI,False,True,False,legacy_only
lUr2dWL-2sg,False,True,True,legacy_only_with_transcript
lWBtlB2oacE,False,True,False,legacy_only
lWmAbivkXj4,False,True,False,legacy_only
lZEucvNNLGg,False,True,False,legacy_only
laKrFedAIYs,True,False,False,phase2_missing_transcript
leGcsIJulLs,False,True,False,legacy_only
lgr6pC8NZ7c,False,True,True,legacy_only_with_transcript
lgw4BkLmugU,True,False,False,phase2_missing_transcript
lhw5-pJoPNk,False,True,True,legacy_only_with_transcript
lk-cywvWusY,False,True,True,legacy_only_with_transcript
lmSGD0I_Xao,True,False,False,phase2_missing_transcript
lnnW0UvLkjw,True,False,False,phase2_missing_transcript
loEP6SecmHE,True,False,False,phase2_missing_transcript
lpphjLp9dW0,False,True,True,legacy_only_with_transcript
lviLklNIk2Q,True,False,False,phase2_missing_transcript
lwld6izt6cA,True,False,False,phase2_missing_transcript
m0_nDLxdPNo,False,True,False,legacy_only
m52e_p4xgOk,False,True,False,legacy_only
m7QwLD4I5iI,True,False,False,phase2_missing_transcript
mEd409l9LBk,False,True,False,legacy_only
mFKrbvCrs5s,True,False,False,phase2_missing_transcript
mJGq4os7l7g,False,True,True,legacy_only_with_transcript
mRqH2Guqg9U,False,True,False,legacy_only
mTfi7qbHXWA,False,True,False,legacy_only
mUGziCc33GU,False,True,False,legacy_only
mX5OESuWuH8,True,False,False,phase2_missing_transcript
mZVIoVj-L4A,False,True,True,legacy_only_with_transcript
mZsX9tw8FoI,True,False,False,phase2_missing_transcript
mb54KIYrqHg,True,False,False,phase2_missing_transcript
mbQGrnyvCaY,False,True,False,legacy_only
mf2NF6zgu9Q,False,True,False,legacy_only
mmG4jDBWIsU,True,False,False,phase2_missing_transcript
monxOtArSdE,True,False,False,phase2_missing_transcript
mopEtlHBDw8,True,False,False,phase2_missing_transcript
msLMRapvN5w,True,False,False,phase2_missing_transcript
msZiKp5fCyw,True,False,False,phase2_missing_transcript
mtE7UXC5mKo,True,False,False,phase2_missing_transcript
mwvnxket_mc,False,True,False,legacy_only
mya_znJAJeM,False,True,False,legacy_only
n-R4Arbkh-s,False,True,False,legacy_only
n0sFQHoOSxI,False,True,True,legacy_only_with_transcript
n1F9VmD1gmg,True,False,False,phase2_missing_transcript
n2iIQ7PTTXc,False,True,True,legacy_only_with_transcript
n3Zf6ga7ncU,True,False,False,phase2_missing_transcript
n5TVO7Cyd9c,False,True,True,legacy_only_with_transcript
n6HfFdQvkws,False,True,True,legacy_only_with_transcript
n8N-RQgMXmM,True,False,False,phase2_missing_transcript
n9BOJ-yyKX8,False,True,False,legacy_only
nJ2pato-6dw,False,True,False,legacy_only
nKiZsVg8doE,True,False,False,phase2_missing_transcript
nKn8YaL_n2U,True,False,False,phase2_missing_transcript
nMcThfs9AIE,False,True,False,legacy_only
nO7_sRZY8FM,False,True,True,legacy_only_with_transcript
nQ0OXzwXiks,False,True,False,legacy_only
nQmVhIS8fJI,True,False,False,phase2_missing_transcript
nTqqHwIw8jE,False,True,False,legacy_only
nYEYlAKv-d0,False,True,True,legacy_only_with_transcript
nfDc7YjEOdE,False,True,False,legacy_only
nfu0vMz3MUA,False,True,False,legacy_only
niR_ZJu_Gc0,True,False,False,phase2_missing_transcript
nma3F37U1iw,False,True,True,legacy_only_with_transcript
np32NBA0XiU,True,False,False,phase2_missing_transcript
nrp-g2BQ1FA,False,True,True,legacy_only_with_transcript
nvMRN2bf0zY,True,False,False,phase2_missing_transcript
nvvUpRFYpZk,True,False,False,phase2_missing_transcript
nyd-xznCpJc,False,True,False,legacy_only
nz5ureft4mQ,False,True,True,legacy_only_with_transcript
o5y-RR-OqjU,False,True,True,legacy_only_with_transcript
o7k5hYchTrg,False,True,True,legacy_only_with_transcript
o9Op6dPMVZY,True,False,False,phase2_missing_transcript
oFeUcv2Xbes,False,True,False,legacy_only
oGTmDFwcUR4,False,True,False,legacy_only
oLu_vk-XYgY,False,True,False,legacy_only
oNhm7-oGNZI,False,True,False,legacy_only
oNomHQfTA_M,True,False,False,phase2_missing_transcript
oPleUTwnEt4,True,False,False,phase2_missing_transcript
oUjU4PSdpGY,False,True,True,legacy_only_with_transcript
oW9LOUCGsiU,True,False,False,phase2_missing_transcript
oX6I6vs1EFs,False,True,False,legacy_only
oYLY4KyNukI,True,False,False,phase2_missing_transcript
ocuerNUWTaM,True,False,False,phase2_missing_transcript
og_Xqy_IHpY,True,False,False,phase2_missing_transcript
ohIQbrp5ifg,False,True,True,legacy_only_with_transcript
oqnebrp_uh0,True,False,False,phase2_missing_transcript
or6mG6Sj-Mw,True,False,False,phase2_missing_transcript
osGhDKjhHWU,True,False,False,phase2_missing_transcript
otGmdJKC1mE,True,True,True,phase2_with_transcript
owcFlE2oe5o,True,False,False,phase2_missing_transcript
oxBFAlHXwSw,False,True,False,legacy_only
oxV3w42RtWE,False,True,False,legacy_only
ozzlSxcDp6o,True,False,False,phase2_missing_transcript
p1LbPWuaFJA,True,False,False,phase2_missing_transcript
p1gfIHVzFv0,False,True,False,legacy_only
p5bDLhtCygo,False,True,False,legacy_only
pBvrz1E2oXg,True,False,False,phase2_missing_transcript
pFIF9-zfelY,False,True,False,legacy_only
pHs84qahXt8,False,True,False,legacy_only
pN4Wv_8DDT0,True,False,False,phase2_missing_transcript
pNDR2cHqdZ4,False,True,True,legacy_only_with_transcript
pODBBQE637I,False,True,True,legacy_only_with_transcript
pORdexOKJ7E,True,False,False,phase2_missing_transcript
pSjXJBEdLhQ,True,False,False,phase2_missing_transcript
pTpoIxe_3C8,True,False,False,phase2_missing_transcript
pUDMxxoNe88,True,False,False,phase2_missing_transcript
pVMoE6ISi0c,False,True,True,legacy_only_with_transcript
pVpQ0sMPXvs,False,True,True,legacy_only_with_transcript
pW_P1E4g3v8,False,True,True,legacy_only_with_transcript
pgfmCg6-Poc,True,False,False,phase2_missing_transcript
piaIDE9_72U,True,False,False,phase2_missing_transcript
pkYT2Jl96aw,False,True,False,legacy_only
psqHgHzaZkQ,False,True,False,legacy_only
puFOuS2sk9w,True,False,False,phase2_missing_transcript
pw7b_iHlpJ8,False,True,True,legacy_only_with_transcript
pxa9i2eotjM,False,True,False,legacy_only
q10D3JUegmE,False,True,True,legacy_only_with_transcript
q5m6tMjcF8k,False,True,True,legacy_only_with_transcript
qAaqF8kgN4M,False,True,True,legacy_only_with_transcript
qBcyeYP6snc,True,False,False,phase2_missing_transcript
qDzYQmJI4tE,True,False,False,phase2_missing_transcript
qGQ-TvsT9pk,True,False,False,phase2_missing_transcript
qGiDcSXeUyw,False,True,False,legacy_only
qMOqrQLJch4,True,False,False,phase2_missing_transcript
qPISCkKM70A,False,True,False,legacy_only
qQYRdiv6Uzc,True,False,False,phase2_missing_transcript
qSDBpZ3aDY4,False,True,False,legacy_only
qUipY3hkyuk,False,True,True,legacy_only_with_transcript
qVvHYyjOMKs,False,True,False,legacy_only
qZGQBgF5Uhk,True,False,False,phase2_missing_transcript
q_0aUDl_DyU,False,True,True,legacy_only_with_transcript
q_eewVT7ZZQ,False,True,False,legacy_only
qaEJuCjQyy0,False,True,True,legacy_only_with_transcript
qbpqq7VB8ek,False,True,True,legacy_only_with_transcript
qk_bP48As5w,False,True,True,legacy_only_with_transcript
qmdbYk9dlpk,False,True,True,legacy_only_with_transcript
qrlR8JYSMu8,True,False,False,phase2_missing_transcript
quLNVEqK7sU,True,False,False,phase2_missing_transcript
qvO6arFk330,False,True,False,legacy_only
qwJuri4y-h4,False,True,True,legacy_only_with_transcript
qwRCjUBN3Ns,True,False,False,phase2_missing_transcript
qxBnGIqKflU,False,True,True,legacy_only_with_transcript
qyUybl8AFCA,True,False,False,phase2_missing_transcript
r-rr9x4b3SU,False,True,True,legacy_only_with_transcript
r7xdgnDNlDM,True,False,False,phase2_missing_transcript
r9znsaHXTM0,True,False,False,phase2_missing_transcript
rAJU5AsaTcc,True,False,False,phase2_missing_transcript
rAKtXjjIYvM,True,False,False,phase2_missing_transcript
rCu4QYhPsuo,False,True,False,legacy_only
rINKCjClLbM,False,True,False,legacy_only
rIhg9dj1AoM,False,True,False,legacy_only
rJsXB33V1u4,True,False,False,phase2_missing_transcript
rOp0boxgcHs,True,False,False,phase2_missing_transcript
rP98Wu7-YM4,True,False,False,phase2_missing_transcript
rTdjQTbm44w,False,True,False,legacy_only
rUuJE4YEVMw,True,False,False,phase2_missing_transcript
r_s9fyqBDDg,True,False,False,phase2_missing_transcript
radAl66VGm4,False,True,False,legacy_only
rcSz2VMCCKU,False,True,True,legacy_only_with_transcript
re3kHp9ASpE,False,True,False,legacy_only
riKrz4kinQM,True,False,False,phase2_missing_transcript
riURtZa6MhU,True,False,False,phase2_missing_transcript
riX52ezg1C0,False,True,False,legacy_only
ridpX-gHIv4,False,True,True,legacy_only_with_transcript
riuwPHJ92l4,False,True,True,legacy_only_with_transcript
rjLFmSXiNS8,False,True,True,legacy_only_with_transcript
rjiuiSiihlE,True,False,False,phase2_missing_transcript
rmTqXCimH6c,False,True,False,legacy_only
rn1Fsc4_x5o,True,False,False,phase2_missing_transcript
ro67GOMTxbs,True,False,False,phase2_missing_transcript
rsD7BTTzAJk,False,True,True,legacy_only_with_transcript
rtF8Y8JOMdQ,False,True,True,legacy_only_with_transcript
rt_u26zF2-s,True,False,False,phase2_missing_transcript
rvqx3ykMPUw,True,False,False,phase2_missing_transcript
rwqxnCbrMsI,False,True,True,legacy_only_with_transcript
s-LKvg_JGws,False,True,False,legacy_only
s13Kt2s9ToI,False,True,False,legacy_only
s1izpoUPv40,False,True,False,legacy_only
s3XjI9qlOCY,True,False,False,phase2_missing_transcript
s48lTIFXmfg,False,True,False,legacy_only
s7Mw13LujzE,True,False,False,phase2_missing_transcript
s8KGHKIF1mU,False,True,False,legacy_only
sHqUVG00auM,True,False,False,phase2_missing_transcript
sMBMcZ9qC1c,True,False,False,phase2_missing_transcript
sR2S1gh9s30,True,False,False,phase2_missing_transcript
sRTrcA3iS3k,False,True,False,legacy_only
sVSCtESeD4E,True,False,False,phase2_missing_transcript
sWPIbPp2rGg,False,True,False,legacy_only
seEJzf3xKuk,False,True,True,legacy_only_with_transcript
seiTzg7frXE,False,True,False,legacy_only
sgYj-8_vS2k,False,True,True,legacy_only_with_transcript
sm6QLZDPFyk,True,False,False,phase2_missing_transcript
smd0j-mQSMg,False,True,True,legacy_only_with_transcript
sqhAuIa5PB4,True,False,False,phase2_missing_transcript
srbLBHWzPIA,True,False,False,phase2_missing_transcript
t-mknfY6GIY,True,False,False,phase2_missing_transcript
t1lLuFgFIi0,False,True,False,legacy_only
t6B6jkuUHEo,True,False,False,phase2_missing_transcript
t8NJ2Ppm7Ho,False,True,False,legacy_only
tALgQWMmE8k,True,False,False,phase2_missing_transcript
tAYDAz0xctI,True,False,False,phase2_missing_transcript
tFXn_fCk0Hw,True,False,False,phase2_missing_transcript
tHkW2akJLfY,True,False,False,phase2_missing_transcript
tNjjAkVRo7o,True,False,False,phase2_missing_transcript
tO2uXTDYWlY,True,False,False,phase2_missing_transcript
tTFBVU3y8kA,False,True,False,legacy_only
tWoy_ZYtB40,False,True,True,legacy_only_with_transcript
tYr0q8HLkQY,True,False,False,phase2_missing_transcript
tZSQ2p6BUrk,False,True,False,legacy_only
t_zfJ5nLQv8,True,False,False,phase2_missing_transcript
ta2r2ut-BOY,False,True,False,legacy_only
tc80x4xIlHA,True,False,False,phase2_missing_transcript
tdplSsPk8tI,True,False,False,phase2_missing_transcript
tjT9Sq7MOz0,True,False,False,phase2_missing_transcript
tjtwW0zGwBU,True,False,False,phase2_missing_transcript
tlQFariES-I,True,False,False,phase2_missing_transcript
tptJW8Syu70,False,True,True,legacy_only_with_transcript
tqbPqSzob_I,True,False,False,phase2_missing_transcript
tsEUXXI4QHs,True,False,False,phase2_missing_transcript
tv95dQ14_Ic,False,True,True,legacy_only_with_transcript
u-ExPW6VGTE,True,False,False,phase2_missing_transcript
u19uXXd0YEk,False,True,False,legacy_only
u1JgC4ZjEJc,True,False,False,phase2_missing_transcript
uDd2O-6Eeds,False,True,False,legacy_only
uQEn4vwwLYg,True,False,False,phase2_missing_transcript
uQg6BrQaXOM,True,False,False,phase2_missing_transcript
uQxvgH4oTTI,True,False,False,phase2_missing_transcript
uRZCB0FquO0,True,False,False,phase2_missing_transcript
uTAestwA504,False,True,False,legacy_only
uTg5Hj67MsI,True,False,False,phase2_missing_transcript
uVvfdG6YyZE,True,False,False,phase2_missing_transcript
uWsNWorJLcM,True,False,False,phase2_missing_transcript
uX6PURK-u3I,False,True,True,legacy_only_with_transcript
uZLjeYZS9Ng,True,False,False,phase2_missing_transcript
uaT2AVAX42w,True,False,False,phase2_missing_transcript
ucLh0_3oE6Y,True,False,False,phase2_missing_transcript
uddfLWI0nRY,True,False,False,phase2_missing_transcript
ulZk2QveRpk,False,True,True,legacy_only_with_transcript
umFpN_DcmMQ,False,True,True,legacy_only_with_transcript
uoSnDX-C43w,True,False,False,phase2_missing_transcript
uoq-XklrKTY,False,True,True,legacy_only_with_transcript
ur7mc5jXyAY,False,True,False,legacy_only
usHeYojExWQ,False,True,False,legacy_only
uxTNtXRP7A4,False,True,True,legacy_only_with_transcript
uxx6xQuwAuM,True,False,False,phase2_missing_transcript
uz5raB6x-vU,False,True,True,legacy_only_with_transcript
v22jnnLdg7M,False,True,False,legacy_only
v29_ChZwR20,True,False,False,phase2_missing_transcript
v3j7ODYGd0s,True,False,False,phase2_missing_transcript
v4keIoV9bL0,False,True,True,legacy_only_with_transcript
v9QMhGittCM,True,False,False,phase2_missing_transcript
v9gRLeQwbq0,False,True,True,legacy_only_with_transcript
vGOqHxPzttE,False,True,False,legacy_only
vH7IsUCDhoU,True,False,False,phase2_missing_transcript
vIA-IAAlZSg,True,False,False,phase2_missing_transcript
vL9Ps7YIssE,True,False,False,phase2_missing_transcript
vOlbsk_ru_U,True,False,False,phase2_missing_transcript
vQ7ZvPghdy8,False,True,True,legacy_only_with_transcript
vRA895CMn1o,True,False,False,phase2_missing_transcript
vSAjQ2TJylE,True,False,False,phase2_missing_transcript
vTy3n0WNsKw,False,True,True,legacy_only_with_transcript
vU8m8teYroQ,True,False,False,phase2_missing_transcript
vbj8NYZbiXI,True,False,False,phase2_missing_transcript
vesCA0lzuzA,True,False,False,phase2_missing_transcript
vga8bkCMCEw,True,False,False,phase2_missing_transcript
vhJC5aCBf-Q,True,False,False,phase2_missing_transcript
vpVp1XsRpco,True,False,False,phase2_missing_transcript
vwaWGxG-J9k,True,False,False,phase2_missing_transcript
vyuVgYsUY24,False,True,True,legacy_only_with_transcript
vzU6rH-TXmI,False,True,False,legacy_only
vzqMklQ5BsM,True,False,False,phase2_missing_transcript
w-qMkgmWA4M,True,False,False,phase2_missing_transcript
w-ujgTZTT5Q,True,False,False,phase2_missing_transcript
w00785UPnbw,True,False,False,phase2_missing_transcript
w3oYX7jaC1w,False,True,True,legacy_only_with_transcript
w4CE-SMokQI,True,False,False,phase2_missing_transcript
w6rDPtxzNdI,False,True,False,legacy_only
w9ifmlcu8eg,False,True,True,legacy_only_with_transcript
w9wacV68ScE,False,True,True,legacy_only_with_transcript
wDHjfbx9wAk,False,True,False,legacy_only
wF2g2CklpUs,True,False,False,phase2_missing_transcript
wMBxhXhRgoQ,True,False,False,phase2_missing_transcript
wOB5cUaunT8,True,True,False,phase2_missing_transcript
wT6dfzpGSNE,True,False,False,phase2_missing_transcript
wXO2eKyoSPA,True,False,False,phase2_missing_transcript
w_GjTWW5jPk,False,True,True,legacy_only_with_transcript
wjPCi1uGOMU,False,True,False,legacy_only
wnyF-J0g2JA,False,True,False,legacy_only
woDftJ5-_hk,True,False,False,phase2_missing_transcript
wq6Dz53epXI,True,False,False,phase2_missing_transcript
wtEaDOwgC_4,False,True,True,legacy_only_with_transcript
wvTFIfbNanM,False,True,False,legacy_only
x-F7IDlG0f0,False,True,True,legacy_only_with_transcript
x2FxMKBV498,False,True,False,legacy_only
x5Z_lDIt_hc,False,True,False,legacy_only
xBbq3rXmWwc,True,False,False,phase2_missing_transcript
xCcS2OPMmyA,False,True,False,legacy_only
xEEJ1iHpf4A,False,True,False,legacy_only
xEtAfM73-xA,False,True,False,legacy_only
xMbodRb99XQ,False,True,False,legacy_only
xOA1_yWcjxY,False,True,False,legacy_only
xOQ1qzDTq0o,True,False,False,phase2_missing_transcript
xR9j7yG-94A,True,False,False,phase2_missing_transcript
xUrEpnQhzEQ,False,True,False,legacy_only
xVg2c3gOQFY,True,False,False,phase2_missing_transcript
xXt-3QilB0o,False,True,False,legacy_only
x_xKEKJrVXo,True,False,False,phase2_missing_transcript
xgI2t7Ig4dg,True,False,False,phase2_missing_transcript
xgIkGdwPqlQ,True,False,False,phase2_missing_transcript
xhdR-Cmk31E,False,True,True,legacy_only_with_transcript
xivKGF3fDpA,True,False,False,phase2_missing_transcript
xlQHn5hSciM,True,False,False,phase2_missing_transcript
xm0_KOSNLTY,True,False,False,phase2_missing_transcript
xm28ewV7S9w,True,False,False,phase2_missing_transcript
xntF71z2o-M,False,True,False,legacy_only
xs4gqGU4VK4,False,True,False,legacy_only
xsf1eHv_vSE,True,False,False,phase2_missing_transcript
xteGOc87tV8,True,False,False,phase2_missing_transcript
xv4iS09x0vo,False,True,False,legacy_only
xvr75gbVs5A,False,True,True,legacy_only_with_transcript
xy1JWUOLZn8,True,False,False,phase2_missing_transcript
y0i5J2u2H0k,False,True,False,legacy_only
y1OPTw2yOlE,False,True,False,legacy_only
y2PQPmXPlzI,True,False,False,phase2_missing_transcript
y4tARqIzJis,True,False,False,phase2_missing_transcript
y74x7XleBs8,False,True,False,legacy_only
y7ANpURzWsQ,True,False,False,phase2_missing_transcript
y7xNiREqa9M,False,True,True,legacy_only_with_transcript
y8aiwgZpzmo,False,True,True,legacy_only_with_transcript
y9yZYylDQ4I,False,True,True,legacy_only_with_transcript
yBxAv4BVgtU,False,True,False,legacy_only
yIzBSD1_gIM,False,True,False,legacy_only
yJmMYPRU_UI,False,True,True,legacy_only_with_transcript
yNQaVDeRj0c,True,False,False,phase2_missing_transcript
yO0OUE_6WLM,True,False,False,phase2_missing_transcript
yOuA6RUxQP4,True,False,False,phase2_missing_transcript
yP__PsrX80A,False,True,True,legacy_only_with_transcript
yQYJQ5cZ-bM,False,True,True,legacy_only_with_transcript
yU_V9zgUo-k,True,False,False,phase2_missing_transcript
yVQc1a_23Nc,False,True,False,legacy_only
yZ9hNDlqwjU,True,False,False,phase2_missing_transcript
ybbOSD7xBEA,False,True,False,legacy_only
ymymYY2d-Bs,False,True,True,legacy_only_with_transcript
ypMTDHZBmAs,False,True,True,legacy_only_with_transcript
ywL_5NITNeY,False,True,True,legacy_only_with_transcript
ywfhwx8ZDHo,False,True,True,legacy_only_with_transcript
yy_khEjkr9Q,False,True,False,legacy_only
yzvnIfQagsc,False,True,False,legacy_only
z-bhOiKg45o,False,True,True,legacy_only_with_transcript
z0xjLB12GYY,True,False,False,phase2_missing_transcript
z7RdbXnjjMc,True,False,False,phase2_missing_transcript
z98ZKHcuhlc,False,True,True,legacy_only_with_transcript
z9BrEEvkMhY,False,True,False,legacy_only
zHHHJqUBbqo,True,False,False,phase2_missing_transcript
zJFk62RSVVY,True,False,False,phase2_missing_transcript
zKPAkvTMOgk,False,True,False,legacy_only
zS90yaIFer0,False,True,True,legacy_only_with_transcript
zSBRpLsXGmg,False,True,True,legacy_only_with_transcript
zSLdcsEe94g,True,False,False,phase2_missing_transcript
zUY_A9R-tco,False,True,False,legacy_only
zXCLFGkUAJg,False,True,False,legacy_only
zXhyG_rJdko,True,False,False,phase2_missing_transcript
zYuEEmmziS0,True,False,False,phase2_missing_transcript
zdIgtTxEzv8,True,False,False,phase2_missing_transcript
zgUnmoFOTts,True,False,False,phase2_missing_transcript
zj-Ba8Lq6Qk,False,True,False,legacy_only
zkK_I-VW6wo,True,False,False,phase2_missing_transcript
zlWhFJoOk6k,False,True,False,legacy_only
znl48C9WgYQ,True,False,False,phase2_missing_transcript
znt2Wu6eXm0,False,True,True,legacy_only_with_transcript
zpbGQYHV3Gc,False,True,True,legacy_only_with_transcript
zqsQ3SLkbgU,True,False,False,phase2_missing_transcript
zyU_jSQsn8g,False,True,False,legacy_only
