video_id,title,channel,upload_date,duration,view_count,year
oYLY4KyNukI,International Yoga Day 2024 | 2024 Theme: Yoga for self and society | World News | WION,WION,20240621,289,2357,2024
DQG9Bcq3Sgs,International Yoga Day 2024: 10th International day of Yoga across the globe | Latest News | WION,WION,20240621,411,1719,2024
LmgN-lRJ3TA,International Yoga Day 2024: How India is connecting the world through Yoga | WION,WION,20240621,391,479,2024
yZ9hNDlqwjU,"2024 Year Marks the 10th International Day Of Yoga With The Theme ""Yoga For Self And Society""",CNN-News18,20240621,597,1352,2024
vRA895CMn1o,International Yoga Day 2024: Indian PM Modi to lead 10th International Day of Yoga | World DNA LIVE,WION,20240621,2925,11143,2024
wXO2eKyoSPA,International Yoga Day | UPSC | Drishti IAS English,Drishti IAS : English,20250621,531,4715,2025
zkK_I-VW6wo,Happy International Yoga Day!  | Yoga Poses for a Better You | #internationalyogaday2024,USR Indu Samiti,20240621,257,3232,2024
VbC5UGqsh24,"International Yoga Day 2024: From New York To New Zealand, The World Celebrates Yoga Day | WION",WION,20240621,145,2957,2024
Jp5n2uTR6oA,“Finding Balance and Calmness through Yoga-Meditation” | 2024 International Yoga Day | English,Yogoda Satsanga Society of India,20240616,3449,8801,2024
lKQ3WGLDBjQ,International Yoga Day 2024 LIVE: PM Modi leads International Day of Yoga celebration from Srinagar,WION,20240621,1355,981,2024
tjT9Sq7MOz0,International Yoga Day 2024 LIVE: PM Modi leads International Day of Yoga celebration from Srinagar,WION,20240621,445,774,2024
4qSSo747st4,International Yoga Day 2024: PM Modi leads Yoga Day celebration in Srinagar | WION Originals,WION,20240621,79,2696,2024
lO7RbqPwyz4,International Yoga Day 2024: How India is connecting the world through Yoga | World News | WION,WION,20240621,264,1224,2024
4cMhh-ZPxkU,International Yoga Day 2024 Yoga demonstration,Yogatali -Traditional Yoga,20240617,492,1168,2024
fbpwpTzF-oY,International Yoga Day 2024: Celebrities who have embraced Yoga | World DNA | WION,WION,20240621,121,997,2024
KSzORKlymhM,International Yoga Day 2024 #yoga,EVAULTO,20240620,64,1432,2024
Q-x-DX47QJo,International Yoga Day 2024: Yoga In New York's Times Square For Summer Solstice | US News | N18G,CNBC-TV18,20240621,4114,6675,2024
TFhoDtY-pUM,International Yoga Day   2024,TNAU TV,20240621,6140,2089,2024
HSYN-yVTbqI,INTERNATIONAL YOGA DAY - 2024,GREEN VALLEY INTERNATIONAL SCHOOL,20240621,138,1523,2024
wT6dfzpGSNE,International Yoga Day 2024 || Slow & Mindful Living In Tokyo.,sanyogi rooted soul,20240624,1086,58,2024
N4cNi6c6qVw,International Yoga Day | Chandra Namaskar | Song - Adiyogi,Sandhya Chavan,20250621,255,50921,2025
UVoznB0DW5k,International Yoga Day 2024: Celebrities who have embraced Yoga,WION,20240621,126,2292,2024
qwRCjUBN3Ns,International Yoga Day 2024: Yoga Day Celebrations In Full Swing In India & Beyond | India Today,India Today,20240621,828,432,2024
rAJU5AsaTcc,Take A Breath 2024| International Yoga Day,Decathlon Sports India,20240708,26,368,2024
qGQ-TvsT9pk,PM Modi's Leadership in Promoting Yoga: International Day of Yoga and AYUSH Initiatives | IDY 2024,DD India,20240620,152,4780,2024
CV4QoG5Emxs,International Yoga Day 2024: BSF Officials Celebrate Yoga Day 2024 With Meditation & Mindfulness,India Today,20240621,857,579,2024
QVr_291uyG8,Theme of International Yoga Day 2024/International Yoga Day Theme 2024/Yoga Day Theme,Minakshi's Classroom,20240612,33,3637,2024
4ToNpt4dAMc,NIRVANA SHATAKAM | international yoga day 2024 |YOGA CHAITHANYA,YOGA CHAITHANYA,20240702,319,1080,2024
6qYYbjmn6LM,International Yoga Day Special Quiz - International Day of Yoga Quiz 2024- Most Important Questions,MOM&MISHKA,20240614,486,3922,2024
lRC3UxJF3ZM,International Yoga Day 2024,Kadamba International School(KIS) ,20240626,1398,1948,2024
ALhIfbtNLcg,"International Yoga Day 2024 || Theme - ""Yoga for Self and Society"" || Benefits of Yoga",SheelTalks,20240620,188,562,2024
OuwpMJdatAw,PES University - Celebrates 10th International Yoga Day - 2024,PESU LIVE,20240621,7379,1125,2024
ro67GOMTxbs,Dance Yoga By RYS Team For 10th International Yoga Day 2024,RESCULPT YOGA STUDIO,20240625,147,1956,2024
UHhXcXrHbFA,International Yoga Day 2024 Special | Yoga With Smita | Yoga for Kids,Smita Bansal #Smitasb,20240621,259,1396,2024
Wn8MJoHHzq0,International yoga day 2024 | 2nd video #yoga#internationalyogaday#celebration,Manita Khawas Healthy Life 🧘,20240622,1128,1171,2024
wq6Dz53epXI,International Yoga Day Drawing/Yoga Day Poster/World Yoga Day Drawing/International Yoga Day 2024,Art and Craft Sara,20240610,548,2044,2024
Us69_36cjg0,"PM Modi Yoga Day News | International Yoga Day 2024 Celebrations | Banks of Dal Lake, Srinagar",CNN-News18,20240621,595,609,2024
zqsQ3SLkbgU,International Yoga Day 2024 | UPSC | Daily Current News | Drishti IAS,Drishti IAS,20240621,184,22207,2024
30unmx881Ag,PM Modi Addresses Nation From Srinagar On International Yoga Day 2024 | India Today News,India Today,20240621,664,5868,2024
SFMN1XdD8_E,International Yoga Day Celebrations 2024 - Antyodaya Yoga- Yoga for self & society,"Antyodaya Yoga Studio | International Yoga Teacher Training School, Yoga Alliance, US |",20240621,182,623,2024
k1o-qz6eCik,Glimpse of International Yoga day 2024 @ Government ITI Hapur | अंतरराष्ट्रीय योग दिवस 2024,Gurukul E-School,20240621,175,1723,2024
uddfLWI0nRY,Yoga Dance | International Yoga Day | By Yoga Group Barwaha,Anushree Atre,20240620,417,597661,2024
pUDMxxoNe88,International Yoga Day - Gouthami Vidya Niketan High School 2024,Gouthami VidyaNiketan High School ,20240623,120,1445,2024
FNdSkS0tTCQ,International Yoga Day 2024: 'Yoga & Ayurveda'- Celebrating India's gift to mankind | WION Promo,WION,20240531,43,9277,2024
b89U8h63uSI,International Yoga Day 2024: Indian Navy personnel perform Yoga Asana onboard INS TEG,IndiaTV News English,20240621,162,611,2024
K00r2GsUhic,"""Yoga for All: Celebrating International Yoga Day with Youth Veerangnayen""",Youth Veerangnayen,20240625,245,34361,2024
OCyFGMOFKt8,Celebrating International Yoga Day 2024: Power Of Meditation And Mindfulness | India Today News,India Today,20240621,863,1778,2024
BaAPktRjn3Y,7- IDY LE NEG _ Sa Yehi,Idy Le Neg ,20250802,168,455490,2025
bnKWCuyZQy0,Yoga for Self and Society | IDY 2024 with YENRI,YENRI,20240621,3368,138,2024
CgmAmbaWiec,Yoga for self and society,Sailor Today,20240621,4812,128,2024
52rs7XGbJvc,🌿 Yoga for Self and Society,SPEFL-SC,20240624,4355,93,2024
-NghXPxXi-M,#Yoga for Self and Society!🧘🏻‍♀️🌍🧘🏻‍♂️,Ministry of Information & Broadcasting,20240618,208,208,2024
7BJ-YJ6qcIo,🧘‍♀️ International Yoga Day 2025 | Yoga for Self and Society 🧘‍♂️,The actual me ,20251029,1954,341,2025
LcXwLEEJRzo,"International Yoga Day 2024 theme is""Yoga for Self and Society""#yogaforselfandsociety #idy@mdniyyoga",Yoga by Geet,20240621,241,120,2024
U9beCVRmpCc,International Day of Yoga 2024 - YOGA FOR SELF AND SOCIETY,Yogadvika,20240621,79,62,2024
r7xdgnDNlDM,#Yoga for Self and Society!🧘🏻‍♀️🌍🧘🏻‍♂️,Ministry of Information & Broadcasting,20240617,182,269,2024
fRuY9gdDD3c,#Yoga for Self and Society!🧘🏻‍♀️🌍🧘🏻‍♂️,Ministry of Information & Broadcasting,20240619,244,481,2024
9NaG7q7-QYM,International Yoga Day 2024 Theme : Yoga for Self and Society,Vibrancy,20240625,28,12,2024
-pOwf3m8HBE,#Yoga for Self and Society!🧘🏻‍♀️🌍🧘🏻‍♂️,Ministry of Information & Broadcasting,20240615,141,254,2024
elZ98SR4PNM,#Yoga for Self and Society!🧘🏻‍♀️🌍🧘🏻‍♂️,Ministry of Information & Broadcasting,20240618,148,178,2024
dN7-tXsrjYk,Yoga for Self & Society - Celebrating 10th International Yoga Day - June 21 #YogaforAllRoga,Planet Ayurveda,20240621,929,6721,2024
OkVZA6fQ9Qw,#Yoga for Self and Society!🧘🏻‍♀️🌍🧘🏻‍♂️,Ministry of Information & Broadcasting,20240617,144,134,2024
95kRvXxYhu0,#Yoga for Self and Society!🧘🏻‍♀️🌍🧘🏻‍♂️➡️#Ustrasana - The Camel Posture!🔷,"Information & PR, J&K",20240614,177,16,2024
8PjqjxUvNOo,Yoga for Self and Society Essay Writing or speech in English 300 Words by Smile Please World,Smile Please World,20240620,147,685,2024
6LNRlqp86yM,International Yoga Day 2024 centers on 'yoga for self and society',FOX40 News,20240621,290,2325,2024
lF1mDjagcFw,Yoga For Self and Society | International Day of Yoga 2024,Ministry of Ayush,20240613,27,610,2024
4g0kkebBowM,YOGA FOR SELF AND SOCIETY,Snigdha's podium ,20240620,367,274,2024
Y8qXuYLvz10,Yoga day 2024. Theme -- YOGA FOR SELF AND SOCIETY #yogaday2024 #yogadayeveryday,Young minds at play,20240621,25,78,2024
W8eP9ZZqofU,Yoga Day 2024 | Yoga for Self and Society,Ayursiha Hospital,20240622,60,30,2024
PmCVcjloRj8,Yoga for self and society,Mediqueen Doctor Pageant 2024,20240621,60,3,2024
BlyAhlQvF04,Yoga for Self and Society,EMPC-IGNOU,20250620,3597,362,2025
xlQHn5hSciM,“Yoga for Self and Society | IYD 2025 Powerful Message” Theme: “Yoga for Self and Society”,GS CRAZE ,20250621,147,82,2025
YnpWEXUA2WI,#Yoga for Self and Society!🧘🏻‍♀️🌍🧘🏻‍♂️,Ministry of Information & Broadcasting,20240612,138,159,2024
BrqZXHcffDA,10th International Day of Yoga - Yoga for self and Society ( LIVE ),ICCR IN SRI LANKA,20240622,4481,56,2024
qrlR8JYSMu8,Provet Pharma | International Day of Yoga | Yoga for Self and Society | Sustainable farming practice,Provet Pharma Private Limited,20240621,41,49,2024
-DrjPSadlrw,"International Yoga Day 2024 Video in Hindi || ""Yoga for Self and Society"" || Benefits of Yoga",SheelTalks,20240621,227,65,2024
O3UzA-ItA0k,Essay on Yoga for self and society|Speech on yoga for self and society|International yoga Day Essay,kids fun Magic world,20240620,354,165,2024
m7QwLD4I5iI,INTERNATIONAL YOGA DAY- 2024                        Theme:- YOGA FOR SELF AND SOCIETY.,Rakesh Burh,20240621,69,16,2024
LRHh5TvYyV0,happy international Yoga Day in 2024..... yoga for self and society.......,Vartika Pandey,20240620,183,137,2024
ISu5u2-Q_Es,Essay/Speech on International Yoga Day 2024 Theme:Yoga for Self and Society Essay/Speech Yoga Day,Privi Creation,20240621,191,32,2024
RZwNsXv-tWc,International Yoga Day 2024 | June 21| Yoga for self and society| Bhagyathaara,ARYATARA AYURNIKETAN,20240618,180,1047,2024
YwMEcKsq_R0,Yoga for Self and Society,EMPC-IGNOU,20240620,3205,283,2024
ozzlSxcDp6o,International Yoga Day with School Children - Yoga for Self and Society,Divya Sai Institute of Yoga & Therapy,20240622,535,32,2024
3siCZ0OOmKw,Yoga for Self and Society #yogaeveryday #habuild #yogaday,Swastha,20240622,12,23,2024
MS4cYZRrCd0,😍Happy International Yoga Day 🧘🏻‍♀️|  Yoga for self and society 💯 🕉️| Yoga Challenge,Pooja Arya,20240621,117,44,2024
eVqSWsY_HpQ,10th International Yoga day celebration / Yoga for self and society #yogafirselfandsociety #yogaday,OM yoga,20240621,2465,32,2024
Z-5cexT4CaI,Yoga for self and society,Global Writing Corner,20240614,283,4988,2024
PMv5_AtWlzM,Yoga for self and society….international yoga day … join yogamahostav @ Nirvana Yoga Fitness Studio,Nirvana Yoga Fitness Studio,20240620,136,54,2024
JwKIX0R01pk,Pre- International yoga day | ‘yoga for self and society’| boat pose |,Anjleen K,20240620,24,49,2024
aIuo_SLGMVc,Yoga for Self and Society | International YOGA Day | PSP KALA NILAYAM #Internationalyogaday #yoga,PSP KALA NILAYAM,20240621,206,160,2024
ARaE7X4CLoU,PM Modi on 'Yoga for Self and Society' at Int'l Yoga Day in Srinagar | Amaravati Today,AT World News,20240621,64,0,2024
HH6Dy5uoTCg,"YOGA for SELF And society.. purified Thoughts, Strongly Bound Society",VIRENDRA DR,20240621,75,6,2024
ShS9Lelo9V8,"Observed International Yoga Day 2024 under the theme: ""Yoga for Self and Society "".",Government Secondary School Hathidhunga ,20240622,112,95,2024
BrTzLPa_GkA,Yoga for Self and Society  #Internationalyogaday2024 #yoga #yogaday2024,Crazy Videographer,20240619,478,43,2024
WwaHfZiLoXk,international yoga day...yoga for self and society,Explore the divinity,20240626,193,8,2024
TBxnBuUNiBE,International Day of Yoga: Yoga for Self and Society | NESWSD 2024,Navjeevan neswsd,20240621,172,24,2024
WG4UmATp1Vs,Webinar on   Yoga for Self and Society   20th June 2024,IGNOU BANGALORE,20240620,2116,52,2024
VwdQtYw-F6E,International Yoga Day - Yoga for self and society🧘🏻‍♀️ ​Prenatal Yoga sessions ⁠@nurturehospital,Nurture Hospital,20240621,228,255,2024
0wJKeCwiNTM,"10th International Yoga Day , yoga for self and society 🙏",Rebootwithnidhi ,20240622,167,7,2024
np32NBA0XiU,"Happy 10th International Yoda Day | Theme 2024 ""Yoga for Self and Society"" | DYTTITUDE",DYTTITUDE | Diet Yoga Attitude Dyttitude,20240621,40,55,2024
ODuBxm5P1FQ,A talk with Charu on International Yoga Day - Yoga for Self and Society,Mokshalaya - by Kankana,20240621,685,333,2024
Sehy0gAyv2k,“Yoga for self and society“Happy 10th international yoga day 2024.#yogaday2024 #internationalyogaday,Nakhipot yoga sadhana kendra lalitpur 14,20240621,24,4,2024
qQYRdiv6Uzc,YOGA FOR SELF AND SOCIETY❤️@Iampraptimehta#youtube #youtuber #viral #viralvideo #subscribe #love 💯,RhythmDancePrapti Mehta ,20240623,134,124,2024
Cg_MlYk1wFs,Yoga for Self and Society. Yoga Day 2024. Yog Yogi yoga.,Yog Yogi Yoga,20240620,158,288,2024
Qq0eWeCLcpg,"Celebration of 10th International Yogaday.    Theme of 2024 ""Yoga for self and society""",Prince Academy,20240621,509,66,2024
KS1lN6AJwCI,International yoga day I Yoga for self and Society 2024 theme #internationalyogaday #latestupdate,Srishti GK,20240621,235,7,2024
ei6Ih8NTqb8,Yoga for Self and society #internationalyoga #trending #yoga#reiki #yogadayeveryday #trendingshorts,"Suman Malik – Poetry & Power , content writer",20240619,89,3,2024
uVvfdG6YyZE,l Yoga For Self and Society l International Day of Yoga 2024 l YOGA FOR ALL | ShivatmaYog,Shivatma Yog,20240620,192,52,2024
d-wau41ipnA,21st June 2024  II Yoga for Self and Society II 10th International Day of Yoga II DRIEMS University,Sushanta Sethy,20240622,152,17,2024
mX5OESuWuH8,#yogaday2024 #idy2024 #yogaday Mod2024#yoga for self and society,9 A Girls Bn NCC Kurnool,20240619,32,11,2024
WnpukzPVEqk,Yoga for Self and Society: SMSIMSR celebrates International Yoga Day 2024 #yogaday,Sri Madhusudan Sai Global Humanitarian Mission,20240621,79,2928,2024
osGhDKjhHWU,"International Yoga Day(Yoga for Self and Society) - CGISF, Fremont, CA, USA",OurTrip Videos,20240629,47,29,2024
6u8UCktloYQ,#Yoga Day 2024 #Paradeep Yoga for Self and Society,Biswajeet samal,20240621,350,28,2024
qyUybl8AFCA,HAPPY INTERNATIONAL YOGA DAY - Yoga for Self and Society🧘‍♀️🧘‍♂️  @homemadebazaar,Homemade Bazaar,20240621,92,12,2024
yNQaVDeRj0c,International Yoga Day # Yoga for self and society # 10th International Yoga day,Yoga Se Hi Hoga I Giirish Anand,20240621,239,15,2024
V_qBVguvIkc,10th International Yoga Day Celebration (YOGA FOR SELF AND SOCIETY),Indian Yoga Techniques,20240621,3371,450,2024
zSLdcsEe94g,Yoga for self and society#internationalyogaday#21st June#longestdayoftheyear,"YOGA,DANCE AND TRAVEL FREAK GIRLS(GhummakadLadies)",20240622,64,8,2024
nKn8YaL_n2U,International yoga day 2024.(Yoga for self and Society 🕉✨,HWC Nandugaon,20240621,110,28,2024
sm6QLZDPFyk,2024 theme- Yoga for Self and Society.,DAVians Unite,20240621,45,25,2024
i0SD-sKy5VM,"Happy international yoga day 2024 theme// ""Yoga for Self and Society.#yoga #weightloss",Dipsikha Vlogs(Moon) ,20240621,231,11,2024
x_xKEKJrVXo,"Yoga for Self and Society Essay, International Yoga Day Theme 2024",Studiously Yours,20240619,157,443,2024
uoSnDX-C43w,GLIMPSE OF INTERNATIONAL YOGA  DAY. THEME: YOGA FOR SELF AND SOCIETY.  🧘‍♀️🧘,VIBGYORS EM SCHOOL MUMMIDIVARAM ,20240621,60,45,2024
ha8MlYhTXyg,International day of Yoga - IDY 2025,Indian Navy,20250621,69,4708,2025
BdD0OyQyzEo,PM Modi Performs Yoga on International Yoga Day 2025 in Visakhapatnam | Full Event | 21 June 2025,Sansad TV,20250621,2806,4712,2025
O8cNxp5PqKs,"International Day of Yoga 2025, Yoga for One Earth, One Health, History, Theme & Global Significance",Arihant Online Academy,20250612,264,5582,2025
LG4WlJNuAb0,IDY Reflections | Episode 1 | International Day of Yoga 2025,Ministry of Ayush,20250723,1494,978,2025
20Fn-9Yrf6Y,International Yoga Day 2025 | Significance & Theme | UPSC Current Affairs | Drishti IAS,Drishti IAS,20250621,344,72330,2025
CusuNrovDJc,One Earth One Health | International Day of #yoga 2025 Theme Explained by Ma. Hanumantharao Ji,Vivekananda Kendra,20250615,1263,2262,2025
GYBNtNIqEvM,"Promo | International Day of Yoga 2025 | Yoga for One Earth, One Health | LIVE from Visakhapatnam",Doordarshan National,20250620,21,3178,2025
xgI2t7Ig4dg,"Yoga Day 2025 | How International Yoga Day Was Celebrated Across India, World",NDTV,20250621,112,3669,2025
C_zFb_au-B8,"International Yoga Day 2025 | From India to the World, How Yoga Changed The Way We Live",Oneindia News,20250620,125,9437,2025
bj1jqaSsXvM,International Yoga Day 2025: The Rise of the Yoga Economy,moneycontrol,20250621,303,8106,2025
CJ35YXZ2z78,Yoga Day M G SANVI | international yoga day 2025 celebration | iDream News,iDream News,20250621,161,7110,2025
e47u4UDfWOg,International Yoga Day | 21June 2025,Brookfield Properties India ,20250620,81,27888,2025
uTg5Hj67MsI,"International Yoga Day 2025 | Theme : Yoga for One Earth, One Health",Fact Navigate,20250609,447,3090,2025
mFKrbvCrs5s,"International Yoga Day 2025 celebrations with the Diplomatic Corps (June 21, 2025)","Ministry of External Affairs, India",20250621,5052,2710,2025
Zi6BXd5OjrI,LIVE YOGA SESSION BY DR.TEJASWINI MANOGNA || INTERNATIONAL YOGA DAY 2025,Tejaswini Manogna,20250621,4050,37869,2025
zYuEEmmziS0,International Yoga Day 2025 | #IndianArmedForces Lead with Strength & Serenity,"Ministry of Defence, Government of India",20250620,38,335,2025
AWTD4P1OBJI,International yoga day 2025,OD-Rider-7111 ,20250621,148,11782,2025
aoIxsKGu69I,International Yoga Day 2025 | Yoga Day theme 2025 | Yoga Day Speech | Why do we celebrate Yoga day,Aspirants Yard,20250620,183,713,2025
FJdzGF3kDNw,International Yoga Day Celebration 2025 | Amba School for Excellence,Amba School for Excellence,20250620,85,11241,2025
TaMHJzT5GD8,International Yoga Day Special Quiz - International Day of Yoga Quiz - Most Important Questions,MOM&MISHKA,20250617,399,2495,2025
y2PQPmXPlzI,International Yoga Day 2025: PM Modi Leads Historic Yoga Session On Vizag's Coastline | WION,WION,20250621,415,1036,2025
etHlu9QTTRM,"LIVE Coverage: International Yoga Day 2025 | Yoga For One Earth, One Health | PM Modi LIVE | N18G",CNN-News18,20250621,28892,37319,2025
vzqMklQ5BsM,LIVE: PM Modi Leads International Yoga Day 2025 Event From Visakhapatnam | Yoga Day 2025,Times Now,20250621,20,6000,2025
LO6uqfl4Dec,International Day of Yoga 2025 || Yoga for One Earth One Health,ki & ka,20250614,325,517,2025
FuYLXHEGwDo,🎉🧘‍♀️ International Yoga Day 2025 – Celebration Highlights | Bethesda School Byrapura 🧘‍♂️🌿,"Bethesda School, Byarapura, HASSAN",20250622,28,798,2025
I_q5U4GJda0,International Yoga Day (Redmond) - 2025,Madhu Rajanna,20260519,105,21,2026
eJ86TdGHuEA,Yoga Day 2025 LIVE: Indian PM Narendra Modi Takes Part in International Yoga Day 2025 Celebrations,Firstpost,20250621,4430,2582,2025
CaQwpE-D-uQ,योग गीत - International Yoga Day Special 2025| विश्व में शांति रहेगी योग से #yogamusicforexercise,Hari Singer Patanjali,20250618,320,534231,2025
6WjueVfA_i8,"World Celebrates 11th International Yoga Day 2025 Across 1,300 Cities Globally | India Today News",India Today,20250621,580,814,2025
MAoKHa-fj0E,International Yoga Day 2025 | Yoga Performance | Bliss Yoga Udupi,Bliss Yoga Academy ,20250621,220,1602,2025
1W5pKg3bbss,"International Yoga Day 2025 | Celebrated at GIET University, Gunupur | Yoga for Wellness & Harmony",GIET University Gunupur,20250621,26,468,2025
rvqx3ykMPUw,Celebrating International Yoga Day 2025 | Yoga with Nivedita – Breathe | Align | Elevate,Nivedita Pradhan,20260510,309,70,2026
UtZhEoHiido,International Yoga Day,The Lyrical Lanterns,20250506,198,96,2025
w00785UPnbw,11th International Yoga day 2025,OM YOGA GROUP MORBI,20250620,328,1920,2025
5zV7Wb_cKCk,International Yoga Day - 2025 #yogasehoga #yogaday,Women's Dhamal with Little Stars,20250615,32,585,2025
R3BwAGO5gM4,"Mindful Earth, Peaceful People | International Yoga Day 2025 #yoga",EVAULTO,20250617,72,929,2025
Sjcx36ylebg,Irisian celebrating International Yoga Day 2025,IRIS INTERNATIONAL SCHOOL,20250623,286,696,2025
ZaA653fHNbI,"International Yoga Day Celebration 2025 -26 St Jude English Medium School, Pakshikere",ST Jude English Medium school,20250621,107,807,2025
eWjwbFEcIes,International Yoga Day 2025,IIT Kharagpur Official,20250623,7998,731,2025
ICZ5cKz14uw,International Yoga Day 2025,"Dronagiri High School English Medium, Karanja-Uran",20250621,328,939,2025
Z-p2ze9jecw,International Yoga Day Drawing | Easy Yoga Day Art|Yoga Day 2025 Drawing|Simple Yoga Poster idea,Science Scribbles,20250618,640,894,2025
e6VrBKMUWdE,International Yoga Day 2025 | Wellness for People & the Planet 🌍🧘‍♂️,Link Bharat,20250621,116,2030,2025
_czzoFZX0hE,International Yoga Day 2025 II Basil Woods School,"Basil Woods School, Hyderabad",20250621,103,1078,2025
RksEiQ09rGM,International Yoga Day Celebrations 2025 - Yoga for One Earth One Health,Diva@2speaks,20250624,1565,920,2025
LrMK9WrQ3SU,International Yoga Day 2025: PM Modi Leads Celebrations; New World Records Made | N18G,Firstpost,20250621,425,25978,2025
h7cDzRJTBqE,"International Yoga Day 2025: मोदी का योग मंत्र, अचूक अभेद्य सेहत का फ्रंट | Top News | Speech",Bharat 24 - Vision Of New India ,20250621,324,332,2025
EnuEIlD82nM,International Yoga Day 2025 - Day 1 (Prayer & Asanas),SRDAV Resource Centre,20250618,1121,1199,2025
DrSUWq4R_Uw,YOGA- International Yoga Day - 2025 - Peace ON The Street - Blessing House #song #trending #yoga,B.K. Dr. Reena,20250625,326,518,2025
Pic_WNIkM2o,INTERNATIONAL YOGA DAY 2025 -THAMARAI INTERNATIONAL SCHOOL PATTUKKOTAI,THAMARAI INTERNATIONAL SCHOOL THANJAVUR,20250622,56,1880,2025
NQkMW-u_Yqw,"Yoga Day 2025: PM Modi’s ‘One Earth, One Health’ Message Unites Wellness & Sustainability",DD India,20250621,179,1639,2025
2pEUxdJxm3U,International Yoga Day 2025,Nippon India Mutual Fund,20250621,4620,307,2025
CifvyJWnZxQ,International Yoga Day 2025: Exploring Yoga's Evolution From Ancient Practice to Modern Phenomenon,India Today,20250621,1834,1250,2025
7gZ2hpcA-E0,"INTERNATIONAL DAY OF YOGA 2025 - YOGA FOR ONE EARTH, ONE HEALTH",ICAI CA Tube,20250621,19851,2145,2025
FuJ8ggFiR_I,CELEBRATING INTERNATIONAL YOGA DAY 2025,St. Stephen's Iconic School,20250621,129,1031,2025
f0l1TH8N3fQ,International Yoga Day quiz in English 2025 | Quiz on Yoga Day | International Yoga Day 2025,Achoose World,20250616,653,6914,2025
XgPRT2axJUM,IDY -2025 - Yoga Sangam 2025 - 6 AM - 22062025 - MS,wswd 2025,20250622,5062,36,2025
-8kiR-YOgsY,IDY 2025 protocol(ENG HU),Yogahitha Foundation,20250618,3051,87,2025
_Clih3Gxw8w,CGI Jeddah celebrates International Day of Yoga (IDY - 2025),Consulate General of India Jeddah,20250623,158,62,2025
DPyvzFfcVxo,Countdown to IDY 2025 | Yoga Unplugged | Yoga for Young Mind | Shri. Vidyut Jammwal & Kaivalyadhama,Kaivalyadhama Yoga Institute,20250611,4959,3049,2025
iNE_0MHCPBg,IDY -2025 - Yoga Sangam 2025 - 6 AM - 22062025 - ES,wswd 2025,20250623,8321,44,2025
_Yw5vdlCb84,"Yoga for One Earth, One Health | IDY 2025 Thailand | Governor of Bangkok on Why Yoga Matters",Indo Thai News,20250623,596,151,2025
lviLklNIk2Q,🌿 International Day of Yoga 2025 Celebration | The Yoga Traveler | IDY 2025 Highlights,The Yoga Traveler,20250626,228,37,2025
REcI14WYLfg,IDY 2025 - YOGA SANGAM 2025 - 6 PM - 21062025 - ES,wswd 2025,20250622,8427,40,2025
RXs8cHWBRq0,Celebrate IDY 2025: Yoga for Earth and Health in Just 2 minutes,RNA,20250620,115,32,2025
FRDkNG00khU,"Highlights of the International Day of Yoga (IDY) 2025 Celebrations in Bogota, Colombia.",Embajada de la India en Colombia ,20250903,151,16,2025
dU0Y-ZTNYxo,International Yoga Day -One day Count down Programme of IDY 2025,AIIAGOA,20250315,2970,867,2025
QlpDBRtZX8o,🌿 Yoga Protocol 2025 | International Day of Yoga (IDY 2025) 🌿,YogAbhilasha,20250617,219,246,2025
WWvE-QGVmAM,Yoga and it's Popularity | Over Years | Special | IDY 2025 | DD India,DD India,20250619,153,3883,2025
GzkKnhOvqiM,"Flagging off International Day of Yoga (IDY), 2025",CGI Shanghai,20250722,54,2,2025
t6B6jkuUHEo,Curtain Raiser Press Conference on International Day of Yoga (IDY) 2025,Ministry of Information & Broadcasting,20250612,2016,17,2025
NOK9-J_s3_8,IDY 2025,Davin's Fun Time,20250615,191,8,2025
JufwIJc5aSY,IYCHK IDY 2025 Story of Yajnavalkya,Iyengar Yoga Centre of Hong Kong,20250713,1201,20,2025
3iZ5WMvDy_4,Celebration of International Day of Yoga (IDY) – 2025 | 21 June,AmityUni,20250621,6428,652,2025
ZPvjYdERaEI,Yoga activity idy 2025#internationalyogaday2025,Nikunjyog,20250621,261,26,2025
3zACOxsxXsg,I&B Ministry celebrates IDY 2025 | DD India,DD India,20250621,58,75,2025
bccEoJ0G6qE,IDY 2025 prep event held in Shanghai,DD India,20250528,48,122,2025
nvMRN2bf0zY,IDY 2025 Day 1 (Protocol Session),Yogahitha Foundation,20250606,3167,133,2025
-4zfwCjtwQo,IDY 2025, NIA Panchkula,20250602,10,29,2025
r_s9fyqBDDg,IDY -2025 - Yoga Sangam 2025 - 6 AM - 21062025 - MS,wswd 2025,20250621,6952,74,2025
zdIgtTxEzv8,Yoga for addressing Mental Health challenges - IDY 2025 Message by Dr. Jitendra,Vasudeva Kriya Yoga With Rajendra,20250616,489,45,2025
lwld6izt6cA,RGU Successfully Organized Common Yoga Protocol Practice to the IDY-2025 #idy2024 #ayush #yoga #fit,e-Physical Education,20250522,5889,75,2025
ZKbE0otIDaE,IDY 2025- BREATHING & MEDITATION SESSION,Ashima Gupta (VedaQHealthfulness),20250623,1481,55,2025
BuMqyp2e69U,Curtain raiser Yoga 2025 | Guyana | IDY 2025 | Yoga | Guyana heritage #yoga #video #ytshorts,Vamadeva Yoga,20250530,82,46,2025
gSBWffqHkss,Sanatana Yoga Vignana Kendra @IDY-2025- Ms.Roshini,Sanatana Yoga vignana kendra,20250624,23,50,2025
aQ3znaD0cCg,Thank You Japan - Celebrating the Success of IDY 2025,"Embassy of India, Tokyo インド大使館、東京",20250625,3325,71,2025
2m6v_njz3bo,10th International Day of Yoga | IDY 2025 | Guyana | India | Yoga for all #video  #yoga #viralvideo,Vamadeva Yoga,20250501,53,42,2025
30QDbjhzBaI,👉Yoga training session before IDY-2025👈,Yoga Instructor Karan,20250526,18,49,2025
-qBsODoJEPU,The 11th International Day of Yoga (IDY) - 2025 celebration in Jammu.,EARLY POST DAILY NEWSPAPER,20250621,518,12,2025
P5on4xVU2eQ,IDY 2025 - a Message from 10 year old Adya -  Mindful Mastery through VK Yoga,Vasudeva Kriya Yoga With Rajendra,20250617,77,41,2025
UqFEcKCGCRI,Curtain Raiser  Event of IDY-2025 at New Development Bank,CGI Shanghai,20250723,45,1,2025
S0bIJVsW6kg,Skysat Newsreport IDY 2025,ISCM of Sri Balaji Vidyapeeth,20250624,93,22,2025
DMcqcYaidyw,IDY - 2025 Celebrations @SREC by Yoga and Meditation Club on 21/06/2025,Yoga SREC,20250623,27,31,2025
Uyr5O1Twadg,IDY 2025 | Madagascar,Dr. Yogendra Singh ,20250628,127,43,2025
dGKd7pdpdJ0,celebration of 11th IDY 2025 At cluster HSS Chak Rakwalan/#IDY2025 #InternationalDayofYoga2025/#yoga,Principal HSS Chak Rakwalan,20250621,62,187,2025
cFooVAkqFiU,IDY 2025 - a message from 8 year old yoga student - Arjun,Vasudeva Kriya Yoga With Rajendra,20250617,115,55,2025
SPWeCdEFZDY,"BYK'S Special Podcast for IDY 2025: Yoga for One Earth, One Health",Bharat Yogavidya Kendra,20250621,2293,772,2025
Fwnbqyr6nvM,Yoga Sangam IDY 2025 Test,Priyanka's Yoga Studio,20250620,195,10,2025
h_3xhGmBEW0,"# IDY 2025 TGTWURJC Boys, Jinnaram Part 2 Video",Pancha kosha yoga,20250715,118,77,2025
GlkYMhn_IyY,IDY :INTERNATIONAL DAY OF YOGA (2025) CELEBRATION,EMRS KURUPAM,20250621,37,81,2025
rOp0boxgcHs,Balance • Strength • Peace | IDY 2025 | Formation Yoga  | Unity in Motion 🧘 | NIT Rourkela,Gleam,20250623,628,27,2025
i-Nuc_L4mio,Workplace Wellness with Yoga | Yoga Day (IDY 2025) Special for Professionals,"HealThyRam - Wellness of the Body, Mind and Soul",20250621,2879,16,2025
HV93s9jRkdY,IDY 2025 #yoga  #healthylifestyle #artofliving #idy2025 #meditation #healthawareness #dhyan  #health,RAJ KUMAR SHARMA,20250621,192,124,2025
FMKB_BVupYA,It's all about IDY 2025 ✨🪷,Nazar Gupta💓,20250622,90,28,2025
PuUFl4VchH8,Bhadrasana | Baddha Konasana | IDY 2025 | Nirogi Duniya,Nirogi Duniya,20250509,181,63,2025
Uk2MNaV2cW8,IDY 2025 MRTV Media Coverage Myanmar : Ankita Sood,Dr. Ankita Sood Yoga,20250608,179,81,2025
VuWWSufO4as,"Celebrating the Spirit of Yoga on International Day of Yoga, IDY 2025 🙏",BSDT Yoga,20250621,224,13,2025
UxnQCbsBc2c,International Day of Yoga ( IDY -2025) celebrated in Eastern Railway with great zeal and enthusiasm.,Eastern Railway,20250621,37,7,2025
lnnW0UvLkjw,IDY 2025 Common Yoga Protocol,Kankidham Arogya Kendra,20250701,53,48,2025
Dq5nE-NDJxU,IDY 2025 HMT,GOVT. AYU. DISP. GH HIMATNAGAR,20250621,321,1,2025
6u2Az-WuzVA,IDY 2025 Latvia _ Interaction and Polemics of Western Spiritual Culture and Vedic Tradition.,LU SISI,20250628,4333,91,2025
Ak0uTdv5kEo,Aqua Yoga By Kaya on IDY 2025 🏄,"Kaya International Yoga Studio, Narsinghpur(MP)",20250622,44,20,2025
_uNzZEEOHsQ,Harit Yoga (Plantation Event) 11th IDY 2025,Kankidham Arogya Kendra,20250701,25,19,2025
2kKVITRbaD4,IDY 2025 | Yoga Alliance | Yoga TTC,SAURABHYA,20250815,232,73,2025
T9W6XoM-x4A,IDY Reflections | Episode 3 | International Day of Yoga 2025,Ministry of Ayush,20250731,1236,531,2025
fZ269RBWrIg,"Glimpses of IDY 2025 Celebrations 🧘‍♂️ at BYS  Indira Park Center 1,",raja narasimharao,20250622,226,246,2025
2ZYvUAqRYcA,IDY 2025 108 SURYANAMASKARS WITH SHOULDER OPENER,Ashima Gupta (VedaQHealthfulness),20250623,2403,37,2025
PcRqCO_wOd4,Formation YOGA by YOGVIDYA Club || NIT Rourkela || IDY 2025,OMW JEE,20250623,627,71,2025
GPhQyNUyx9c,－切也願意 Idy 2025-9-11,Idy Cheung,20250911,225,16,2025
IezG36fLMoU,IDY 2025,GBSSS NATHUPURA SCHOOL 1207110,20250621,29,21,2025
riKrz4kinQM,Yoga Day Protocol : Quick View | IDY 2025 | Nirogi Duniya,Nirogi Duniya,20250519,120,3529,2025
KyMWQmiKzyk,IDY 2025 Yoga Practical Session,DrNavasakthi,20250623,1682,29,2025
KZa6YfdR4Vc,YOGA BANDHAN 2025 | IDY 2025 | Secrets of Yoga Therapy | ISCM | Live Holistic Wellness | IYA,Live Holistic,20250706,5638,55,2025
LQllvEizyM0,IDY Reflections | Episode 2 | International Day of Yoga 2025,Ministry of Ayush,20250726,1181,650,2025
v3j7ODYGd0s,Ardha Chakrasana Yoga | अर्ध चक्रासन | IDY 2025 | Nirogi Duniya,Nirogi Duniya,20250507,96,39,2025
Xr7UpJjARrQ,"MDNIY Yoga Podcast Ep.1 | IDY 2025: Organise Yoga Sangam – One Earth, One Health",Ministry of Labour and Employment,20250611,216,69,2025
uZLjeYZS9Ng,"Highlights of IDY 2025 celebrations by Ministry of Minority Affairs at Shanti Stupa, New Delhi",Ministry of Minority Affairs,20250621,59,80,2025
hZkdJw2n5G4,YOGA UNPLUGGED | IMMERSIVE COMMON YOGA PROTOCOL | DAY 5 | IDY 2025 | 16 JUNE 2025,Kaivalyadhama Yoga Institute,20250616,1835,377,2025
JXXZD1BQqBY,"IDY 2025 Observance by the Regional Research Institute of Unani Medicine, Habak, Srinagar, J&K",Research Institute of Unani Medicine srinagar,20250627,219,27,2025
GpWHLMVk0xU,Practice Of 11th international Day Of Yoga 2025🧘🕉️ #idy 2025#21june2025#yogi #yogapractice #yoglife,Pooja Gautam ,20250620,129,7,2025
8c5XwUaJ5ZE,IDY Countdown-2025 | Yoga protocol of ministry of Ayush | Yoga for beginners | my yoga my way| #Yoga,Yoga with Dr.Sasanka Sekhar,20250620,1420,76,2025
BfmTN-RJ9so,"Yoga for One Earth, One Health!",Mitra CanCare Foundation,20260525,372,18,2026
UZ8Er3yfWQQ,"Yoga for One Earth, One Health",Peace Drops for EcoRestoration,20250622,219,24,2025
eio-fZMds7E,Yoga for one Earth one health,MS Fitness ,20250621,152,43,2025
Ctix1E-BF0s,#Yogandhra2025 #InternationalYogaDay2025 - Yoga For One Earth One Health,AP Digital Corporation,20250528,75,1578405,2025
J2Y1TJwWKyM,"International Yoga Day 2025 | Yoga for One Earth, One Health",Amrutha Bindu Yoga,20250624,810,133,2025
ILCTA8h9nMA,"Yoga for One Earth, One Health",AKTU Digital Education,20250621,4258,1211,2025
FOpyG1xM0SE,Yoga For One Earth One Health,ManavRachna Yoga Kendra,20250623,32,40,2025
gZi7H-scLCA,"International Yoga Day 2025 – “Yoga for One Earth, One Health”",Malika,20250621,30,0,2025
kMvjE4XbbSU,"Yoga for One Earth, One Health | What Yoga Really Means in 2025",YogaPartner,20250622,236,6,2025
Is43iSzaa4I,"International Yoga Day 2025 | Yoga for One Earth, One Health | Evergreen Public School",EVERGREEN PUBLIC SCHOOL,20250623,103,260,2025
z0xjLB12GYY,"Yoga for ""one earth, one health"" by Dr. Mahesh Arvind",PRAJNA FOUNDATION ,20250621,1420,120,2025
zJFk62RSVVY,"Perspective: Yoga for One Earth, One Health | 19 June, 2025",Sansad TV,20250619,1773,4486,2025
5N24-_8xXQo,International Yoga Day 2025-   Yoga for one earth one health - significance,HOLISTIC YOGA,20250621,842,155,2025
tAYDAz0xctI,"Yoga for Beginners ~Yoga for One Earth , One Health ~",AIR NEWS KOHIMA,20250620,981,37,2025
cfSJh6lQGUM,"Yoga for One Earth, One Health",BHUMISUTO THEATRE,20250621,134,27,2025
7v0PIHCXlUU,"International Yoga Day 2025 | Yoga for One Earth, One Health 🌍",AJ FITZONE,20250621,240,23,2025
SuZSLw-Pcw0,"Regional Director Saima Wazed on 'Yoga for One Earth, One Health'",World Health Organization South-East Asia Region - WHO SEARO,20250623,109,214,2025
lmSGD0I_Xao,"Yoga for One Earth, One Health | Dr. Komal Prasad on the Power of Yoga",Narayana Health,20250623,196,89,2025
rUuJE4YEVMw,"Yoga for One Earth, One Health: KVS Celebrates International Yoga Day 2025!",KVS HQ,20250620,236,896,2025
EqpndsJf1Ng,Yoga day special poster 2025 | Yoga day drawing | Yoga for one Earth one Health |Easy drawings,BhavaniArtAcademy ,20250618,503,993,2025
xsf1eHv_vSE,"International Yoga Day 2025 | Yoga for One Earth, One Health 🌍",Beginners Yoga,20250621,5054,954,2025
_8IpP4tZP4k,"11th International YOGA Day 2025-Yoga for One Earth, One Health: Event Highlights Watch Now.",Advaita Yoga,20250630,217,92,2025
75BLUGP7kmE,"Yoga for One Earth, One Health",AIRS ,20250621,54,145,2025
WEjHA0rWaJ4,"🌿 Yoga for One Earth, One Health – A Celebration to Remember! 🌍",Arham Dhyan Yog,20250709,136,772,2025
WDhvcUSkggo,"Yoga for One Earth, One Health  #internationaldayofyoga2024   #YogaForOneEarthOneHealth #Yoga2025",Master Mind Ai,20250621,64,6,2025
ucLh0_3oE6Y,"Live:- Yoga Connect 2025: A Global Summit on 'Yoga for One Earth, One Health' 🌎",Ministry of Ayush,20250614,13871,2669,2025
hSPBcQJ4Tx8,"Yoga for One Earth, One Health | Sudip Some’s Wellness Journey at The Tamara Coorg",Tamara Leisure Experiences,20250621,110,23,2025
u-ExPW6VGTE,"Yoga for One Earth, One Health | International Day of Yoga 2025 at MEHT, Glasgow | SAN TV Exclusive",SANTV UK,20251106,1688,49,2025
U8Xap8TH2kM,"Yoga for One Earth, One Health",NWRailways,20250619,15,1,2025
xteGOc87tV8,"TCEI Celebrates International Yoga Day 2025 | 'One Earth, One Health' | Hitex",Hybiz Now,20250621,194,35,2025
hEvQgTEe5eY,"International Yoga Day 2025 Celebration | Yoga for One Earth, One Health",Vadodara Airport ,20250621,154,7,2025
aBw1tuS36HY,"Yoga for One Earth, One Health | CircusInc",circusincevents,20250702,69,7,2025
5MVOvOpQYOw,"International Yoga Day: Millions unite for 'One Earth, One Health' Theme | India Today",India Today,20250621,259,253,2025
69w_iBdREDA,"Yoga for One Earth, One Health | Triton’s Perspective on Wellbeing at Work and Beyond","Triton Logistics & Maritime, Abrao Group Company",20250621,27,77,2025
jKJWQkQWlTI,5 best healthy habits #challenge #2025 | international yoga day 2025 (one earth one health),habit of yoga ,20250617,114,13,2025
hiYhJtcB1eg,"International Yoga Day 2025 at DGI | Yoga for One Earth, One Health | Guided by Mrs.Laxmi Chaturvedi",Dronacharya Group of Institutions,20250621,85,57,2025
lAzBdzQKjVw,"Yoga Day 2025 | Yoga for One Earth, One Health 🌍 | Morning Yoga Routine for a Healthy Life",Yog Yogi Yoga,20250620,90,50,2025
Fnm7zP9oKZc,"TCEI Celebrates International Yoga Day 2025 with 'One Earth, One Health' Theme at HITEX",Silver Screen,20250621,293,16,2025
OumubmGN4zo,"International Yoga Day 2025 | Yoga for One Earth, One Health | 21st June Celebration",DM Khowai,20250624,107,15,2025
6UOIkxAUvyE,"Flowing Together: FCI CCM’s Yoga Day Commemoration of One Earth, One Health",FCI CCM,20250624,65,39,2025
efbMFVYfZhA,"Yoga for One Earth, One Health Poster Drawing Ideas 2025 | International Yoga Day 2025",Fact Navigate,20250609,555,5430,2025
0xBMWCpm-ZY,"Yoga for One Earth, One Health - Aayush Hospitals",Aayush Hospitals,20250621,95,214,2025
DPtEb0p905k,"INTERNATIONAL YOGA DAY- 2025  *YOGA FOR ONE EARTH ONE HEALTH* ""GYAN & DHYAN MUDRA""",RAJ ENGLISH SCHOOL,20250622,157,1086,2025
y7ANpURzWsQ,Happy International Yoga Day   # “One Earth One Health “,Nanda Donkanavar,20250624,211,17,2025
VXxv1V4_7qg,"Happy International Yoga Day 25 'Yoga for One Earth, One Health'Let's celebrate ancient India's gift",Capers Corporate Wellness,20250623,42,13,2025
ahO5rVyXtBw,"International Yoga Day -'Yoga for One Earth, One Health' #yogaday #yogaday2025 #yoga #health #world",Vishwashanti Darshan,20250621,51,46,2025
niR_ZJu_Gc0,International Yoga Day 21 June 2025 | Yoga For One Earth One Health | IYD25 #Samneghat #pmmodi #yt,DK Yoga Tech,20250624,561,51,2025
vbj8NYZbiXI,"yoga day celebration | Yoga for One Earth,One Health | 21st June 2025 | Surya Namaskar | Yoga forAll",Wunderbar Sisters,20250621,139,56,2025
uxx6xQuwAuM,"TCEI Celebrates International Yoga Day 2025 with 'One Earth, One Health' Theme at HITEX",NewsQube Channel,20250621,293,72,2025
vga8bkCMCEw,"Hema Malini Inspires: Embrace Yoga for One Earth, One Health on June 21, 2025!",Pop Culture Insights,20250614,151,4,2025
atUqSETYmmo,"Yoga for One Earth One Health - Celebration of International Day of Yoga - 21st June, 2025",CGI Shanghai,20250723,61,0,2025
nvvUpRFYpZk,"INTERNATIONAL YOGA 🧘 DAY 2025 |Yoga for One Earth, One Health Simple, Yoga flow for Beginners",VEDA'S YOGA,20250621,80,88,2025
wMBxhXhRgoQ,Happy International Yoga Day One Earth One Health,The Light,20250619,212,13,2025
xOQ1qzDTq0o,"Yoga for One Earth, One Health!#gkckrishnanagar",Global Knowledge Campus,20250623,61,29,2025
20_bSi-V888,"Yoga for One Earth, One Health | International Yoga Day 2025 @I'm Possible Fitness studio",  Yoga | Weight Loss & Healthy Life | Seema Mehta,20250620,311,264,2025
qMOqrQLJch4,"International Yoga Day 2025 🌍 | Yoga for One Earth, One Health | Global Celebration Highlights",Buddha Dharma ,20250623,299,119,2025
JmBgTeRirG8,"“ Yoga for One Earth, One Health” … Happy International Yoga Day 2025",Chilanka Dance and Music,20250621,105,118,2025
sVSCtESeD4E,"11th International Yoga Day | One Earth, One Health.",The Yogic Life Way of Life,20250622,238,174,2025
lgw4BkLmugU,"YOGA FOR ONE EARTH, ONE HEALTH",PTJM Gorakshini,20250621,215,624,2025
srbLBHWzPIA,"'Yoga for One Earth,One Health' : 11th International Yoga Day,2025",Probasinir' Swapnodeep#Sriharikota..🙏💓,20250621,107,28,2025
GqQu2ZW-rUA,"International Day of Yoga 2025 | One Earth, One Health | Mauritius",Abhyas School of Yoga,20250621,169,224,2025
JB-0zDl0UpQ,"International Yoga Day 2025 Status| Yoga for One Earth, One Health | Happy Yoga Day 2025 status|",PRJ Education,20250620,19,55,2025
APYeSdP7oOU,"International Day of Yoga| YOGA FOR ONE EARTH, ONE HEALTH|","HOWRAH DIVISION, EASTERN RAILWAY",20250619,36,5,2025
AaancuXrLT0,"11th International Day of Yoga 2025 | Yoga for One Earth, One Health @cutmodisha7103",Jeevitam Yoga,20250621,4122,58,2025
vU8m8teYroQ,Happy International Yoga Day One Earth One Health #happiness #mindfulness,The Light,20250618,115,16,2025
hhBk9OFBFWk,"Celebration of International Yoga Day 2025 ! ""Yoga For One Earth, One Health""",Swami Yogmata,20250701,373,45,2025
FG6m2iBW7qQ,"""Yoga for one Earth, One Health ""International Yoga day 2025 at NAMCE 🥰🤍💚",Lipika sarkar,20250622,236,9,2025
Wl1FCBaqLWk,Happy International Yoga Day One Earth One Health #happiness #mindfulness,The Light,20250620,34,17,2025
Cce_0M4E7Nw,"PRE IDY2025 - Yoga for One Earth, One Health & the Spirit of Sardar150",WorldMiTR,20250620,244,12,2025
Bf97RqytioI,"INTERNATIONAL YOGA DAY  ""YOGA FOR ONE EARTH , ONE HEALTH """,tushar_create,20250621,203,88,2025
nQmVhIS8fJI,International Yoga Day 2025 (Imperium senior secondary school ) One Earth One Health 💐💐💐💐,UNTANGLE # BY Mamta Joshi,20250621,162,69,2025
acDFS8j7MCs,What is the Common Yoga Protocol (CYP)? | International Day of Yoga 2026,Morarji Desai National Institute of Yoga (MDNIY),20260601,155,229,2026
QuGLcWPyvRQ,International Yoga Day 2026 | Yoga for Healthy Ageing | Can Yoga Slow Aging?,Fact Navigate,20260530,600,62,2026
Fo9RonC90iQ,🌿 *YOGA WELLNESS FESTIVAL 2026* 🌿✨ *This International Yoga Day.🔥,Homey official ,20260531,5,2,2026
UInzQ1ZCR0E,International Yoga Day 2026 | English Jingle Contest @ministryofayushofficial@MyGovIndia #OPRK,OPRK Entertainment,20260401,30,327,2026
D46TlqnV0hE,International Yoga Day 2026: 25Day Countdown Online Inauguration,The Arogya Yoga Trinetr Insight ,20260530,2809,162,2026
