video_id,captions_available,languages,auto_generated
V4bK7BdAm-o,True,"en,en",True
Av5ib_XRKT4,True,en,True
U7uJI2m-W1Q,True,en,True
6knnQMr_FPg,True,en,True
kvd5fCy-ITE,True,en,True
8ch8_AX-7ZU,False,,False
6wCIFVLibfc,True,hi,True
oYLY4KyNukI,True,en,True
otGmdJKC1mE,True,en,True
w4CE-SMokQI,True,hi,True
bMY2KUyz330,True,en,True
XoKsd-IwLpQ,True,en,True
7e85JPQaWCw,True,en,True
ISft6hv2hZE,True,hi,True
DQG9Bcq3Sgs,True,en,True
vpVp1XsRpco,True,en,True
PNLcohhQTHo,True,en,True
T3LV5yAJpqY,True,en,True
LmgN-lRJ3TA,True,en,True
IaMaAM5QMC8,False,,False
PwlftiCiWmE,False,,False
PwymV0sekDs,False,,False
yZ9hNDlqwjU,True,en,True
vRA895CMn1o,True,en,True
wXO2eKyoSPA,True,en,True
D5zJ5YIxOKA,True,hi,True
HxEEwQDE2lI,True,hi,True
zkK_I-VW6wo,True,hi,True
VbC5UGqsh24,False,,False
Jp5n2uTR6oA,True,en,True
lKQ3WGLDBjQ,True,hi,True
PfkCT5wiyE8,True,en,True
tjT9Sq7MOz0,True,en,True
4qSSo747st4,False,,False
lO7RbqPwyz4,True,hi,True
4cMhh-ZPxkU,True,ta,True
fbpwpTzF-oY,True,en,True
KSzORKlymhM,False,,False
Q-x-DX47QJo,True,en,True
TFhoDtY-pUM,False,,False
HSYN-yVTbqI,True,hi,True
wT6dfzpGSNE,False,,False
0XoCpPXlV4w,True,en,True
N4cNi6c6qVw,True,hi,True
UVoznB0DW5k,True,en,True
KGwDpIzZjHQ,False,,False
qwRCjUBN3Ns,True,en,True
rAJU5AsaTcc,True,en,True
6AK0fkhCjO4,True,hi,True
qGQ-TvsT9pk,True,en,True
GgTYIjEPNpg,False,,False
9pXNA3VXUF8,True,hi,True
AkLEk8bb7RI,True,en,True
GyQy3n4g-00,True,hi,True
eUfaQnDrZxQ,True,ja,True
gmbXXidEAS8,True,en,True
iQel86HoW9M,True,en,True
nKiZsVg8doE,True,en,True
2PWKPU4mp1Q,True,en,True
CV4QoG5Emxs,True,en,True
QVr_291uyG8,True,en,True
9R5j7aIbpq0,True,hi,True
4ToNpt4dAMc,True,kn,True
6qYYbjmn6LM,True,hi,True
OcKTF01z-JM,True,es,True
lRC3UxJF3ZM,True,hi,True
ALhIfbtNLcg,True,en,True
OuwpMJdatAw,False,,False
ro67GOMTxbs,False,,False
bJgAp7SRgMk,True,en,True
yO0OUE_6WLM,True,hi,True
UHhXcXrHbFA,True,mr,True
Wn8MJoHHzq0,False,,False
wq6Dz53epXI,False,,False
Us69_36cjg0,True,hi,True
cJEAK5Qks9U,True,en,True
zqsQ3SLkbgU,True,hi,True
30unmx881Ag,True,hi,True
SFMN1XdD8_E,True,hi,True
o9Op6dPMVZY,False,,False
k1o-qz6eCik,True,fr,True
fn0b2ndPwys,False,,False
uddfLWI0nRY,True,hi,True
xVg2c3gOQFY,True,en,True
pUDMxxoNe88,False,,False
FNdSkS0tTCQ,True,en,True
b89U8h63uSI,False,,False
K00r2GsUhic,True,en,True
OCyFGMOFKt8,True,en,True
BaAPktRjn3Y,False,,False
bnKWCuyZQy0,True,en,True
hJbRpHZr_d0,True,"en,en",True
CgmAmbaWiec,True,hi,True
52rs7XGbJvc,True,hi,True
-_Zn3F279mM,True,en,True
-NghXPxXi-M,True,en,True
7BJ-YJ6qcIo,True,hi,True
LcXwLEEJRzo,True,hi,True
U9beCVRmpCc,True,kn,True
r7xdgnDNlDM,True,en,True
fRuY9gdDD3c,True,en,True
9NaG7q7-QYM,False,,False
-pOwf3m8HBE,True,en,True
elZ98SR4PNM,True,en,True
dN7-tXsrjYk,True,en,True
OkVZA6fQ9Qw,True,en,True
95kRvXxYhu0,True,en,True
8PjqjxUvNOo,True,en,True
6LNRlqp86yM,True,en,False
n1F9VmD1gmg,True,en,True
lF1mDjagcFw,False,,False
4g0kkebBowM,True,hi,True
Y8qXuYLvz10,False,,False
W8eP9ZZqofU,True,ml,True
PmCVcjloRj8,False,,False
BlyAhlQvF04,True,hi,True
xlQHn5hSciM,True,hi,True
YnpWEXUA2WI,True,en,True
BrqZXHcffDA,True,en,True
qrlR8JYSMu8,False,,False
KYKcxkZzHp8,True,en,True
-DrjPSadlrw,True,hi,True
O3UzA-ItA0k,True,hi,True
m7QwLD4I5iI,False,,False
i-liV2oL3UM,False,,False
7axw1ORZhV8,True,en,True
LRHh5TvYyV0,True,hi,True
ISu5u2-Q_Es,True,en,True
3eKZF98ixLk,True,en,True
RZwNsXv-tWc,True,en,True
YwMEcKsq_R0,True,hi,True
ozzlSxcDp6o,True,kn,True
3siCZ0OOmKw,True,en,True
MS4cYZRrCd0,True,"en,en",True
hFpm0Q6hFTc,True,"en-GB,en",True
eVqSWsY_HpQ,False,,False
Z-5cexT4CaI,False,,False
PMv5_AtWlzM,True,hi,True
JwKIX0R01pk,False,,False
7jc1TMMnEbM,True,en,True
aIuo_SLGMVc,True,kn,True
ARaE7X4CLoU,True,en,True
HH6Dy5uoTCg,True,hi,True
ShS9Lelo9V8,True,hi,True
BrTzLPa_GkA,True,hi,True
WwaHfZiLoXk,True,hi,True
TBxnBuUNiBE,True,hi,True
WG4UmATp1Vs,True,kn,True
VwdQtYw-F6E,False,,False
0wJKeCwiNTM,True,hi,True
np32NBA0XiU,True,hi,True
ODuBxm5P1FQ,True,hi,True
Sehy0gAyv2k,False,,False
qQYRdiv6Uzc,True,hi,True
s3XjI9qlOCY,True,en,True
Cg_MlYk1wFs,True,en,True
Qq0eWeCLcpg,True,en,True
KS1lN6AJwCI,True,hi,True
ei6Ih8NTqb8,False,,False
uVvfdG6YyZE,True,en,True
d-wau41ipnA,False,,False
mX5OESuWuH8,False,,False
WnpukzPVEqk,True,hi,True
osGhDKjhHWU,False,,False
2t7ODAaZeFY,True,en,False
6u8UCktloYQ,True,hi,True
qyUybl8AFCA,True,en,True
yNQaVDeRj0c,True,hi,True
V_qBVguvIkc,True,hi,True
zSLdcsEe94g,True,en,True
nKn8YaL_n2U,False,,False
sm6QLZDPFyk,True,hi,True
i0SD-sKy5VM,True,en,True
x_xKEKJrVXo,True,en,True
uoSnDX-C43w,False,,False
FKM4aOluMsI,True,en,True
6Q2VsWvIFrg,True,en,True
ha8MlYhTXyg,False,,False
BdD0OyQyzEo,True,hi,True
O8cNxp5PqKs,True,en,True
vhJC5aCBf-Q,False,,False
FW-XzwNO1Pw,False,,False
l9DWNZ0T4Dg,True,en,True
6Ab0gUuhs4w,True,hi,True
LG4WlJNuAb0,True,hi,True
20Fn-9Yrf6Y,True,hi,True
CusuNrovDJc,True,"en-IN,en",True
GYBNtNIqEvM,True,hi,True
pTpoIxe_3C8,False,,False
xgI2t7Ig4dg,False,,False
laKrFedAIYs,True,en,True
C_zFb_au-B8,True,en,True
bj1jqaSsXvM,True,en,True
CJ35YXZ2z78,True,hi,True
X0f2R6H98BQ,True,en,True
e47u4UDfWOg,False,,False
pgfmCg6-Poc,True,hi,True
uTg5Hj67MsI,True,en,True
FKOpBDx-IMk,True,hi,True
Q1E2AbocGHs,True,en,True
mFKrbvCrs5s,True,en,True
Zi6BXd5OjrI,True,en,True
zYuEEmmziS0,False,,False
AWTD4P1OBJI,True,hi,True
MVckEuCgVmY,True,hi,True
aoIxsKGu69I,True,en,True
FJdzGF3kDNw,False,,False
keKQxTcz74I,True,en,True
TaMHJzT5GD8,True,en,True
y2PQPmXPlzI,True,en,True
etHlu9QTTRM,True,hi,True
vzqMklQ5BsM,False,,False
LO6uqfl4Dec,True,en,True
FuYLXHEGwDo,False,,False
I_q5U4GJda0,False,,False
eJ86TdGHuEA,True,hi,True
CaQwpE-D-uQ,True,hi,True
6WjueVfA_i8,True,hi,True
MAoKHa-fj0E,True,hi,True
NRukKF7Or1o,True,hi,True
1W5pKg3bbss,False,,False
rvqx3ykMPUw,False,,False
UtZhEoHiido,False,,False
w00785UPnbw,True,hi,True
5zV7Wb_cKCk,False,,False
EUpZera75k8,True,en,True
IjxKPrNP3vQ,True,es,True
euediogFLv4,True,en,True
R3BwAGO5gM4,False,,False
Sjcx36ylebg,False,,False
C1KafektaEc,True,en,True
2w-hnpJLI0g,False,,False
ZaA653fHNbI,True,en,True
eWjwbFEcIes,True,hi,True
znl48C9WgYQ,True,hi,True
ICZ5cKz14uw,True,hi,True
t-mknfY6GIY,True,hi,True
Z-p2ze9jecw,False,,False
U8tPNIJgIdk,True,es,True
QBuUEdQ3r_c,True,hi,True
e6VrBKMUWdE,False,,False
PbLy3_7DPs4,True,en,True
_czzoFZX0hE,True,fil,True
RksEiQ09rGM,True,en,True
LrMK9WrQ3SU,True,en,True
1hxz_M2JSsI,True,en,True
h7cDzRJTBqE,True,hi,True
EnuEIlD82nM,True,en,True
7Va1b0AOSsg,True,en,True
DrSUWq4R_Uw,True,hi,True
Pic_WNIkM2o,False,,False
NQkMW-u_Yqw,True,en,True
2pEUxdJxm3U,True,en,True
9JF7XB--NfY,True,en,True
CifvyJWnZxQ,True,en,True
7gZ2hpcA-E0,True,hi,True
FuJ8ggFiR_I,False,,False
f0l1TH8N3fQ,True,en,True
XgPRT2axJUM,True,en,True
-8kiR-YOgsY,True,en,True
_Clih3Gxw8w,False,,False
DPyvzFfcVxo,True,hi,True
iNE_0MHCPBg,True,en,True
_Yw5vdlCb84,True,en,True
h1OxpsDKpHM,False,,False
lviLklNIk2Q,True,hi,True
REcI14WYLfg,True,en,True
RXs8cHWBRq0,False,,False
FRDkNG00khU,False,,False
dU0Y-ZTNYxo,True,en,True
QlpDBRtZX8o,True,en,True
WWvE-QGVmAM,True,en,True
GzkKnhOvqiM,True,en,True
t6B6jkuUHEo,True,hi,True
NOK9-J_s3_8,True,en,True
JufwIJc5aSY,True,en,True
3iZ5WMvDy_4,True,hi,True
ZPvjYdERaEI,True,hi,True
3zACOxsxXsg,True,en,True
bccEoJ0G6qE,True,en,True
nvMRN2bf0zY,True,en,True
-4zfwCjtwQo,False,,False
r_s9fyqBDDg,True,en,True
zdIgtTxEzv8,True,en,True
lwld6izt6cA,True,en,True
ZKbE0otIDaE,True,en,True
BuMqyp2e69U,False,,False
gSBWffqHkss,False,,False
aQ3znaD0cCg,True,en,True
2m6v_njz3bo,False,,False
30QDbjhzBaI,False,,False
-qBsODoJEPU,True,hi,True
P5on4xVU2eQ,True,en,True
UqFEcKCGCRI,True,en,True
S0bIJVsW6kg,True,en,True
DMcqcYaidyw,True,ta,True
Uyr5O1Twadg,False,,False
dGKd7pdpdJ0,True,ko,True
cFooVAkqFiU,True,en,True
SPWeCdEFZDY,True,en,True
Fwnbqyr6nvM,False,,False
h_3xhGmBEW0,True,hi,True
GlkYMhn_IyY,True,en,True
rOp0boxgcHs,False,,False
i-Nuc_L4mio,True,hi,True
HV93s9jRkdY,True,gu,True
FMKB_BVupYA,True,hi,True
PuUFl4VchH8,True,hi,True
Uk2MNaV2cW8,True,my,True
VuWWSufO4as,True,hi,True
UxnQCbsBc2c,True,hi,True
lnnW0UvLkjw,True,hi,True
Dq5nE-NDJxU,True,hi,True
6u2Az-WuzVA,True,en,True
Ak0uTdv5kEo,True,hi,True
_uNzZEEOHsQ,False,,False
2kKVITRbaD4,True,en,True
T9W6XoM-x4A,True,hi,True
fZ269RBWrIg,True,hi,True
2ZYvUAqRYcA,True,en,True
PcRqCO_wOd4,True,en,True
GPhQyNUyx9c,False,,False
IezG36fLMoU,False,,False
riKrz4kinQM,True,hi,True
KyMWQmiKzyk,False,,False
KZa6YfdR4Vc,True,en,True
LQllvEizyM0,True,hi,True
v3j7ODYGd0s,True,hi,True
Xr7UpJjARrQ,True,en,True
uZLjeYZS9Ng,True,hi,True
hZkdJw2n5G4,True,hi,True
JXXZD1BQqBY,True,hi,True
GpWHLMVk0xU,True,en,True
8c5XwUaJ5ZE,True,hi,True
BfmTN-RJ9so,True,en,True
UZ8Er3yfWQQ,True,en,True
eio-fZMds7E,False,,False
Ctix1E-BF0s,True,te,True
J2Y1TJwWKyM,True,en,True
ILCTA8h9nMA,False,,False
FOpyG1xM0SE,False,,False
gZi7H-scLCA,True,hi,True
kMvjE4XbbSU,True,en,True
Is43iSzaa4I,True,hi,True
z0xjLB12GYY,True,en,True
zJFk62RSVVY,True,hi,True
5N24-_8xXQo,True,en,True
tAYDAz0xctI,True,en,True
cfSJh6lQGUM,False,,False
7v0PIHCXlUU,True,hi,True
SuZSLw-Pcw0,True,en,True
lmSGD0I_Xao,True,"fr,en",True
rUuJE4YEVMw,True,hi,True
EqpndsJf1Ng,False,,False
xsf1eHv_vSE,True,hi,True
_8IpP4tZP4k,True,ru,True
75BLUGP7kmE,True,en,True
WEjHA0rWaJ4,True,hi,True
WDhvcUSkggo,True,en,True
ucLh0_3oE6Y,True,en,True
hSPBcQJ4Tx8,True,en,True
u-ExPW6VGTE,True,en,True
U8Xap8TH2kM,True,en,True
xteGOc87tV8,True,en,True
hEvQgTEe5eY,True,en,True
aBw1tuS36HY,True,en,True
5MVOvOpQYOw,True,en,True
69w_iBdREDA,True,en,True
jKJWQkQWlTI,True,hi,True
hiYhJtcB1eg,True,en,True
lAzBdzQKjVw,True,hi,True
Fnm7zP9oKZc,True,en,True
OumubmGN4zo,True,hi,True
6UOIkxAUvyE,False,,False
efbMFVYfZhA,False,,False
0xBMWCpm-ZY,False,,False
DPtEb0p905k,True,hi,True
y7ANpURzWsQ,True,hi,True
VXxv1V4_7qg,True,hi,True
ahO5rVyXtBw,False,,False
niR_ZJu_Gc0,False,,False
vbj8NYZbiXI,False,,False
rjiuiSiihlE,False,,False
uxx6xQuwAuM,True,en,True
vga8bkCMCEw,True,en,True
atUqSETYmmo,True,en,True
nvvUpRFYpZk,True,en,True
wMBxhXhRgoQ,True,hi,True
xOQ1qzDTq0o,True,en,True
20_bSi-V888,True,hi,True
qMOqrQLJch4,True,en,True
JmBgTeRirG8,True,kn,True
sVSCtESeD4E,False,,False
lgw4BkLmugU,False,,False
srbLBHWzPIA,False,,False
GqQu2ZW-rUA,True,en,True
JB-0zDl0UpQ,True,en,True
APYeSdP7oOU,False,,False
AaancuXrLT0,False,,False
vU8m8teYroQ,True,hi,True
hhBk9OFBFWk,False,,False
FG6m2iBW7qQ,False,,False
Wl1FCBaqLWk,True,hi,True
Cce_0M4E7Nw,False,,False
Bf97RqytioI,True,en,True
nQmVhIS8fJI,True,hi,True
acDFS8j7MCs,True,en,True
QuGLcWPyvRQ,True,en,True
Fo9RonC90iQ,False,,False
UInzQ1ZCR0E,True,en,True
ELZoNtZEWp8,False,,False
DJEJTvb-xI8,True,hi,True
KwuXXx_QTaE,True,hi,True
cQd85Evi0ak,True,en,True
D46TlqnV0hE,True,hi,True
r9znsaHXTM0,False,,False
2n0QnHGn6K4,True,en,True
CiTE8F5tyqE,False,,False
6M0tonInnPo,True,bn,True
sR2S1gh9s30,True,en,True
IwZQp9Yq1TI,True,en,True
zXhyG_rJdko,True,en,True
uQg6BrQaXOM,True,"en,hi",True
8hUGNFsoGnA,True,hi,True
Ltpr7aSX6Cs,True,hi,True
mtE7UXC5mKo,True,en,True
pN4Wv_8DDT0,True,hi,True
NyvUjHDa0JY,True,ar,True
VLf_UT-d_Ao,True,en,True
YLY5hrkQgWY,True,hi,True
jZeHD7ysyfw,False,,False
GNkzC89EQ2I,True,hi,True
Q1LCTtFX_Fs,True,hi,True
Iyx7desT8h8,True,hi,True
HUKYhsVz0wg,True,hi,True
Sh4ElhPZvNo,True,hi,True
5CcU1NqVTtc,True,hi,True
t_zfJ5nLQv8,True,en,True
3PKwdy_7Ttg,True,id,True
tFXn_fCk0Hw,True,hi,True
IWvpnj7A008,True,en,True
9EeNQztW8_U,False,,False
Kxc6ZCb0_yo,True,hi,True
R1Tv4clN98s,True,hi,True
vL9Ps7YIssE,True,kn,True
7ZNRXFCwYvE,True,hi,True
Md-GXKtjP5E,False,,False
Ymi8Cov8hg0,True,en,True
mb54KIYrqHg,True,hi,True
-WmXnO98QYs,True,hi,True
epQ8hqrqMrg,False,,False
Cw5sivofRbw,True,en,True
btBM0lRRwlQ,True,en,True
WAfOhlCp914,False,,False
aM0kgKIz9UM,True,hi,True
Ayk9aXo54hk,True,en,True
jbwx4QGkqVo,False,,False
AI0sgLI46MQ,True,en,True
WSqRYyKPWeY,False,,False
T8HPu3QiNr0,True,bn,True
dqBIj2O3Pdk,False,,False
LwazVRH0UHQ,False,,False
8BplbqsU2sU,False,,False
WAD8Wao5gQw,True,"en,en",True
IurZMHfUmsM,True,en,True
jf2XPQlp4-M,False,,False
KzFoO6bxtpU,True,en,True
390e4OYx1i4,True,en,True
AB2GZqYMZOU,False,,False
CD70KYY5YeQ,True,hi,True
e0WDBtTr7_o,True,hi,True
GJBWWrc5YSs,True,hi,True
kpdfHJ7x0dY,False,,False
V3M7z2b5Sx4,True,en,True
mZsX9tw8FoI,True,en,True
7D2yQHi2Z-U,False,,False
owcFlE2oe5o,False,,False
fsWitGfWyHI,True,fil,True
9nob14yzO-g,True,en,True
rn1Fsc4_x5o,True,hi,True
Plf5Dg4BVsI,True,hi,True
pBvrz1E2oXg,True,en,True
O9jEWwVDnyc,True,hi,True
O8YH7Hn5k4Y,True,en,True
dW9UwLVjvak,True,nl,True
msZiKp5fCyw,True,en,True
0ATwmzKsHts,True,hi,True
PBM7Fs03FuI,True,hi,True
fhX153rnFa8,False,,False
8DeiE-23e38,True,hi,True
hlgCifQfPnk,True,hi,True
BMr7gRg_LV8,True,hi,True
uaT2AVAX42w,True,en,True
US9UELGrkWE,True,en,True
JOnY3xdokEc,True,hi,True
NHPENqo4x4M,True,hi,True
UG8DzCVxldI,True,hi,True
g8MvYG7afaE,True,hi,True
5oS0wVx9KAw,True,en,True
SyserxPSx1U,False,,False
tsEUXXI4QHs,False,,False
eeaerqpZd7g,True,hi,True
mmG4jDBWIsU,True,en,True
c8A_BkXMcKA,True,hi,True
Kaz144lzORY,False,,False
50Qf3kJDUeE,True,en,True
dDGzam7WYEE,True,hi,True
RehqLdUGJlg,True,en,True
i4msUSBffpU,True,hi,True
w-ujgTZTT5Q,True,hi,True
JchDbzvsXAk,True,en,True
UdP_gGiIWq0,True,en,True
v29_ChZwR20,True,hi,True
HLo1lepnzGc,True,en,True
OfHrOE6t1h0,True,hi,True
Z4diFKcv3gE,True,hi,True
e7HIxPFbmbI,False,,False
tjtwW0zGwBU,True,hi,True
FTNLwfGOjuU,True,hi,True
cphIHGmikOs,True,hi,True
oPleUTwnEt4,False,,False
QPsMAwSiZVk,True,hi,True
44PPtRBjkuE,True,hi,True
PlxXjJjsaKw,True,en,True
0Uxhco6qwFo,True,en,True
QLXIv_0bvEw,True,en,True
4iCvX3DfXVc,True,en,True
EHX1-Dj2IXM,True,en,True
deco9KHty04,True,en,True
MADy-oiozFw,True,en,True
EXqpq6rrAjE,True,hi,True
V33bIkpFR1A,True,en,True
IDneMM3JEFM,False,,False
vIA-IAAlZSg,False,,False
hl3lWfLfDwA,False,,False
ECI11uKvmG4,True,en,True
tYr0q8HLkQY,True,hi,True
FJM8kEO2mPY,True,en,True
6u_xoU2AOdo,True,en,True
AgBX2c7w7Ts,True,en,True
oNomHQfTA_M,False,,False
Y69md6XRncU,True,hi,True
GTYUovcslV0,True,en,True
HXEc6RYpWf4,False,,False
hg6HLBWpbcM,True,en,True
ZyL0KYXzLUk,True,hi,True
Z09qEkLoVeo,True,hi,True
ILYKKso4dfE,True,en,True
RU5dR1NyP8s,True,en,True
XRmDFoEIk8I,True,hi,True
mopEtlHBDw8,True,en,True
SbIc8gISJCQ,False,,False
v9QMhGittCM,True,hi,True
OghYPFzSChg,True,en,True
Iwp5CgFCuco,False,,False
kT4s6iZ6mJI,True,nl,True
uWsNWorJLcM,True,hi,True
wF2g2CklpUs,True,en,True
h0UrbyV3jUY,True,en,True
qDzYQmJI4tE,False,,False
dhrsxFdkzNQ,False,,False
UJPAHpPTt1Y,True,hi,True
dsbK-YLLB-U,True,hi,True
ekzlBsSR8RU,True,hi,True
jHyYaM2oe1E,True,hi,True
Ke39MCav5Hs,True,hi,True
559cVTeWW9s,True,en,True
AY8cNUWAEpg,False,,False
ParJGqcRX94,False,,False
NgoTi9qxWVU,False,,False
D9dBXNT0YA4,True,en,True
K7YeE3zSQdE,True,hi,True
fvsC4x4VBpM,True,hi,True
z7RdbXnjjMc,True,en,True
riURtZa6MhU,False,,False
UMSIaxSdOa4,True,en,True
N_c9BgiN46Q,True,en,True
xgIkGdwPqlQ,True,en,True
xm28ewV7S9w,True,en,True
RNCyEuseurI,True,en,True
I6qzKSOXUsM,True,en,True
Cn69_7WkUSM,True,en,True
JK2y_SfHdf8,True,hi,True
JxVCCHqc72E,True,en,True
ocuerNUWTaM,True,en,True
qBcyeYP6snc,True,en,True
FB543E0MSXQ,True,en,True
2088EJFs5fQ,True,en,True
KASKJeYSE20,True,hi,True
j-uKhBSLL48,True,en,True
pORdexOKJ7E,True,en,True
0T_qOiw2Xuk,True,en,True
jq3XAReBLtQ,True,en,True
CWa-gW_-7zQ,True,en,True
3DbBA1BTAM4,True,en,True
BSiBZtjXDb0,True,en,True
HXhxVUNecmg,True,en,True
tdplSsPk8tI,True,en,True
u1JgC4ZjEJc,True,en,True
jMKJYZDqTks,True,en,True
VWRLYm3qBI4,True,en,True
piaIDE9_72U,True,hi,True
sMBMcZ9qC1c,True,hi,True
5HxJ-DOJGV0,True,hi,True
bYf5oUBqcvs,True,hi,True
F8r2xYzf6Z0,True,en,True
3jgTR6-g1Lo,True,en,True
cipmQDkJWRk,True,en,True
ckQIyUR-YYQ,True,hi,True
-ZxrdlQe_78,True,en,True
lA9dHOAGUjs,True,en,True
38OJ5YUWgDE,True,hi,True
LlIcW_A5eaM,True,en,True
tHkW2akJLfY,True,en,True
kkvjhnSG3pQ,True,en,True
VsGPjzPndHc,True,hi,True
3-4dvMSYSis,True,en,True
pSjXJBEdLhQ,True,en,True
6WtvdIBrW8c,True,hi,True
DrEBOB3mAWI,True,hi,True
d_PYT6CElGg,True,en,True
puFOuS2sk9w,True,hi,True
cEebNNbLlQU,True,en,True
Xr6ZOn6Xd7E,True,hi,True
FQCb-9Df0uQ,True,en,True
I0ahh_fiPVo,True,hi,True
y4tARqIzJis,True,en,True
Iwuib4fD6dM,True,en,True
ijS-ruHh_-8,True,en,True
f3PH1cvX8sM,True,en,True
wOB5cUaunT8,True,hi,True
lFzm6nIcyoE,True,hi,True
k2JHTLlqGuE,True,en,True
og_Xqy_IHpY,True,en,True
oW9LOUCGsiU,False,,False
j-f0YHcix90,True,en,True
sqhAuIa5PB4,True,en,True
2e_pszlUvOs,True,hi,True
or6mG6Sj-Mw,False,,False
_IKq9_hxfR8,True,en,True
Ui4Evwvx2io,False,,False
tc80x4xIlHA,True,en,True
xm0_KOSNLTY,True,en,True
hqSZI4xHvw8,True,en,True
24OcYjeKAZo,True,en,True
E4CYCnXnhrk,True,ar,True
9SZFSBW5MDk,True,en,True
vesCA0lzuzA,True,hi,True
Xh2q22BxBCY,False,,False
549VedVn4gg,True,en,True
D0WIW75lcGc,False,,False
KvdAWtb4mVE,True,en,True
n3Zf6ga7ncU,True,en,True
cpgmUSfA334,True,"en,en",True
VzBqEC3qk3Q,True,en,True
p1LbPWuaFJA,False,,False
QIU7y0WBfgc,True,hi,True
JbzEmGWh1mc,True,en,True
clhT4OwJ_SQ,True,hi,True
ieIBcZvf-Fw,False,,False
HSBwdaHZhx4,True,en,True
FFItaOgVdPY,True,en,True
woDftJ5-_hk,True,en,True
N9ZnuWKaVGc,True,en,True
NgjwKnU8Jog,False,,False
yU_V9zgUo-k,True,nl,True
8yPAIC2XRmM,False,,False
Oti5_j_jtk0,False,,False
oqnebrp_uh0,False,,False
-asdhNHzVTU,False,,False
HiwvlEsy2rs,False,,False
SCYYMEUJ7-4,False,,False
N9K_goSCAIQ,False,,False
xBbq3rXmWwc,False,,False
FY74Coskjrg,False,,False
boY0d9-ECrI,False,,False
rAKtXjjIYvM,False,,False
tlQFariES-I,True,hi,True
jhKwgdUmCDk,False,,False
Vk6H0oT1n2U,True,hi,True
hPz_P3AXdsk,False,,False
tALgQWMmE8k,False,,False
7m3OeZTJttc,False,,False
VEu1MUKMAHU,False,,False
VPJwv5iWDF4,True,hi,True
AoGAk7zlWvc,False,,False
uRZCB0FquO0,False,,False
hgXh4O1k-pM,False,,False
FcliMk-HpcQ,False,,False
EeWUKcI5ErU,True,hi,True
bJR4oEt6y-c,False,,False
HRqjAtCQ_mk,False,,False
Mpx3CiDMyf0,False,,False
12r5J6PNQ7s,False,,False
bUbKvHgR9sc,True,hi,True
vH7IsUCDhoU,False,,False
9aPgFpsCXyA,False,,False
XgAMQHR7AxY,False,,False
jzXaQdTqCdM,False,,False
TmFeVZrZDbg,False,,False
h6BWo6jsiLA,True,hi,True
vOlbsk_ru_U,True,hi,True
M7gQJsG1-HQ,False,,False
UlQn95zsEe8,False,,False
gGxfBc2BnNs,False,,False
VKqzSv509xk,True,en,True
02u0sbxZMuE,True,en,True
H8839nIXsog,True,en,True
QQZ7e66-Vgk,True,hi,True
WvRdKQ_kSSY,False,,False
Ldu0MsFKakY,False,,False
yOuA6RUxQP4,False,,False
WOQMuj49-IY,False,,False
LlsAx-TaQw4,True,en,True
rP98Wu7-YM4,True,en,True
n8N-RQgMXmM,True,en,True
xivKGF3fDpA,True,en,True
uQxvgH4oTTI,True,en,True
DvdTN0hSEN8,False,,False
XKe8oiQDR68,True,hi,True
vwaWGxG-J9k,True,hi,True
w-qMkgmWA4M,True,en,True
zgUnmoFOTts,True,hi,True
monxOtArSdE,True,en,True
XjzM546PQ6E,True,ro,True
A-I6xl1E4Is,False,,False
KOBl2gMTsUI,True,en,True
Sc08I9A0oLU,True,hi,True
s7Mw13LujzE,True,hi,True
msLMRapvN5w,False,,False
H9bF0cVhU4Q,True,hi,True
7eKq79x4Yjs,False,,False
xR9j7yG-94A,True,en,True
Ypwn-vB5jvw,True,hi,True
4HN--v2kpz0,True,hi,True
4Tq_Q3NBE7w,True,hi,True
l7_7DjjjTw8,True,en,True
55JWQ0PyYVA,True,hi,True
kq0zMkc1jQw,True,hi,True
tqbPqSzob_I,True,en,True
9H9dwtG_Ing,True,de,True
g9Djb2ve7j0,False,,False
rJsXB33V1u4,False,,False
ebvmT7p-b3U,False,,False
gyzZ0NEALWU,False,,False
6sga3rGtAx0,False,,False
CDRLQqlYefc,True,ru,True
uQEn4vwwLYg,True,en,True
hhpZxb7v5eg,False,,False
__cd-Hi0gnQ,True,mr,True
G26RqtF4sm8,True,ko,True
0_LsEX9HOjE,False,,False
Kq6KSPBrf3g,True,en,True
DjuOaweshUs,True,es,True
Qy14dSLN-mA,True,hi,True
quLNVEqK7sU,True,hi,True
VT5itSvfn5g,True,en,True
B7XpkH6pzlg,True,en,True
DVsSBfS34Fk,True,en,True
OZPYoTwVGm4,False,,False
xy1JWUOLZn8,False,,False
YuN7qDutOQc,False,,False
GjsCjBD6aaE,True,en,True
FEAID-8Xbyo,False,,False
60MZYloKTdU,False,,False
PSbOrSZKbfs,False,,False
9puS4NcoHQ4,True,en,True
3LxK-TiifzQ,True,en,True
TpTRtaSEGrE,True,en,True
81J_pa88Mi4,True,en,True
SkT4ll953as,True,en,True
ZelH0Jywa5Q,True,en,True
d_PgNocg3z4,True,en,True
6YPmSaTu468,True,en,True
KgTyB6UNeUM,True,en,True
qZGQBgF5Uhk,True,en,True
HcbG1q7iL8I,True,en,True
LAuhSmFz9rM,True,en,True
OWcoPzas0Tc,False,,False
e81UHZM44vU,True,en,True
Qg9xS_09m9k,True,en,True
4HdETZiiTyA,True,en,True
EnaJ6CfZEco,True,en,True
Y7Ye51p2Fj4,True,en,True
GL7r_NfckrM,True,en,True
XgbnqeGbSoQ,True,en,True
loEP6SecmHE,True,en,True
_Os9D-PwLC4,False,,False
zHHHJqUBbqo,True,en,True
RXRgRsoNRmk,True,en,True
MkrFz5QRjOs,True,en,True
GREtxk36fQ8,True,en,True
8DMZ-pghVQM,True,en,True
tO2uXTDYWlY,True,en,True
NpaZzoUxA7Q,True,en,True
rt_u26zF2-s,True,en,True
kw4G_lFolN8,True,hi,True
0OCahmfR-do,True,en,True
YqBK6R_wCTs,True,en,True
vSAjQ2TJylE,True,en,True
HSNlOjQ9GAE,False,,False
kC8obfUPN1I,True,en,True
sHqUVG00auM,True,en,True
_XD1y8gB5uw,True,en,True
FScktN86c9M,True,en,True
tNjjAkVRo7o,True,en,True
k3ah_oe8tus,False,,False
DsV7FJ0Xvnk,True,en,True
