video_id,title,channel,upload_date,duration,view_count,year,priority
Ctix1E-BF0s,#Yogandhra2025 #InternationalYogaDay2025 - Yoga For One Earth One Health,AP Digital Corporation,20250528,75,1578405,2025,1.0
uddfLWI0nRY,Yoga Dance | International Yoga Day | By Yoga Group Barwaha,Anushree Atre,20240620,417,597661,2024,1.0
CaQwpE-D-uQ,योग गीत - International Yoga Day Special 2025| विश्व में शांति रहेगी योग से #yogamusicforexercise,Hari Singer Patanjali,20250618,320,534231,2025,1.0
o9Op6dPMVZY,ALL INDIA YOGASANA TOURNAMENT 2024-25 Bhuvaneshwar.,Dr.Namdev Phatangare,20241226,845,531905,2024,1.0
BaAPktRjn3Y,7- IDY LE NEG _ Sa Yehi,Idy Le Neg ,20250802,168,455490,2025,1.0
6AK0fkhCjO4,"LIVE: PM Modi takes part in 11th International Day of Yoga celebrations in Visakhapatnam, AP",Narendra Modi,20250621,5397,372323,2025,1.0
kvd5fCy-ITE,PM Modi takes part in International Day of Yoga celebrations at UN HQ in New York City,Narendra Modi,20230621,4192,295038,2023,1.0
81J_pa88Mi4,International Day of Yoga with Sadhguru at UNESCO - Crafting a Conscious Planet,Sadhguru,20230621,7530,224948,2023,1.0
3-4dvMSYSis,LIVE: PM Modi Yoga at UN Headquarters | International Yoga Day 2023 Live | Modi US State Visit,ANI News,20230621,3895,192152,2023,1.0
LlsAx-TaQw4,PM Modi's remarks at International Day of Yoga at UN headquarters,Narendra Modi,20230621,540,166564,2023,1.0
20Fn-9Yrf6Y,International Yoga Day 2025 | Significance & Theme | UPSC Current Affairs | Drishti IAS,Drishti IAS,20250621,344,72330,2025,1.0
PwlftiCiWmE,International Day of Yoga 2024,WHO Country Office for India,20240620,169,70380,2024,1.0
t-mknfY6GIY,International Yoga Day/Yoga series Ep1️⃣/ Do Yoga with Us,Youth Veerangnayen,20230621,718,68869,2023,1.0
U8tPNIJgIdk,International Day of Yoga 2025 with Gurudev from Colombia | Live Meditation,Gurudev Sri Sri Ravi Shankar,20250621,2023,56988,2025,1.0
vhJC5aCBf-Q,ISC Qatar | Rhythmic Yoga Display during Int'l Day of Yoga 2025,Indian Sports Centre,20250624,355,56122,2025,1.0
xBbq3rXmWwc,"PM Narendra Modi leads Historic International Yoga Day Celebrations at UN HQ, New York",PMO India,20230621,4215,52435,2023,1.0
N4cNi6c6qVw,International Yoga Day | Chandra Namaskar | Song - Adiyogi,Sandhya Chavan,20250621,255,50921,2025,1.0
VEu1MUKMAHU,"PM Narendra Modi participates in 11th International Yoga Day Celebrations, Visakhapatnam",PMO India,20250621,5415,49612,2025,1.0
HcbG1q7iL8I,How has India Benefited from International Yoga Day? | Vantage with Palki Sharma,Firstpost,20240621,528,45683,2024,1.0
z7RdbXnjjMc,PM Modi takes part in International Day of Yoga celebrations at UN HQ in New York City | 21st June,Doordarshan National,20230621,6305,42795,2023,1.0
U7uJI2m-W1Q,Yoga with Deviyarani | International Day of Yoga 2024,Doordarshan Manipur,20240621,1783,40724,2024,1.0
D9dBXNT0YA4,The world comes together for #YogaDay at the UN Headquarters!,Narendra Modi,20230621,110,38039,2023,1.0
Zi6BXd5OjrI,LIVE YOGA SESSION BY DR.TEJASWINI MANOGNA || INTERNATIONAL YOGA DAY 2025,Tejaswini Manogna,20250621,4050,37869,2025,1.0
etHlu9QTTRM,"LIVE Coverage: International Yoga Day 2025 | Yoga For One Earth, One Health | PM Modi LIVE | N18G",CNN-News18,20250621,28892,37319,2025,1.0
K00r2GsUhic,"""Yoga for All: Celebrating International Yoga Day with Youth Veerangnayen""",Youth Veerangnayen,20240625,245,34361,2024,1.0
NRukKF7Or1o,Yoga Day 2025 | 11th Yoga Day Celebrations: Nation Unites In Yoga Bliss,NDTV,20250621,342,31948,2025,1.0
E4CYCnXnhrk,PM Modi-led Yoga Session At UN Headquarters Creates Guinness World Record | Watch,Hindustan Times,20230621,111,29314,2023,1.0
D5zJ5YIxOKA,DJJS Vilakshan Yoga & Dhyaan-Sadhana Shivir | Yoga Day 2024 | Yoga For Self & Society | #YogaforAll,Divya Jyoti Jagrati Sansthan,20240621,5056,28371,2024,1.0
e47u4UDfWOg,International Yoga Day | 21June 2025,Brookfield Properties India ,20250620,81,27888,2025,1.0
0ATwmzKsHts,Day-50 Countdown to IDY-2026 | 2 May 2026 | 6 AM IST | Kanha Shanti Vanam | Heartfulness | Daaji,heartfulness,20260502,7569,27206,2026,1.0
AI0sgLI46MQ,Shilpa Shetty Celebrates International Women’s Day With A Powerful And Inspiring Yoga Event | Screen,Screen Awards,20260308,1326,26206,2026,1.0
LrMK9WrQ3SU,International Yoga Day 2025: PM Modi Leads Celebrations; New World Records Made | N18G,Firstpost,20250621,425,25978,2025,1.0
KYKcxkZzHp8,“Kriya Yoga Meditation for a Happy and Successful Life” | World Meditation Day Talk By YSS Sannyasi,Yogoda Satsanga Society of India,20241222,3022,25900,2024,1.0
zqsQ3SLkbgU,International Yoga Day 2024 | UPSC | Daily Current News | Drishti IAS,Drishti IAS,20240621,184,22207,2024,1.0
I6qzKSOXUsM,PM Modi's Diplomacy-Asana In America  | PM Modi To Perform Yoga In New York | International Yoga Day,India Today,20230621,160,21255,2023,1.0
kkvjhnSG3pQ,PM Shri Narendra Modi takes part in International Day of Yoga celebrations at UN HQ in New York,Bharatiya Janata Party,20230621,4160,16769,2023,1.0
2t7ODAaZeFY,How does Karma Yoga lead to self-realization? | Selfless Work - Pure Mind,Vedanta Society of New York,20241111,828,14607,2024,1.0
cEebNNbLlQU,LIVE | PM Modi Leads Yoga Diwas at UN HQ in New York City | International Yoga Day | Times Now,Times Now,20230621,32425,13952,2023,1.0
V3M7z2b5Sx4,30 min. Morning Yoga Flow l Morning Full Body Stretch - Day 1- 30 Days of Yoga 2026,Michelle Martone YOGA,20260101,1669,12521,2026,1.0
AWTD4P1OBJI,International yoga day 2025,OD-Rider-7111 ,20250621,148,11782,2025,1.0
FJdzGF3kDNw,International Yoga Day Celebration 2025 | Amba School for Excellence,Amba School for Excellence,20250620,85,11241,2025,1.0
vRA895CMn1o,International Yoga Day 2024: Indian PM Modi to lead 10th International Day of Yoga | World DNA LIVE,WION,20240621,2925,11143,2024,1.0
MVckEuCgVmY,"LIVE: PM Modi takes part in 11th International Day of Yoga celebrations in Visakhapatnam, AP",Bharatiya Janata Party,20250621,5365,10867,2025,1.0
ocuerNUWTaM,PM Modi's state visit to the US begins with Yoga day celebrations at UN HQ | WION,WION,20230621,600,10718,2023,1.0
JK2y_SfHdf8,PM's speech during International Day of Yoga celebrations in Visakhapatnam | Eng subtitles,Narendra Modi,20251130,1140,10401,2025,1.0
jMKJYZDqTks,PM Modi To Lead Yoga Day Celebrations At UN HQ; Dignitaries Of 180 Countries To Participate,Republic World,20230621,223,9907,2023,1.0
f3PH1cvX8sM,"PM Modi Leads Yoga Day Event In New York, Says 'Yoga Unites The World' | Latest English News",MIRROR NOW,20230622,74,9519,2023,1.0
C_zFb_au-B8,"International Yoga Day 2025 | From India to the World, How Yoga Changed The Way We Live",Oneindia News,20250620,125,9437,2025,1.0
_IKq9_hxfR8,PM Modi Live: PM Modi Live At UN Headquarters: International Yoga Day 2023 | India Today LIVE,India Today,20230622,35614,9361,2023,1.0
xm28ewV7S9w,PM Modi Arrives At UN Headquarters To Lead International Yoga Day Celebrations,India Today,20230621,398,9319,2023,1.0
FNdSkS0tTCQ,International Yoga Day 2024: 'Yoga & Ayurveda'- Celebrating India's gift to mankind | WION Promo,WION,20240531,43,9277,2024,1.0
bJgAp7SRgMk,Yoga day 21 June 2024 | Yoga day celebration,yogamates,20260106,338,9138,2026,1.0
Iyx7desT8h8,🔴 LIVE | Yoga Mahotsav 2026 — 25 Days to International Day of Yoga 2026,Morarji Desai National Institute of Yoga (MDNIY),20260527,8100,9137,2026,1.0
0XoCpPXlV4w,Yoga Day 2025 | United Nations,United Nations,20250620,5020,8939,2025,1.0
Jp5n2uTR6oA,“Finding Balance and Calmness through Yoga-Meditation” | 2024 International Yoga Day | English,Yogoda Satsanga Society of India,20240616,3449,8801,2024,1.0
JbzEmGWh1mc,Gravitas US Edition: PM Modi leads Yoga Day event at UN HQ | 180 nations witness India's soft power,WION,20230621,2943,8493,2023,1.0
bj1jqaSsXvM,International Yoga Day 2025: The Rise of the Yoga Economy,moneycontrol,20250621,303,8106,2025,1.0
RNCyEuseurI,"International Yoga Day: PM Modi arrives In New York, to lead celebrations at UN headquarters | WION",WION,20230621,208,7939,2023,1.0
n3Zf6ga7ncU,History created! PM Modi’s Yoga event at United Nations headquarters sets Guinness World Record,ANI News,20230621,190,7754,2023,1.0
Oti5_j_jtk0,"New World Record created at the International Yoga Day Celebrations at UN HQ, New York",PMO India,20230621,197,7579,2023,1.0
CJ35YXZ2z78,Yoga Day M G SANVI | international yoga day 2025 celebration | iDream News,iDream News,20250621,161,7110,2025,1.0
f0l1TH8N3fQ,International Yoga Day quiz in English 2025 | Quiz on Yoga Day | International Yoga Day 2025,Achoose World,20250616,653,6914,2025,1.0
dN7-tXsrjYk,Yoga for Self & Society - Celebrating 10th International Yoga Day - June 21 #YogaforAllRoga,Planet Ayurveda,20240621,929,6721,2024,1.0
Q-x-DX47QJo,International Yoga Day 2024: Yoga In New York's Times Square For Summer Solstice | US News | N18G,CNBC-TV18,20240621,4114,6675,2024,1.0
9pXNA3VXUF8,International Day of YOGA 2024 | Yoga for Women Empowerment | World Yoga Day | Yoga for Women Health,Knowledge & Guidance,20240531,475,6605,2024,1.0
6Q2VsWvIFrg,Sivananda Yoga Class - International Day of Yoga | 21 June 2025,"Sivananda Yoga Centre, Gurgaon",20250621,5426,6465,2025,1.0
XoKsd-IwLpQ,"International Day of Yoga: Journey | 20 June, 2024",Sansad TV,20240620,1286,6337,2024,1.0
IwZQp9Yq1TI,Yoga for All | Know your Breath | 21 Days IDY 2026 Challenge,Yoga 4 Unity,20260601,5251,6064,2026,1.0
vzqMklQ5BsM,LIVE: PM Modi Leads International Yoga Day 2025 Event From Visakhapatnam | Yoga Day 2025,Times Now,20250621,20,6000,2025,1.0
30unmx881Ag,PM Modi Addresses Nation From Srinagar On International Yoga Day 2024 | India Today News,India Today,20240621,664,5868,2024,1.0
Q1E2AbocGHs,"INTERNATIONAL DAY OF YOGA 2025 | 30 min, feel good, gentle vinyasa flow ✨",Arianna Elizabeth,20250621,1594,5836,2025,1.0
HRqjAtCQ_mk,"PM Modi's address on International Day of Yoga 2024, Srinagar",PMO India,20240621,1500,5667,2024,1.0
O8cNxp5PqKs,"International Day of Yoga 2025, Yoga for One Earth, One Health, History, Theme & Global Significance",Arihant Online Academy,20250612,264,5582,2025,1.0
d_PgNocg3z4,India's Modi showcases yoga at United Nations,Associated Press,20230621,84,5554,2023,1.0
efbMFVYfZhA,"Yoga for One Earth, One Health Poster Drawing Ideas 2025 | International Yoga Day 2025",Fact Navigate,20250609,555,5430,2025,1.0
RehqLdUGJlg,International Yoga Day Celebration at IGC | Yoga Camp | Ministry of Ayush Initiative,Indo Global Group of Colleges,20230621,60,5312,2023,1.0
559cVTeWW9s,India's Ayush Ministry organises inaugural session of 'Yoga connect- a Global Yoga Summit',DD India,20250614,79,5247,2025,1.0
UMSIaxSdOa4,Indian PM Narendra Modi leads International Yoga Day celebrations at UN headquarters | WION LIVE,WION,20230621,9919,5244,2023,1.0
NpaZzoUxA7Q,"Ahead Of PM Modi-Led Yoga Event, Bharat Mata Ki Jai Echoes | Rahul Kanwal Reports Live From NY",India Today,20230621,364,5026,2023,1.0
Z-5cexT4CaI,Yoga for self and society,Global Writing Corner,20240614,283,4988,2024,1.0
2e_pszlUvOs,UN Headquarters decked up for Intl Yoga Day as PM Modi to lead the grand event,ANI News,20230621,215,4917,2023,1.0
qGQ-TvsT9pk,PM Modi's Leadership in Promoting Yoga: International Day of Yoga and AYUSH Initiatives | IDY 2024,DD India,20240620,152,4780,2024,1.0
7e85JPQaWCw,YOGA DAY 2024 Don't Miss This Opportunity - FREE Offering From Sadhguru | International Day Of Yoga,The Mystic World,20240608,293,4738,2024,1.0
wXO2eKyoSPA,International Yoga Day | UPSC | Drishti IAS English,Drishti IAS : English,20250621,531,4715,2025,1.0
BdD0OyQyzEo,PM Modi Performs Yoga on International Yoga Day 2025 in Visakhapatnam | Full Event | 21 June 2025,Sansad TV,20250621,2806,4712,2025,1.0
ha8MlYhTXyg,International day of Yoga - IDY 2025,Indian Navy,20250621,69,4708,2025,1.0
e81UHZM44vU,From Yoga Day to State Dinner: A detailed look into PM Narendra Modi’s US visit itinerary,Times Of India,20230615,231,4630,2023,1.0
t_zfJ5nLQv8,Yoga for All | Focus on Lateral Bend -  21 Days IDY 2026 Challenge,Yoga 4 Unity,20260602,4098,4520,2026,1.0
zJFk62RSVVY,"Perspective: Yoga for One Earth, One Health | 19 June, 2025",Sansad TV,20250619,1773,4486,2025,1.0
IaMaAM5QMC8,International Day of Yoga • 21 June 2024,Datta Peetham SGS Ashrama,20240621,13174,4346,2024,1.0
sHqUVG00auM,"Watch | Let Us Use The Power Of Yoga To Build A Peaceful World, Greener Future: PM Modi At UN",India Today,20230621,507,4235,2023,1.0
tHkW2akJLfY,Narendra Modi leads Yoga session in New York - part one,Sky News,20230621,2330,4091,2023,1.0
bYf5oUBqcvs,Full & Uncut: PM Modi's Message On International Yoga Day,Republic World,20230621,673,4090,2023,1.0
cJEAK5Qks9U,International Day of Yoga 2025: Embracing the Ancient Tradition for Holistic Health,NYC DESI  एनवाईसी देसी,20250623,250,4012,2025,1.0
6qYYbjmn6LM,International Yoga Day Special Quiz - International Day of Yoga Quiz 2024- Most Important Questions,MOM&MISHKA,20240614,486,3922,2024,1.0
WWvE-QGVmAM,Yoga and it's Popularity | Over Years | Special | IDY 2025 | DD India,DD India,20250619,153,3883,2025,1.0
pgfmCg6-Poc,"International Day of Yoga - 📍Capital City of Yoga, Rishikesh, 🚩Parmarth Niketan || 21 June 2025 ||",Parmarth Niketan,20250621,5750,3777,2025,1.0
6WtvdIBrW8c,International Yoga Day 2023 Live Updates | PM Modi's Message On International Yoga Day | News18 Live,CNN-News18,20230621,23880,3768,2023,1.0
xVg2c3gOQFY,Namaste Yoga | Yoga Day 2024 | Promo,India Today,20240620,31,3699,2024,1.0
XgAMQHR7AxY,"PM Modi participates in a special event on International Day of Yoga, Srinagar",PMO India,20240621,1685,3697,2024,1.0
xgI2t7Ig4dg,"Yoga Day 2025 | How International Yoga Day Was Celebrated Across India, World",NDTV,20250621,112,3669,2025,1.0
pN4Wv_8DDT0,International Day of Yoga Uttarakhand Anthem,ReNature,20260531,67,3648,2026,1.0
QVr_291uyG8,Theme of International Yoga Day 2024/International Yoga Day Theme 2024/Yoga Day Theme,Minakshi's Classroom,20240612,33,3637,2024,1.0
Y69md6XRncU,Watch people's enthusiasm for International Day of Yoga 2024.,Ministry of Ayush,20240604,143,3576,2024,1.0
h6BWo6jsiLA,Discover the astonishing benefits of making Yoga a part of your daily routine | #MannKiBaat,Narendra Modi,20230618,102,3554,2023,1.0
riKrz4kinQM,Yoga Day Protocol : Quick View | IDY 2025 | Nirogi Duniya,Nirogi Duniya,20250519,120,3529,2025,1.0
nKiZsVg8doE,Dr Tony Nader´s presentation - International Day of Yoga 2024,International Maharishi AyurVeda Foundation,20240626,671,3454,2024,1.0
VWRLYm3qBI4,Global Yoga Day: PM Modi Leads The Way At UN Headquarters,Business Today,20230620,203,3368,2023,1.0
TpTRtaSEGrE,Modi showcases yoga and India's cultural diplomacy on the UN lawn • FRANCE 24 English,FRANCE 24 English,20230621,254,3366,2023,1.0
M7gQJsG1-HQ,PM Modi's video message on International Day of yoga celebration at Jabalpur,PMO India,20230621,715,3311,2023,1.0
mb54KIYrqHg,"LIVE:- Yoga Mahotsav 2026, a curtain raiser to the 100-day countdown to the IDY 2026",Ministry of Ayush,20260313,25295,3232,2026,1.0
zkK_I-VW6wo,Happy International Yoga Day!  | Yoga Poses for a Better You | #internationalyogaday2024,USR Indu Samiti,20240621,257,3232,2024,1.0
GYBNtNIqEvM,"Promo | International Day of Yoga 2025 | Yoga for One Earth, One Health | LIVE from Visakhapatnam",Doordarshan National,20250620,21,3178,2025,1.0
6Ab0gUuhs4w,Watch LIVE: International Day of Yoga 2025 at The Art of Living International Center,Art of Living International Center,20250621,3430,3130,2025,1.0
R1Tv4clN98s,"International Yoga Festival 📍 Parmarth Niketan, Rishikesh",Parmarth Niketan,20251122,145,3099,2025,1.0
uTg5Hj67MsI,"International Yoga Day 2025 | Theme : Yoga for One Earth, One Health",Fact Navigate,20250609,447,3090,2025,1.0
GyQy3n4g-00,SPREADING THE LIGHT OF YOGA TO THE WORLD | INTERNATIONAL DAY OF YOGA 2024 | TWSI,The White School International,20240621,70,3079,2024,1.0
XgbnqeGbSoQ,PM Modi's state visit to the US: International Yoga Day event at UN HQ creates Guinness World Record,WION,20230621,648,3051,2023,1.0
DPyvzFfcVxo,Countdown to IDY 2025 | Yoga Unplugged | Yoga for Young Mind | Shri. Vidyut Jammwal & Kaivalyadhama,Kaivalyadhama Yoga Institute,20250611,4959,3049,2025,1.0
N_c9BgiN46Q,International Yoga Day: PM Modi to lead Yoga Day celebrations with people from over 180 nations,WION,20230621,403,2988,2023,1.0
UG8DzCVxldI,"International Day of Yoga 2023 – Live from Jabalpur, Madhya Pradesh",Ministry of Ayush,20230621,6975,2957,2023,1.0
VbC5UGqsh24,"International Yoga Day 2024: From New York To New Zealand, The World Celebrates Yoga Day | WION",WION,20240621,145,2957,2024,1.0
WnpukzPVEqk,Yoga for Self and Society: SMSIMSR celebrates International Yoga Day 2024 #yogaday,Sri Madhusudan Sai Global Humanitarian Mission,20240621,79,2928,2024,1.0
KGwDpIzZjHQ,"International Celebration of Yoga Day 2024 | Watch the Enthusiasm at Times Square, New York",Oneindia News,20240621,197,2833,2024,1.0
GREtxk36fQ8,"PM Modi: Yoga is accessible to all, free from patents and copyrights | International Yoga Day",WION,20230621,660,2828,2023,1.0
mZsX9tw8FoI,Yoga for All | Focus on Twist -  21 Days IDY 2026 Challenge,Yoga 4 Unity,20260603,4352,2772,2026,1.0
mFKrbvCrs5s,"International Yoga Day 2025 celebrations with the Diplomatic Corps (June 21, 2025)","Ministry of External Affairs, India",20250621,5052,2710,2025,1.0
4qSSo747st4,International Yoga Day 2024: PM Modi leads Yoga Day celebration in Srinagar | WION Originals,WION,20240621,79,2696,2024,1.0
ucLh0_3oE6Y,"Live:- Yoga Connect 2025: A Global Summit on 'Yoga for One Earth, One Health' 🌎",Ministry of Ayush,20250614,13871,2669,2025,1.0
loEP6SecmHE,Modi In US 2023 | Former Diplomat Asoke Mukerji On PM Modi 'Soft Diplomacy Via Yoga' | News18,CNN-News18,20230622,685,2597,2023,1.0
j-f0YHcix90,PM Modi's Video Message On Yoga Day | We Get More Energy From Doing Yoga: PM Modi,India Today,20230621,18765,2596,2023,1.0
eJ86TdGHuEA,Yoga Day 2025 LIVE: Indian PM Narendra Modi Takes Part in International Yoga Day 2025 Celebrations,Firstpost,20250621,4430,2582,2025,1.0
TaMHJzT5GD8,International Yoga Day Special Quiz - International Day of Yoga Quiz - Most Important Questions,MOM&MISHKA,20250617,399,2495,2025,1.0
Plf5Dg4BVsI,27th International Intensive Kriya Yoga Seminar 2026 - Day 7,Kriya Yoga Masters of Kriya Yoga International,20260120,3479,2453,2026,1.0
k2JHTLlqGuE,International Yoga Day A Symbol Of PM Modi’s Successful Diplomacy? India’s Soft Power On The Rise,Times Now,20230621,196,2444,2023,1.0
oYLY4KyNukI,International Yoga Day 2024 | 2024 Theme: Yoga for self and society | World News | WION,WION,20240621,289,2357,2024,1.0
4HdETZiiTyA,"Indian embassy hosts Yoga session at Lincoln Memorial, ahead of International Yoga Day",ANI News,20250620,191,2340,2025,1.0
6LNRlqp86yM,International Yoga Day 2024 centers on 'yoga for self and society',FOX40 News,20240621,290,2325,2024,1.0
IjxKPrNP3vQ,Gurudev’s Message on the Power of Yoga | Yoga Day 2025 Colombia,Gurudev's World,20250623,569,2312,2025,1.0
UVoznB0DW5k,International Yoga Day 2024: Celebrities who have embraced Yoga,WION,20240621,126,2292,2024,1.0
uRZCB0FquO0,The world comes together for #YogaDay at the UN Headquarters!,PMO India,20230621,110,2269,2023,1.0
CusuNrovDJc,One Earth One Health | International Day of #yoga 2025 Theme Explained by Ma. Hanumantharao Ji,Vivekananda Kendra,20250615,1263,2262,2025,1.0
X0f2R6H98BQ,INTERNATIONAL DAY OF YOGA & WORLD MUSIC DAY 2025,DPS MIYAPUR OFFICIAL,20250714,3677,2200,2025,1.0
02u0sbxZMuE,Yoga Day 2023: PM Modi interacts with children at UN headquarters in New York,Republic World,20230621,450,2178,2023,1.0
v29_ChZwR20,"LIVE:- Yoga Mahotsav- 25 Days to #IDY2026 at Western Group of Temples, Khajuraho, Madhya Pradesh",Ministry of Ayush,20260527,7990,2151,2026,1.0
7gZ2hpcA-E0,"INTERNATIONAL DAY OF YOGA 2025 - YOGA FOR ONE EARTH, ONE HEALTH",ICAI CA Tube,20250621,19851,2145,2025,1.0
-WmXnO98QYs,"📡 LIVE:- Yoga Mahotsav – 75 Days to #IDY2026 at Lonar, Buldhana, Maharashtra.",Ministry of Ayush,20260407,2948,2110,2026,1.0
WvRdKQ_kSSY,PM Narendra Modi addresses the people at Dal Lake on International Yoga Day,PMO India,20240621,425,2110,2024,1.0
monxOtArSdE,International Yoga Day | PM Modi To Lead International Yoga Day 2023 Event At United Nations News18,CNN-News18,20230617,463,2098,2023,1.0
TFhoDtY-pUM,International Yoga Day   2024,TNAU TV,20240621,6140,2089,2024,1.0
wq6Dz53epXI,International Yoga Day Drawing/Yoga Day Poster/World Yoga Day Drawing/International Yoga Day 2024,Art and Craft Sara,20240610,548,2044,2024,1.0
e6VrBKMUWdE,International Yoga Day 2025 | Wellness for People & the Planet 🌍🧘‍♂️,Link Bharat,20250621,116,2030,2025,1.0
GJBWWrc5YSs,27th International Intensive Kriya Yoga Seminar 2026 - Day 4,Kriya Yoga Masters of Kriya Yoga International,20260117,3509,2021,2026,1.0
WOQMuj49-IY,Yoga – The bridge between inner peace and global harmony,PMO India,20250621,110,1975,2025,1.0
ro67GOMTxbs,Dance Yoga By RYS Team For 10th International Yoga Day 2024,RESCULPT YOGA STUDIO,20240625,147,1956,2024,1.0
lRC3UxJF3ZM,International Yoga Day 2024,Kadamba International School(KIS) ,20240626,1398,1948,2024,1.0
O9jEWwVDnyc,27th International Intensive Kriya Yoga Seminar 2026 - Day 4,Kriya Yoga Masters of Kriya Yoga International,20260118,3483,1947,2026,1.0
EnaJ6CfZEco,PM Modi LIVE: PM Modi Leads Yoga Session At UN Headquarters | PM Modi In New York  |India Today Live,India Today,20230621,3533,1942,2023,1.0
VPJwv5iWDF4,PM Modi Announces 'Yoga For Vasudhaiva Kutumbakam' As Theme For International Yoga Day,India Today,20230618,1801,1924,2023,1.0
j-uKhBSLL48,PM Modi US state visit | International Yoga Day 2023 theme: World is one family | WION,WION,20230621,1042,1924,2023,1.0
w00785UPnbw,11th International Yoga day 2025,OM YOGA GROUP MORBI,20250620,328,1920,2025,1.0
e0WDBtTr7_o,27th International Intensive Kriya Yoga Seminar 2026 - Day 5,Kriya Yoga Masters of Kriya Yoga International,20260118,3456,1917,2026,1.0
gmbXXidEAS8,International Day of Yoga 2024 | Srinagar | Latest Update | Drishti IAS English,Drishti IAS : English,20240621,142,1895,2024,1.0
Pic_WNIkM2o,INTERNATIONAL YOGA DAY 2025 -THAMARAI INTERNATIONAL SCHOOL PATTUKKOTAI,THAMARAI INTERNATIONAL SCHOOL THANJAVUR,20250622,56,1880,2025,1.0
6knnQMr_FPg,Discussion on International Day of Yoga 2024 | Yoga for Self & Society,Doordarshan Manipur,20240621,3196,1855,2024,1.0
OCyFGMOFKt8,Celebrating International Yoga Day 2024: Power Of Meditation And Mindfulness | India Today News,India Today,20240621,863,1778,2024,1.0
Kxc6ZCb0_yo,"LIVE:- Yoga Mahotsav - 50 Days to #IDY2026 at Kanha Shanti Vanam, Nandigama Mandal, Telangana.",Ministry of Ayush,20260502,10830,1733,2026,1.0
k1o-qz6eCik,Glimpse of International Yoga day 2024 @ Government ITI Hapur | अंतरराष्ट्रीय योग दिवस 2024,Gurukul E-School,20240621,175,1723,2024,1.0
DQG9Bcq3Sgs,International Yoga Day 2024: 10th International day of Yoga across the globe | Latest News | WION,WION,20240621,411,1719,2024,1.0
FKOpBDx-IMk,International Day Of Yoga 2025,BSF_India,20250621,5445,1705,2025,1.0
ISft6hv2hZE,International Day of Yoga 2024: Countdown Begins - 12 Days to Go,Ministry of Ayush,20240609,25,1663,2024,1.0
9R5j7aIbpq0,International Day of Yoga | 2024,NIPARS Official,20240620,249,1656,2024,1.0
hqSZI4xHvw8,PM Modi Leads Yoga Day Celebrations At UN Headquarters | PM Modi's 1st State Visit To US | NewsX,NewsX Live,20230621,3783,1651,2023,1.0
NQkMW-u_Yqw,"Yoga Day 2025: PM Modi’s ‘One Earth, One Health’ Message Unites Wellness & Sustainability",DD India,20250621,179,1639,2025,1.0
yO0OUE_6WLM,INTERNATIONAL DAY OF YOGA :-                    21 JUNE 2024 #yoga  #internationaldayofyoga2024,AGRASEN DAVPS,20240621,239,1618,2024,1.0
MAoKHa-fj0E,International Yoga Day 2025 | Yoga Performance | Bliss Yoga Udupi,Bliss Yoga Academy ,20250621,220,1602,2025,1.0
PfkCT5wiyE8,10th edition of International Day of Yoga | WION Dispatch,WION,20240621,320,1593,2024,1.0
lA9dHOAGUjs,"PM Modi In US | ""Yoga Is Way Of Life"": PM Modi Leads Yoga Event At UN",NDTV,20230621,4023,1587,2023,1.0
HiwvlEsy2rs,PM Modi’s Speech at International Day of Yoga in Visakhapatnam | Eng Subtitles,PMO India,20251223,1029,1582,2025,1.0
ijS-ruHh_-8,PM Modi US Visit LIVE News | PM Modi’s International Yoga Day Event At UN HQ Creates World Record,CNN-News18,20230621,3485,1552,2023,1.0
bMY2KUyz330,Importance of Yoga by Sadhguru | International Day of Yoga 2024,Ministry of Ayush,20240619,74,1543,2024,1.0
FKM4aOluMsI,International Day of Yoga 2025: How India Is Connecting The World Through Yoga | World News | WION,WION,20250621,239,1541,2025,1.0
HSYN-yVTbqI,INTERNATIONAL YOGA DAY - 2024,GREEN VALLEY INTERNATIONAL SCHOOL,20240621,138,1523,2024,1.0
uQg6BrQaXOM,"International Yoga Festival 2026 – Day 1 Opening | Parmarth Niketan, Rishikesh",Parmarth Niketan,20260310,152,1464,2026,1.0
pUDMxxoNe88,International Yoga Day - Gouthami Vidya Niketan High School 2024,Gouthami VidyaNiketan High School ,20240623,120,1445,2024,1.0
KSzORKlymhM,International Yoga Day 2024 #yoga,EVAULTO,20240620,64,1432,2024,1.0
AkLEk8bb7RI,International Day of YOGA 2024 | SRI C. P. RADHAKRISHNAN | Hon'ble Governor of Telangana | Kanha,Yoga 4 Unity,20240621,8760,1424,2024,1.0
UHhXcXrHbFA,International Yoga Day 2024 Special | Yoga With Smita | Yoga for Kids,Smita Bansal #Smitasb,20240621,259,1396,2024,1.0
keKQxTcz74I,International Day of Yoga 2025,Christ Academy Media Production,20250621,88,1375,2025,1.0
laKrFedAIYs,"21 Jun 25: International Day of Yoga Celebration 2025 | 7 - 9 AM | Yoga Wellness Center, BANGALORE",Yoga Wellness Center,20250621,8536,1368,2025,1.0
yZ9hNDlqwjU,"2024 Year Marks the 10th International Day Of Yoga With The Theme ""Yoga For Self And Society""",CNN-News18,20240621,597,1352,2024,1.0
I0ahh_fiPVo,"PM Modi To Lead Global Celebration Of Yoga From UN HQ, Shares A Video Message On Intl Yoga Day",Times Now,20230621,662,1340,2023,1.0
3jgTR6-g1Lo,International Yoga Day 2023 | Vrikshasana with PM Modi | Yoga with Modi | Oneindia News,Oneindia News,20230619,203,1334,2023,1.0
tO2uXTDYWlY,PM Modi Leads Yoga Day Celebrations At UN Headquarters In New York,NDTV,20230621,6875,1274,2023,1.0
CifvyJWnZxQ,International Yoga Day 2025: Exploring Yoga's Evolution From Ancient Practice to Modern Phenomenon,India Today,20250621,1834,1250,2025,1.0
HSBwdaHZhx4,"Guinness World Record Set At PM Modi-led Yoga Event In United Nations, New York | PM Modi In US",moneycontrol,20230621,135,1250,2023,1.0
V4bK7BdAm-o,International Day of Yoga 2024,CBS Chicago,20240621,115,1235,2024,1.0
lO7RbqPwyz4,International Yoga Day 2024: How India is connecting the world through Yoga | World News | WION,WION,20240621,264,1224,2024,1.0
euediogFLv4,Yoga Day Speech in English 2025 | International Day of Yoga Speech in English 2025 | Yoga Day Theme,Swati Dey,20250617,208,1223,2025,1.0
F8r2xYzf6Z0,PM Modi in US: Indian PM Modi to lead Yoga Day celebrations at UN HQ | International Yoga Day,WION,20230621,467,1212,2023,1.0
ILCTA8h9nMA,"Yoga for One Earth, One Health",AKTU Digital Education,20250621,4258,1211,2025,1.0
PwymV0sekDs,10th International Day of Yoga #IDY2024 #YogaDay2024 #YogaForSelfandSociety #YogaDayMoD2024,Indian Air Force,20240622,55,1200,2024,1.0
EnuEIlD82nM,International Yoga Day 2025 - Day 1 (Prayer & Asanas),SRDAV Resource Centre,20250618,1121,1199,2025,1.0
390e4OYx1i4,"International Yoga Festival 2026 📍 Parmarth Niketan, Rishikesh - March 9-15 2026",Parmarth Niketan,20251014,139,1181,2025,1.0
Wn8MJoHHzq0,International yoga day 2024 | 2nd video #yoga#internationalyogaday#celebration,Manita Khawas Healthy Life 🧘,20240622,1128,1171,2024,1.0
4cMhh-ZPxkU,International Yoga Day 2024 Yoga demonstration,Yogatali -Traditional Yoga,20240617,492,1168,2024,1.0
7Va1b0AOSsg,Yoga Day 2025: PM Modi Leads World's Largest Yoga Gathering In Visakhapatnam | WION,WION,20250621,328,1159,2025,1.0
Sh4ElhPZvNo,International Yog Divas 2026 | विश्व योग दिवस 2026 में कब है | Yoga Day Date 2026 | Yoga Day 2026,Nayi Drishti,20240623,102,1153,2024,1.0
6wCIFVLibfc,Happy International Day of Yoga 2024!,The Art of Living Dharma Sthambha Yojana,20240620,121,1140,2024,1.0
zHHHJqUBbqo,From UNGA Podium In 2014 To UN Park In 2023: How PM Modi Took Yoga Global,NDTV,20230621,227,1140,2023,1.0
OuwpMJdatAw,PES University - Celebrates 10th International Yoga Day - 2024,PESU LIVE,20240621,7379,1125,2024,1.0
8hUGNFsoGnA,"International Yoga Festival 2026📍 Parmarth Niketan, Rishikesh | Day 7: Yoga, Music, Ganga Aarti",Parmarth Niketan,20260316,197,1110,2026,1.0
pTpoIxe_3C8,📢International Day of Yoga 2025: 5⃣ Days to Go!🧘,PIB India,20250616,24,1086,2025,1.0
DPtEb0p905k,"INTERNATIONAL YOGA DAY- 2025  *YOGA FOR ONE EARTH ONE HEALTH* ""GYAN & DHYAN MUDRA""",RAJ ENGLISH SCHOOL,20250622,157,1086,2025,1.0
4ToNpt4dAMc,NIRVANA SHATAKAM | international yoga day 2024 |YOGA CHAITHANYA,YOGA CHAITHANYA,20240702,319,1080,2024,1.0
_czzoFZX0hE,International Yoga Day 2025 II Basil Woods School,"Basil Woods School, Hyderabad",20250621,103,1078,2025,1.0
PNLcohhQTHo,Paadahastasana - International Day of Yoga -2024,DS YOGA,20240620,75,1067,2024,1.0
RZwNsXv-tWc,International Yoga Day 2024 | June 21| Yoga for self and society| Bhagyathaara,ARYATARA AYURNIKETAN,20240618,180,1047,2024,1.0
y2PQPmXPlzI,International Yoga Day 2025: PM Modi Leads Historic Yoga Session On Vizag's Coastline | WION,WION,20250621,415,1036,2025,1.0
FuJ8ggFiR_I,CELEBRATING INTERNATIONAL YOGA DAY 2025,St. Stephen's Iconic School,20250621,129,1031,2025,1.0
LAuhSmFz9rM,World Watches India's Soft Power As PM Modi Leads Yoga Day Celebrations At UN HQ In U.S,Times Now,20230621,1564,1018,2023,1.0
QBuUEdQ3r_c,"Yoga Day 2025 | Ahead Of World Yoga Day, Bikaner Youth Practice Yoga On Scorching Sand Dunes",NDTV,20250620,142,1017,2025,1.0
fbpwpTzF-oY,International Yoga Day 2024: Celebrities who have embraced Yoga | World DNA | WION,WION,20240621,121,997,2024,1.0
EqpndsJf1Ng,Yoga day special poster 2025 | Yoga day drawing | Yoga for one Earth one Health |Easy drawings,BhavaniArtAcademy ,20250618,503,993,2025,1.0
vpVp1XsRpco,Global Celebration of International Day of Yoga 2024,Ministry of Ayush,20240613,69,991,2024,1.0
lKQ3WGLDBjQ,International Yoga Day 2024 LIVE: PM Modi leads International Day of Yoga celebration from Srinagar,WION,20240621,1355,981,2024,1.0
LG4WlJNuAb0,IDY Reflections | Episode 1 | International Day of Yoga 2025,Ministry of Ayush,20250723,1494,978,2025,1.0
FW-XzwNO1Pw,📢International Day of Yoga 2025: Just 2⃣ Days to Go!🧘,PIB India,20250619,32,957,2025,1.0
xsf1eHv_vSE,"International Yoga Day 2025 | Yoga for One Earth, One Health 🌍",Beginners Yoga,20250621,5054,954,2025,1.0
ICZ5cKz14uw,International Yoga Day 2025,"Dronagiri High School English Medium, Karanja-Uran",20250621,328,939,2025,1.0
R3BwAGO5gM4,"Mindful Earth, Peaceful People | International Yoga Day 2025 #yoga",EVAULTO,20250617,72,929,2025,1.0
RksEiQ09rGM,International Yoga Day Celebrations 2025 - Yoga for One Earth One Health,Diva@2speaks,20250624,1565,920,2025,1.0
HUKYhsVz0wg,"International Yoga Festival 2026! Parmarth Niketan, RISHIKESH!",Parmarth Niketan,20260307,102,911,2026,1.0
2w-hnpJLI0g,INTERNATIONAL  YOGA DAY - 2025,Sai Angels Chikmagalur,20250621,47,907,2025,1.0
rUuJE4YEVMw,"Yoga for One Earth, One Health: KVS Celebrates International Yoga Day 2025!",KVS HQ,20250620,236,896,2025,1.0
eUfaQnDrZxQ,International Day of Yoga 2024 | Sitaram Retreats,Sitaram Retreats,20240621,82,895,2024,1.0
Z-p2ze9jecw,International Yoga Day Drawing | Easy Yoga Day Art|Yoga Day 2025 Drawing|Simple Yoga Poster idea,Science Scribbles,20250618,640,894,2025,1.0
NyvUjHDa0JY,"International Yoga Festival 2026📍 Parmarth Niketan, Rishikesh | Day 4: Yoga, Music, Ganga Aarti",Parmarth Niketan,20260313,146,889,2026,1.0
dU0Y-ZTNYxo,International Yoga Day -One day Count down Programme of IDY 2025,AIIAGOA,20250315,2970,867,2025,1.0
boY0d9-ECrI,PM’s video message during International Day of Yoga 2023 with English Subtitles,PMO India,20230724,698,862,2023,1.0
YLY5hrkQgWY,"International Yoga Festival 2026📍 Parmarth Niketan, Rishikesh | Day 2: Yoga, Music, Ganga Aarti",Parmarth Niketan,20260311,162,849,2026,1.0
tc80x4xIlHA,Yoga session led by PM Modi creates Guinness World Record | WION Pulse,WION,20230621,649,837,2023,1.0
cipmQDkJWRk,"PM Modi Arrives At UN HQ To Lead Yoga Day Even, Pays Tribute To Mahatma Gandhi | Latest News",Times Now,20230621,1199,834,2023,1.0
hlgCifQfPnk,Nainital 1 June IDY 2026 Live Yoga - Uttarakhand Ayurvedic & Unani Services,Directorate Ayurved Uttarakhand,20260601,2764,834,2026,1.0
6WjueVfA_i8,"World Celebrates 11th International Yoga Day 2025 Across 1,300 Cities Globally | India Today News",India Today,20250621,580,814,2025,1.0
ZaA653fHNbI,"International Yoga Day Celebration 2025 -26 St Jude English Medium School, Pakshikere",ST Jude English Medium school,20250621,107,807,2025,1.0
HxEEwQDE2lI,Celebration of 25 Days to International Day of Yoga 2024,Ministry of Ayush,20240527,6535,807,2024,1.0
GNkzC89EQ2I,"International Yoga Festival 2026📍 Parmarth Niketan, Rishikesh | Day 5: Yoga, Music, Ganga Aarti",Parmarth Niketan,20260314,161,800,2026,1.0
FuYLXHEGwDo,🎉🧘‍♀️ International Yoga Day 2025 – Celebration Highlights | Bethesda School Byrapura 🧘‍♂️🌿,"Bethesda School, Byarapura, HASSAN",20250622,28,798,2025,1.0
KwuXXx_QTaE,"International Yoga Festival 2026📍 Parmarth Niketan, Rishikesh | Day 3: Yoga, Music, Ganga Aarti",Parmarth Niketan,20260312,165,786,2026,1.0
DJEJTvb-xI8,"International Yoga Festival 2026📍 Parmarth Niketan, Rishikesh | Day 6: Yoga, Music, Ganga Aarti",Parmarth Niketan,20260315,146,785,2026,1.0
tjT9Sq7MOz0,International Yoga Day 2024 LIVE: PM Modi leads International Day of Yoga celebration from Srinagar,WION,20240621,445,774,2024,1.0
WEjHA0rWaJ4,"🌿 Yoga for One Earth, One Health – A Celebration to Remember! 🌍",Arham Dhyan Yog,20250709,136,772,2025,1.0
SPWeCdEFZDY,"BYK'S Special Podcast for IDY 2025: Yoga for One Earth, One Health",Bharat Yogavidya Kendra,20250621,2293,772,2025,1.0
PbLy3_7DPs4,Unleash Your Inner Yogi: Celebrate International Day of Yoga 2025!,Computer Guru,20250621,798,762,2025,1.0
eWjwbFEcIes,International Yoga Day 2025,IIT Kharagpur Official,20250623,7998,731,2025,1.0
8DMZ-pghVQM,Prime Minister Modi To Lead International Yoga Day Celebrations At U.N. Headquarters | World News,MIRROR NOW,20230618,83,724,2023,1.0
aoIxsKGu69I,International Yoga Day 2025 | Yoga Day theme 2025 | Yoga Day Speech | Why do we celebrate Yoga day,Aspirants Yard,20250620,183,713,2025,1.0
Sjcx36ylebg,Irisian celebrating International Yoga Day 2025,IRIS INTERNATIONAL SCHOOL,20250623,286,696,2025,1.0
7jc1TMMnEbM,Freedom from the Self: A Study of the Yoga Sutras with Ravi Ravindra - 4 | Theosophical Classic 2016,Theosophical Society,20260125,3716,696,2026,1.0
7axw1ORZhV8,Freedom from the Self: A Study of the Yoga Sutras with Ravi Ravindra - 2 | Theosophical Classic 2016,Theosophical Society,20260111,3576,695,2026,1.0
BSiBZtjXDb0,World marks International Day of Yoga | PM Modi US visit | WION,WION,20230621,477,692,2023,1.0
VzBqEC3qk3Q,PM Modi’s Yoga Day Event At UN HQ Creates Guinness World Record,India Today,20230621,203,689,2023,1.0
8PjqjxUvNOo,Yoga for Self and Society Essay Writing or speech in English 300 Words by Smile Please World,Smile Please World,20240620,147,685,2024,1.0
kpdfHJ7x0dY,10 Yoga Protocol Videos for NCDs and Target Groups | #YogaMahotsav2026 |,Ministry of Ayush,20260316,58,679,2026,1.0
u1JgC4ZjEJc,"PM Modi Leads Celebrations In New York, Says Yoga Unites The World | 9th International Yoga Day",India Today,20230621,352,672,2023,1.0
og_Xqy_IHpY,PM Modi's US Visit | International Day of Yoga and Indian Diaspora's Enthusiasm | News9,NEWS9 Live,20230620,528,662,2023,1.0
3iZ5WMvDy_4,Celebration of International Day of Yoga (IDY) – 2025 | 21 June,AmityUni,20250621,6428,652,2025,1.0
LQllvEizyM0,IDY Reflections | Episode 2 | International Day of Yoga 2025,Ministry of Ayush,20250726,1181,650,2025,1.0
549VedVn4gg,PM Modi-led Yoga session at UN creates Guinness World Record,The Tribune,20230621,72,644,2023,1.0
d_PYT6CElGg,"PM Modi: Yoga Has Become A Global Movement, A Global Spirit",India Today,20230621,185,628,2023,1.0
lgw4BkLmugU,"YOGA FOR ONE EARTH, ONE HEALTH",PTJM Gorakshini,20250621,215,624,2025,1.0
PBM7Fs03FuI,Nainital 2 June IDY 2026 Live Yoga - Uttarakhand Ayurvedic & Unani Services,Directorate Ayurved Uttarakhand,20260602,3581,623,2026,1.0
SFMN1XdD8_E,International Yoga Day Celebrations 2024 - Antyodaya Yoga- Yoga for self & society,"Antyodaya Yoga Studio | International Yoga Teacher Training School, Yoga Alliance, US |",20240621,182,623,2024,1.0
BMr7gRg_LV8,Haridwar 30 May IDY 2026 Live Yoga - Uttarakhand Ayurvedic & Unani Services,Directorate Ayurved Uttarakhand,20260530,2481,616,2026,1.0
b89U8h63uSI,International Yoga Day 2024: Indian Navy personnel perform Yoga Asana onboard INS TEG,IndiaTV News English,20240621,162,611,2024,1.0
LwazVRH0UHQ,International Yoga Day Status 2026 | International Day of Yoga status 2026 | World Yoga Day Status,North Indian Taste,20230621,22,611,2023,1.0
lF1mDjagcFw,Yoga For Self and Society | International Day of Yoga 2024,Ministry of Ayush,20240613,27,610,2024,1.0
Us69_36cjg0,"PM Modi Yoga Day News | International Yoga Day 2024 Celebrations | Banks of Dal Lake, Srinagar",CNN-News18,20240621,595,609,2024,1.0
1hxz_M2JSsI,CELEBRATION OF INTERNATIONAL DAY OF YOGA  & YOGASANA COMPETITION-2025 Highlight #yogapractice,DTU Studio,20250624,137,604,2025,1.0
5zV7Wb_cKCk,International Yoga Day - 2025 #yogasehoga #yogaday,Women's Dhamal with Little Stars,20250615,32,585,2025,1.0
CV4QoG5Emxs,International Yoga Day 2024: BSF Officials Celebrate Yoga Day 2024 With Meditation & Mindfulness,India Today,20240621,857,579,2024,1.0
NHPENqo4x4M,"योग महोत्सव-2026 | #IDY2026 | दिनांक - 16 अप्रैल, 2026",Jain Vishva Bharati Institute Ladnun,20260416,5129,579,2026,1.0
jq3XAReBLtQ,"Indian PM Modi leads historic Yoga session at UN HQ, New York | International Yoga Day",WION,20230621,575,578,2023,1.0
C1KafektaEc,International Day Of Yoga 2025,TTT Live Online,20250621,164,565,2025,1.0
ALhIfbtNLcg,"International Yoga Day 2024 || Theme - ""Yoga for Self and Society"" || Benefits of Yoga",SheelTalks,20240620,188,562,2024,1.0
T9W6XoM-x4A,IDY Reflections | Episode 3 | International Day of Yoga 2025,Ministry of Ayush,20250731,1236,531,2025,1.0
l9DWNZ0T4Dg,International Yoga 2025: India Leads Global Celebration Of Unity and Wellness | WION,WION,20250621,283,525,2025,1.0
DrSUWq4R_Uw,YOGA- International Yoga Day - 2025 - Peace ON The Street - Blessing House #song #trending #yoga,B.K. Dr. Reena,20250625,326,518,2025,1.0
LO6uqfl4Dec,International Day of Yoga 2025 || Yoga for One Earth One Health,ki & ka,20250614,325,517,2025,1.0
8DeiE-23e38,Haridwar 31 May - IDY 2026 Live Yoga - Uttarakhand Ayurvedic & Unani Services,Directorate Ayurved Uttarakhand,20260531,2913,505,2026,1.0
JOnY3xdokEc,International Day of Yoga 2026 के लिए Registration कैसे करें? 🧘‍♂️Registration Tutorial | #INOSurya,INO SURYA,20260509,570,483,2026,1.0
fRuY9gdDD3c,#Yoga for Self and Society!🧘🏻‍♀️🌍🧘🏻‍♂️,Ministry of Information & Broadcasting,20240619,244,481,2024,1.0
LmgN-lRJ3TA,International Yoga Day 2024: How India is connecting the world through Yoga | WION,WION,20240621,391,479,2024,1.0
jZeHD7ysyfw,International Yoga Day 2026 Countdown | Day 92 Celebration at Darshan University | Highlights,Darshan University,20260321,80,471,2026,1.0
1W5pKg3bbss,"International Yoga Day 2025 | Celebrated at GIET University, Gunupur | Yoga for Wellness & Harmony",GIET University Gunupur,20250621,26,468,2025,1.0
2088EJFs5fQ,PM Modi Leads International Yoga Celebrations In UN HQ In New York | CNBC TV18,CNBC-TV18,20230621,1708,467,2023,1.0
xm0_KOSNLTY,PM Modi US Visit | PM Modi Performs Yoga At The UN Headquarters To Mark Yoga Day | PM Modi News,CNN-News18,20230621,356,459,2023,1.0
FEAID-8Xbyo,10th International Day of Yoga (IDY 2024),Indian Diplomacy,20240702,362,457,2024,1.0
V_qBVguvIkc,10th International Yoga Day Celebration (YOGA FOR SELF AND SOCIETY),Indian Yoga Techniques,20240621,3371,450,2024,1.0
oW9LOUCGsiU,PM Modi's Historic Event: World Celebrates Yoga Day| India's Soft Power On Display In New York,Times Now,20230621,154,449,2023,1.0
VKqzSv509xk,PM Narendra Modi to lead ninth edition of International Yoga Day at UN headquarters on June 21,The Economic Times,20230621,91,448,2023,1.0
x_xKEKJrVXo,"Yoga for Self and Society Essay, International Yoga Day Theme 2024",Studiously Yours,20240619,157,443,2024,1.0
zXhyG_rJdko,Kolkata To Host International Yoga Day 2026 With Prime Minister Leading Healthy Ageing Theme,India Today,20260529,91,442,2026,1.0
Md-GXKtjP5E,"Yoga Mahotsav 2026, Countdown 40 Day to Go International Day of Yoga 2026",Ministry of Ayush,20260521,65,433,2026,1.0
tdplSsPk8tI,Live | PM Modi leads International Yoga Day Celebrations at the UN | News9,NEWS9 Live,20230622,7013,432,2023,1.0
qwRCjUBN3Ns,International Yoga Day 2024: Yoga Day Celebrations In Full Swing In India & Beyond | India Today,India Today,20240621,828,432,2024,1.0
Z4diFKcv3gE,"A glimpse into the vibrant celebration marking 50 Days to International Day of Yoga 2025,",Ministry of Ayush,20250502,69,423,2025,1.0
xgIkGdwPqlQ,International Day Of Yoga 2023 |  PM Modi to unite the nation through Yoga | 21.06.2023,DD India,20230621,4235,422,2023,1.0
woDftJ5-_hk,PM Modi Leads International Yoga Day Celebrations; Experts Discuss Issue | Latest News,Times Now,20230621,564,417,2023,1.0
AgBX2c7w7Ts,Yoga is more than a practice—it's a timeless gift from India to the world | World Expo Osaka japan |,Ministry of Ayush,20250429,77,408,2025,1.0
quLNVEqK7sU,International Day of Yoga (2022),Indian Diplomacy,20240508,331,383,2024,1.0
GL7r_NfckrM,"Yoga Is Free From Copyright, Patents, It’s Unifying: PM Modi At UN HQ During Yoga Day Celebration",India Today,20230621,345,377,2023,1.0
hZkdJw2n5G4,YOGA UNPLUGGED | IMMERSIVE COMMON YOGA PROTOCOL | DAY 5 | IDY 2025 | 16 JUNE 2025,Kaivalyadhama Yoga Institute,20250616,1835,377,2025,1.0
rAJU5AsaTcc,Take A Breath 2024| International Yoga Day,Decathlon Sports India,20240708,26,368,2024,1.0
HSNlOjQ9GAE,India Embassy in Oman showcases beauty and bliss of Yoga ahead of International Yoga Day,The Tribune,20230621,80,368,2023,1.0
fn0b2ndPwys,International Yoga Day Celebrations 2023-2024,VPM BRTOL ENGLISH HIGH SCHOOL,20230626,225,363,2023,1.0
BlyAhlQvF04,Yoga for Self and Society,EMPC-IGNOU,20250620,3597,362,2025,1.0
__cd-Hi0gnQ,Yoga international Day #yogaforselfcare @pmoindia @themillenniumschoolhmel @hmel-india,Khwaish The Wonder girl,20240620,60,350,2024,1.0
7BJ-YJ6qcIo,🧘‍♀️ International Yoga Day 2025 | Yoga for Self and Society 🧘‍♂️,The actual me ,20251029,1954,341,2025,1.0
zYuEEmmziS0,International Yoga Day 2025 | #IndianArmedForces Lead with Strength & Serenity,"Ministry of Defence, Government of India",20250620,38,335,2025,1.0
ODuBxm5P1FQ,A talk with Charu on International Yoga Day - Yoga for Self and Society,Mokshalaya - by Kankana,20240621,685,333,2024,1.0
h7cDzRJTBqE,"International Yoga Day 2025: मोदी का योग मंत्र, अचूक अभेद्य सेहत का फ्रंट | Top News | Speech",Bharat 24 - Vision Of New India ,20250621,324,332,2025,1.0
UInzQ1ZCR0E,International Yoga Day 2026 | English Jingle Contest @ministryofayushofficial@MyGovIndia #OPRK,OPRK Entertainment,20260401,30,327,2026,1.0
Ymi8Cov8hg0,"Glimps- 25 Day Countdown International Day of Yoga 2026 in Khajuraho, Madhya Pradesh.",Ministry of Ayush,20260528,75,312,2026,1.0
HXhxVUNecmg,PM Modi US Visit | PM Modi Puts Out Special International Yoga Day Video | PM Modi In America,CNN-News18,20230622,252,311,2023,1.0
2pEUxdJxm3U,International Yoga Day 2025,Nippon India Mutual Fund,20250621,4620,307,2025,1.0
Cg_MlYk1wFs,Yoga for Self and Society. Yoga Day 2024. Yog Yogi yoga.,Yog Yogi Yoga,20240620,158,288,2024,1.0
EUpZera75k8,World Meditation day & Yoga Highlights 2025,Buddha-CEO,20260510,118,288,2026,1.0
clhT4OwJ_SQ,"PM Modi's Message On International Yoga Day: ""The World Is One Family""",NDTV,20230621,690,284,2023,1.0
YwMEcKsq_R0,Yoga for Self and Society,EMPC-IGNOU,20240620,3205,283,2024,1.0
7ZNRXFCwYvE,विश्व योग दिवस 2026 कब है | International Yoga Day 2026 | अंतराष्ट्रीय योग दिवस 2026 | Yoga Day 2026,Nayi Drishti,20231006,125,276,2023,1.0
4g0kkebBowM,YOGA FOR SELF AND SOCIETY,Snigdha's podium ,20240620,367,274,2024,1.0
24OcYjeKAZo,PM Modi-led Yoga Day event; 135 nationalities take part in yoga lesson breaking world record,DD India,20230621,3415,271,2023,1.0
r7xdgnDNlDM,#Yoga for Self and Society!🧘🏻‍♀️🌍🧘🏻‍♂️,Ministry of Information & Broadcasting,20240617,182,269,2024,1.0
20_bSi-V888,"Yoga for One Earth, One Health | International Yoga Day 2025 @I'm Possible Fitness studio",  Yoga | Weight Loss & Healthy Life | Seema Mehta,20250620,311,264,2025,1.0
Is43iSzaa4I,"International Yoga Day 2025 | Yoga for One Earth, One Health | Evergreen Public School",EVERGREEN PUBLIC SCHOOL,20250623,103,260,2025,1.0
tNjjAkVRo7o,EAM: 'Inspired by Global Yoga Enthusiasm; Delighted by Diplomatic Participation in Yoga Session',Times Now,20240621,132,256,2024,1.0
VwdQtYw-F6E,International Yoga Day - Yoga for self and society🧘🏻‍♀️ ​Prenatal Yoga sessions ⁠@nurturehospital,Nurture Hospital,20240621,228,255,2024,1.0
N9ZnuWKaVGc,WATCH The Latest Visuals Where Modi Would Head The Yoga Day At UN Headquarters,India Today,20230621,490,255,2023,1.0
-pOwf3m8HBE,#Yoga for Self and Society!🧘🏻‍♀️🌍🧘🏻‍♂️,Ministry of Information & Broadcasting,20240615,141,254,2024,1.0
5MVOvOpQYOw,"International Yoga Day: Millions unite for 'One Earth, One Health' Theme | India Today",India Today,20250621,259,253,2025,1.0
fZ269RBWrIg,"Glimpses of IDY 2025 Celebrations 🧘‍♂️ at BYS  Indira Park Center 1,",raja narasimharao,20250622,226,246,2025,1.0
T3LV5yAJpqY,INTERNATIONAL DAY of YOGA 2024-WHAT IS YOGA-HEALTH BENEFITS OF YOGA ON MIND and BODY-AkshataFatnani,Jai Tulja Bhavani,20230620,604,246,2023,1.0
QlpDBRtZX8o,🌿 Yoga Protocol 2025 | International Day of Yoga (IDY 2025) 🌿,YogAbhilasha,20250617,219,246,2025,1.0
CD70KYY5YeQ,E Poster Competition | Internation Day of Yoga 2026 | Full Process | Step by Step  | MY GOV | M.of.A,Hitkar Yuva,20260331,554,245,2026,1.0
mtE7UXC5mKo,International Day of Yoga 2026 Quiz (अंतर्राष्ट्रीय योग दिवस 2026),Prime plus,20260327,152,238,2026,1.0
acDFS8j7MCs,What is the Common Yoga Protocol (CYP)? | International Day of Yoga 2026,Morarji Desai National Institute of Yoga (MDNIY),20260601,155,229,2026,1.0
5oS0wVx9KAw,International Yoga Day 2024 Common Yoga Protocol by Ministry Of Ayush,INDIAN YOGAYURVED ACADEMY BY DR PORNIMA ,20240621,3251,225,2024,1.0
GqQu2ZW-rUA,"International Day of Yoga 2025 | One Earth, One Health | Mauritius",Abhyas School of Yoga,20250621,169,224,2025,1.0
0xBMWCpm-ZY,"Yoga for One Earth, One Health - Aayush Hospitals",Aayush Hospitals,20250621,95,214,2025,1.0
SuZSLw-Pcw0,"Regional Director Saima Wazed on 'Yoga for One Earth, One Health'",World Health Organization South-East Asia Region - WHO SEARO,20250623,109,214,2025,1.0
-NghXPxXi-M,#Yoga for Self and Society!🧘🏻‍♀️🌍🧘🏻‍♂️,Ministry of Information & Broadcasting,20240618,208,208,2024,1.0
WAfOhlCp914,"YOGAUTSAV 2026, Celebrating Diversity in Yoga 6th National Conclave of the IYA, 29th & 30th May 2026",Indian Yoga Association,20260415,31,205,2026,1.0
VLf_UT-d_Ao,Yoga Mahaotsav | 100-Day Countdown To International Yoga Day 2026 Begins In New Delhi | News9,NEWS9 Live,20260312,224,197,2026,1.0
xy1JWUOLZn8,International Day of yoga 2023 -Yoga for Arctic to Antarctic,Indian Diplomacy,20230707,124,194,2023,1.0
tsEUXXI4QHs,Yoga with family | International Day of Yoga 2024,Ministry of Ayush,20240620,29,190,2024,1.0
dGKd7pdpdJ0,celebration of 11th IDY 2025 At cluster HSS Chak Rakwalan/#IDY2025 #InternationalDayofYoga2025/#yoga,Principal HSS Chak Rakwalan,20250621,62,187,2025,1.0
xivKGF3fDpA,Indian PM Narendra Modi leads the 9th International Day of Yoga | Diya TV,Diya TV,20230622,5728,181,2023,1.0
elZ98SR4PNM,#Yoga for Self and Society!🧘🏻‍♀️🌍🧘🏻‍♂️,Ministry of Information & Broadcasting,20240618,148,178,2024,1.0
KzFoO6bxtpU,First Day International yoga festival 2026 Rishikesh,Rishikesh Writings,20260309,615,177,2026,1.0
sVSCtESeD4E,"11th International Yoga Day | One Earth, One Health.",The Yogic Life Way of Life,20250622,238,174,2025,1.0
O3UzA-ItA0k,Essay on Yoga for self and society|Speech on yoga for self and society|International yoga Day Essay,kids fun Magic world,20240620,354,165,2024,1.0
D46TlqnV0hE,International Yoga Day 2026: 25Day Countdown Online Inauguration,The Arogya Yoga Trinetr Insight ,20260530,2809,162,2026,1.0
OZPYoTwVGm4,9th International Day of Yoga 2023 - Yoga for Vasudhaiva Kutumbakam,Indian Diplomacy,20230707,344,161,2023,1.0
aIuo_SLGMVc,Yoga for Self and Society | International YOGA Day | PSP KALA NILAYAM #Internationalyogaday #yoga,PSP KALA NILAYAM,20240621,206,160,2024,1.0
YuN7qDutOQc,International Day of Yoga 2023 - Ocean ring of Yoga,Indian Diplomacy,20230707,97,160,2023,1.0
dqBIj2O3Pdk,Glimpse into the Yoga Mahotsav  100-day countdown to International Day of Yoga (IDY) 2026.,Ministry of Ayush,20260316,71,159,2026,1.0
YnpWEXUA2WI,#Yoga for Self and Society!🧘🏻‍♀️🌍🧘🏻‍♂️,Ministry of Information & Broadcasting,20240612,138,159,2024,1.0
Cw5sivofRbw,Day 1/100 Yoga Days With Satvik Yogi | 2026 IDY,Satvik Yogi,20260315,669,156,2026,1.0
5N24-_8xXQo,International Yoga Day 2025-   Yoga for one earth one health - significance,HOLISTIC YOGA,20250621,842,155,2025,1.0
CiTE8F5tyqE,"11th International Yoga Day | Yoga for one Earth , one Health | organised by AID & INO |",AID Knowledge Center,20250621,446,152,2025,1.0
_Yw5vdlCb84,"Yoga for One Earth, One Health | IDY 2025 Thailand | Governor of Bangkok on Why Yoga Matters",Indo Thai News,20250623,596,151,2025,1.0
PSbOrSZKbfs,International Day of Yoga 2023 - Yoga by G20 Member Countries,Indian Diplomacy,20230707,282,150,2023,1.0
75BLUGP7kmE,"Yoga for One Earth, One Health",AIRS ,20250621,54,145,2025,1.0
s3XjI9qlOCY,Yoga Essays - Self Improvement - Yoga Essays Part 1 (Swami Jyotirmayananda Society),Swami Jyotirmayananda Society,20230919,823,145,2023,1.0
bnKWCuyZQy0,Yoga for Self and Society | IDY 2024 with YENRI,YENRI,20240621,3368,138,2024,1.0
LRHh5TvYyV0,happy international Yoga Day in 2024..... yoga for self and society.......,Vartika Pandey,20240620,183,137,2024,1.0
IWvpnj7A008,Third day International Yoga festival Rishikesh 2026,Rishikesh Writings,20260311,1054,135,2026,1.0
OkVZA6fQ9Qw,#Yoga for Self and Society!🧘🏻‍♀️🌍🧘🏻‍♂️,Ministry of Information & Broadcasting,20240617,144,134,2024,1.0
pBvrz1E2oXg,Day 54 of Satvik Yogi Path | 2026 IDY,Satvik Yogi,20260507,1595,133,2026,1.0
nvMRN2bf0zY,IDY 2025 Day 1 (Protocol Session),Yogahitha Foundation,20250606,3167,133,2025,1.0
J2Y1TJwWKyM,"International Yoga Day 2025 | Yoga for One Earth, One Health",Amrutha Bindu Yoga,20250624,810,133,2025,1.0
vwaWGxG-J9k,2 Days as Guest of the UN : Yoga Day with India's PM Narendra Modi 🇮🇳🧘🏻‍♀️ and My Song for the Event,Surabhi V,20230715,90,132,2023,1.0
l7_7DjjjTw8,"PM Narendra Modi Yoga Poses at UN HQ, New York | 9th International Yoga Day Celebrations | YOYO TV",YOYO TV Channel,20230621,185,129,2023,1.0
CgmAmbaWiec,Yoga for self and society,Sailor Today,20240621,4812,128,2024,1.0
HV93s9jRkdY,IDY 2025 #yoga  #healthylifestyle #artofliving #idy2025 #meditation #healthawareness #dhyan  #health,RAJ KUMAR SHARMA,20250621,192,124,2025,1.0
qQYRdiv6Uzc,YOGA FOR SELF AND SOCIETY❤️@Iampraptimehta#youtube #youtuber #viral #viralvideo #subscribe #love 💯,RhythmDancePrapti Mehta ,20240623,134,124,2024,1.0
bccEoJ0G6qE,IDY 2025 prep event held in Shanghai,DD India,20250528,48,122,2025,1.0
z0xjLB12GYY,"Yoga for ""one earth, one health"" by Dr. Mahesh Arvind",PRAJNA FOUNDATION ,20250621,1420,120,2025,1.0
LcXwLEEJRzo,"International Yoga Day 2024 theme is""Yoga for Self and Society""#yogaforselfandsociety #idy@mdniyyoga",Yoga by Geet,20240621,241,120,2024,1.0
qMOqrQLJch4,"International Yoga Day 2025 🌍 | Yoga for One Earth, One Health | Global Celebration Highlights",Buddha Dharma ,20250623,299,119,2025,1.0
JmBgTeRirG8,"“ Yoga for One Earth, One Health” … Happy International Yoga Day 2025",Chilanka Dance and Music,20250621,105,118,2025,1.0
Y7Ye51p2Fj4,International Yoga Day: Permanent Representative of India to UN Ruchira Kamboj on Yoga Day,IndiaTV News English,20230621,81,118,2023,1.0
AY8cNUWAEpg,International Yoga Day 2023,Rvim Youtube Channel official,20230622,140,116,2023,1.0
SyserxPSx1U,International Day of Yoga 2024: Countdown Begins - 12 Days to Go,Ministry of Ayush,20240609,17,114,2024,1.0
ELZoNtZEWp8,We are delighted to announce the #InternationalDayofYoga2026 celebration at the UN on 18th June 2026,India at United Nations,20260501,51,112,2026,1.0
Ayk9aXo54hk,"Yoga Mahotsav 2026, a curtain raiser to the 100-day countdown to the IDY 2026",Ministry of Ayush,20260321,279,111,2026,1.0
US9UELGrkWE,Day 79/100 of Satvik Yogi Path | 2026 IDY,Satvik Yogi,20260601,1595,110,2026,1.0
T8HPu3QiNr0,YOGA programme to celebrate 100 days countdown to International Day of YOGA 2026,NSOU-ICT,20260529,8810,98,2026,1.0
s7Mw13LujzE,PM MODI Reveals Surprising Details About International Yoga Day |  Yoga Day | International Yoga Day,Qvive ,20240620,60,97,2024,1.0
UtZhEoHiido,International Yoga Day,The Lyrical Lanterns,20250506,198,96,2025,1.0
ShS9Lelo9V8,"Observed International Yoga Day 2024 under the theme: ""Yoga for Self and Society "".",Government Secondary School Hathidhunga ,20240622,112,95,2024,1.0
AB2GZqYMZOU,Celebrating Diversity in Yoga (YOGAUTSAV 2026) 6th National Conclave of the Indian Yoga Association,Indian Yoga Association,20260415,31,94,2026,1.0
52rs7XGbJvc,🌿 Yoga for Self and Society,SPEFL-SC,20240624,4355,93,2024,1.0
O8YH7Hn5k4Y,Sixth day International yoga festival Rishikesh 2026,Rishikesh Writings,20260315,600,92,2026,1.0
6u_xoU2AOdo,"Yoga from the students of students of Hazaribagh, Jharkhand | International Day of Yoga",Ministry of Ayush,20240620,46,92,2024,1.0
_8IpP4tZP4k,"11th International YOGA Day 2025-Yoga for One Earth, One Health: Event Highlights Watch Now.",Advaita Yoga,20250630,217,92,2025,1.0
6u2Az-WuzVA,IDY 2025 Latvia _ Interaction and Polemics of Western Spiritual Culture and Vedic Tradition.,LU SISI,20250628,4333,91,2025,1.0
lmSGD0I_Xao,"Yoga for One Earth, One Health | Dr. Komal Prasad on the Power of Yoga",Narayana Health,20250623,196,89,2025,1.0
nvvUpRFYpZk,"INTERNATIONAL YOGA 🧘 DAY 2025 |Yoga for One Earth, One Health Simple, Yoga flow for Beginners",VEDA'S YOGA,20250621,80,88,2025,1.0
Bf97RqytioI,"INTERNATIONAL YOGA DAY  ""YOGA FOR ONE EARTH , ONE HEALTH """,tushar_create,20250621,203,88,2025,1.0
-8kiR-YOgsY,IDY 2025 protocol(ENG HU),Yogahitha Foundation,20250618,3051,87,2025,1.0
uaT2AVAX42w,Day 77/100 of Satvik Yogi Path | 2026 IDY,Satvik Yogi,20260530,1390,86,2026,1.0
epQ8hqrqMrg,IGMS ONE WEEK INTERNATIONAL  YOGA PROGRAMM 2026,INDHIRA GANDHI SCHOOL,20260228,181,84,2026,1.0
9EeNQztW8_U,"Curtain Raiser for International Day of Yoga 2026 at Embassy of India, Dili, Timor Leste #IDY2026","Embassy of India, Dili",20260521,95,84,2026,1.0
WAD8Wao5gQw,Day 2/100 Yoga Days With Satvik Yogi | 2026 IDY,Satvik Yogi,20260316,939,83,2026,1.0
xlQHn5hSciM,“Yoga for Self and Society | IYD 2025 Powerful Message” Theme: “Yoga for Self and Society”,GS CRAZE ,20250621,147,82,2025,1.0
Uk2MNaV2cW8,IDY 2025 MRTV Media Coverage Myanmar : Ankita Sood,Dr. Ankita Sood Yoga,20250608,179,81,2025,1.0
GlkYMhn_IyY,IDY :INTERNATIONAL DAY OF YOGA (2025) CELEBRATION,EMRS KURUPAM,20250621,37,81,2025,1.0
uZLjeYZS9Ng,"Highlights of IDY 2025 celebrations by Ministry of Minority Affairs at Shanti Stupa, New Delhi",Ministry of Minority Affairs,20250621,59,80,2025,1.0
Y8qXuYLvz10,Yoga day 2024. Theme -- YOGA FOR SELF AND SOCIETY #yogaday2024 #yogadayeveryday,Young minds at play,20240621,25,78,2024,1.0
ekzlBsSR8RU,"Director Ayush J&K, message on 9th International Day of Yoga","DIRECTORATE OF AYUSH, J&K",20230624,202,78,2023,1.0
h_3xhGmBEW0,"# IDY 2025 TGTWURJC Boys, Jinnaram Part 2 Video",Pancha kosha yoga,20250715,118,77,2025,1.0
69w_iBdREDA,"Yoga for One Earth, One Health | Triton’s Perspective on Wellbeing at Work and Beyond","Triton Logistics & Maritime, Abrao Group Company",20250621,27,77,2025,1.0
8c5XwUaJ5ZE,IDY Countdown-2025 | Yoga protocol of ministry of Ayush | Yoga for beginners | my yoga my way| #Yoga,Yoga with Dr.Sasanka Sekhar,20250620,1420,76,2025,1.0
3zACOxsxXsg,I&B Ministry celebrates IDY 2025 | DD India,DD India,20250621,58,75,2025,1.0
lwld6izt6cA,RGU Successfully Organized Common Yoga Protocol Practice to the IDY-2025 #idy2024 #ayush #yoga #fit,e-Physical Education,20250522,5889,75,2025,1.0
WSqRYyKPWeY,"🌍 TSSS World Health Day 2026 :: Fitness, Awareness and Yoga 🧘 ✨",The Stepping Stone School,20260408,60,75,2026,1.0
r_s9fyqBDDg,IDY -2025 - Yoga Sangam 2025 - 6 AM - 21062025 - MS,wswd 2025,20250621,6952,74,2025,1.0
2kKVITRbaD4,IDY 2025 | Yoga Alliance | Yoga TTC,SAURABHYA,20250815,232,73,2025,1.0
uxx6xQuwAuM,"TCEI Celebrates International Yoga Day 2025 with 'One Earth, One Health' Theme at HITEX",NewsQube Channel,20250621,293,72,2025,1.0
aQ3znaD0cCg,Thank You Japan - Celebrating the Success of IDY 2025,"Embassy of India, Tokyo インド大使館、東京",20250625,3325,71,2025,1.0
PcRqCO_wOd4,Formation YOGA by YOGVIDYA Club || NIT Rourkela || IDY 2025,OMW JEE,20250623,627,71,2025,1.0
rvqx3ykMPUw,Celebrating International Yoga Day 2025 | Yoga with Nivedita – Breathe | Align | Elevate,Nivedita Pradhan,20260510,309,70,2026,1.0
rn1Fsc4_x5o,Yoga & Pranayam | World Health Day 2026 | Humming Bird School,HUMMING BIRDS SCHOOL,20260417,76,70,2026,1.0
Xr7UpJjARrQ,"MDNIY Yoga Podcast Ep.1 | IDY 2025: Organise Yoga Sangam – One Earth, One Health",Ministry of Labour and Employment,20250611,216,69,2025,1.0
nQmVhIS8fJI,International Yoga Day 2025 (Imperium senior secondary school ) One Earth One Health 💐💐💐💐,UNTANGLE # BY Mamta Joshi,20250621,162,69,2025,1.0
6M0tonInnPo,11th International YOGA DAY//one Earth one health//,Soma and Kids,20250622,452,68,2025,1.0
Qq0eWeCLcpg,"Celebration of 10th International Yogaday.    Theme of 2024 ""Yoga for self and society""",Prince Academy,20240621,509,66,2024,1.0
-DrjPSadlrw,"International Yoga Day 2024 Video in Hindi || ""Yoga for Self and Society"" || Benefits of Yoga",SheelTalks,20240621,227,65,2024,1.0
HLo1lepnzGc,100 Days of Yoga | Yoga Mahotsav | International Yoga Day Livestream on Ayush TV #yogaday #ayushtv,Ayush TV,20230313,29,63,2023,1.0
PuUFl4VchH8,Bhadrasana | Baddha Konasana | IDY 2025 | Nirogi Duniya,Nirogi Duniya,20250509,181,63,2025,1.0
_Clih3Gxw8w,CGI Jeddah celebrates International Day of Yoga (IDY - 2025),Consulate General of India Jeddah,20250623,158,62,2025,1.0
U9beCVRmpCc,International Day of Yoga 2024 - YOGA FOR SELF AND SOCIETY,Yogadvika,20240621,79,62,2024,1.0
QuGLcWPyvRQ,International Yoga Day 2026 | Yoga for Healthy Ageing | Can Yoga Slow Aging?,Fact Navigate,20260530,600,62,2026,1.0
AaancuXrLT0,"11th International Day of Yoga 2025 | Yoga for One Earth, One Health @cutmodisha7103",Jeevitam Yoga,20250621,4122,58,2025,1.0
wT6dfzpGSNE,International Yoga Day 2024 || Slow & Mindful Living In Tokyo.,sanyogi rooted soul,20240624,1086,58,2024,1.0
hiYhJtcB1eg,"International Yoga Day 2025 at DGI | Yoga for One Earth, One Health | Guided by Mrs.Laxmi Chaturvedi",Dronacharya Group of Institutions,20250621,85,57,2025,1.0
rP98Wu7-YM4,PM Modi’s Yoga Session At UN Headquarters Witnesses High & Mighty,The New Indian,20230621,92,57,2023,1.0
BrqZXHcffDA,10th International Day of Yoga - Yoga for self and Society ( LIVE ),ICCR IN SRI LANKA,20240622,4481,56,2024,1.0
vbj8NYZbiXI,"yoga day celebration | Yoga for One Earth,One Health | 21st June 2025 | Surya Namaskar | Yoga forAll",Wunderbar Sisters,20250621,139,56,2025,1.0
JB-0zDl0UpQ,"International Yoga Day 2025 Status| Yoga for One Earth, One Health | Happy Yoga Day 2025 status|",PRJ Education,20250620,19,55,2025,1.0
cFooVAkqFiU,IDY 2025 - a message from 8 year old yoga student - Arjun,Vasudeva Kriya Yoga With Rajendra,20250617,115,55,2025,1.0
ZKbE0otIDaE,IDY 2025- BREATHING & MEDITATION SESSION,Ashima Gupta (VedaQHealthfulness),20250623,1481,55,2025,1.0
np32NBA0XiU,"Happy 10th International Yoda Day | Theme 2024 ""Yoga for Self and Society"" | DYTTITUDE",DYTTITUDE | Diet Yoga Attitude Dyttitude,20240621,40,55,2024,1.0
KZa6YfdR4Vc,YOGA BANDHAN 2025 | IDY 2025 | Secrets of Yoga Therapy | ISCM | Live Holistic Wellness | IYA,Live Holistic,20250706,5638,55,2025,1.0
PMv5_AtWlzM,Yoga for self and society….international yoga day … join yogamahostav @ Nirvana Yoga Fitness Studio,Nirvana Yoga Fitness Studio,20240620,136,54,2024,1.0
WG4UmATp1Vs,Webinar on   Yoga for Self and Society   20th June 2024,IGNOU BANGALORE,20240620,2116,52,2024,1.0
uVvfdG6YyZE,l Yoga For Self and Society l International Day of Yoga 2024 l YOGA FOR ALL | ShivatmaYog,Shivatma Yog,20240620,192,52,2024,1.0
DvdTN0hSEN8,10th INTERNATIONAL DAY OF YOGA,SOA NSS,20240623,86,52,2024,1.0
4HN--v2kpz0,"LIVE: PM Modi takes part in 11th International Day of Yoga celebrations in Visakhapatnam, AP",MAKE IN INDIA TV,20250621,5383,51,2025,1.0
niR_ZJu_Gc0,International Yoga Day 21 June 2025 | Yoga For One Earth One Health | IYD25 #Samneghat #pmmodi #yt,DK Yoga Tech,20250624,561,51,2025,1.0
gSBWffqHkss,Sanatana Yoga Vignana Kendra @IDY-2025- Ms.Roshini,Sanatana Yoga vignana kendra,20250624,23,50,2025,1.0
lAzBdzQKjVw,"Yoga Day 2025 | Yoga for One Earth, One Health 🌍 | Morning Yoga Routine for a Healthy Life",Yog Yogi Yoga,20250620,90,50,2025,1.0
qrlR8JYSMu8,Provet Pharma | International Day of Yoga | Yoga for Self and Society | Sustainable farming practice,Provet Pharma Private Limited,20240621,41,49,2024,1.0
JwKIX0R01pk,Pre- International yoga day | ‘yoga for self and society’| boat pose |,Anjleen K,20240620,24,49,2024,1.0
30QDbjhzBaI,👉Yoga training session before IDY-2025👈,Yoga Instructor Karan,20250526,18,49,2025,1.0
u-ExPW6VGTE,"Yoga for One Earth, One Health | International Day of Yoga 2025 at MEHT, Glasgow | SAN TV Exclusive",SANTV UK,20251106,1688,49,2025,1.0
lnnW0UvLkjw,IDY 2025 Common Yoga Protocol,Kankidham Arogya Kendra,20250701,53,48,2025,1.0
mopEtlHBDw8,"Dr Anandaji at ""Yoga Connect 2025"" International Conference organized by CCRYN, Ministry of Ayush",ISCM of Sri Balaji Vidyapeeth,20250619,732,47,2025,1.0
_Os9D-PwLC4,"Global Leaders, Royals, and Citizens Unite for International Yoga Day 2025",India Today Global,20250621,161,47,2025,1.0
fhX153rnFa8,योग महोत्सव IDY 2026 ! कार्यक्रम की कुछ झलकियां ! IGU रेवाड़ी में योग की भव्य गूँज! 🧘‍♂️✨,Dr. Dharamveer Yogacharya ,20260324,32,47,2026,1.0
ahO5rVyXtBw,"International Yoga Day -'Yoga for One Earth, One Health' #yogaday #yogaday2025 #yoga #health #world",Vishwashanti Darshan,20250621,51,46,2025,1.0
jf2XPQlp4-M,26 March 2026 87th days goes to International Yoga day ✨️ 🙏,SHIV YOGA,20260326,300,46,2026,1.0
BuMqyp2e69U,Curtain raiser Yoga 2025 | Guyana | IDY 2025 | Yoga | Guyana heritage #yoga #video #ytshorts,Vamadeva Yoga,20250530,82,46,2025,1.0
uoSnDX-C43w,GLIMPSE OF INTERNATIONAL YOGA  DAY. THEME: YOGA FOR SELF AND SOCIETY.  🧘‍♀️🧘,VIBGYORS EM SCHOOL MUMMIDIVARAM ,20240621,60,45,2024,1.0
zdIgtTxEzv8,Yoga for addressing Mental Health challenges - IDY 2025 Message by Dr. Jitendra,Vasudeva Kriya Yoga With Rajendra,20250616,489,45,2025,1.0
hhBk9OFBFWk,"Celebration of International Yoga Day 2025 ! ""Yoga For One Earth, One Health""",Swami Yogmata,20250701,373,45,2025,1.0
MS4cYZRrCd0,😍Happy International Yoga Day 🧘🏻‍♀️|  Yoga for self and society 💯 🕉️| Yoga Challenge,Pooja Arya,20240621,117,44,2024,1.0
uWsNWorJLcM,Importance of International Yoga Day | Y-Break Initiative of Ayush Minstry,UPSC AKHADA,20230622,1374,44,2023,1.0
iNE_0MHCPBg,IDY -2025 - Yoga Sangam 2025 - 6 AM - 22062025 - ES,wswd 2025,20250623,8321,44,2025,1.0
eio-fZMds7E,Yoga for one Earth one health,MS Fitness ,20250621,152,43,2025,1.0
Uyr5O1Twadg,IDY 2025 | Madagascar,Dr. Yogendra Singh ,20250628,127,43,2025,1.0
BrTzLPa_GkA,Yoga for Self and Society  #Internationalyogaday2024 #yoga #yogaday2024,Crazy Videographer,20240619,478,43,2024,1.0
2m6v_njz3bo,10th International Day of Yoga | IDY 2025 | Guyana | India | Yoga for all #video  #yoga #viralvideo,Vamadeva Yoga,20250501,53,42,2025,1.0
JchDbzvsXAk,BCCL Promotes Common Yoga Protocol for Women By Ministry of AYUSH - International Day of Yoga 2025,BCCL - Bharat Coking Coal Limited,20250610,113,42,2025,1.0
P5on4xVU2eQ,IDY 2025 - a Message from 10 year old Adya -  Mindful Mastery through VK Yoga,Vasudeva Kriya Yoga With Rajendra,20250617,77,41,2025,1.0
REcI14WYLfg,IDY 2025 - YOGA SANGAM 2025 - 6 PM - 21062025 - ES,wswd 2025,20250622,8427,40,2025,1.0
FOpyG1xM0SE,Yoga For One Earth One Health,ManavRachna Yoga Kendra,20250623,32,40,2025,1.0
owcFlE2oe5o,International yoga Day Activities..🧘 Session:-(2025-2026),GRAND VIEW ACADEMY (New),20250705,181,40,2025,1.0
KOBl2gMTsUI,LIVE : PM Modi takes part in International Day of Yoga celebrations at UN HQ in New York City |,ASTHRA TV PLUS,20230622,5409,40,2023,1.0
v3j7ODYGd0s,Ardha Chakrasana Yoga | अर्ध चक्रासन | IDY 2025 | Nirogi Duniya,Nirogi Duniya,20250507,96,39,2025,1.0
6UOIkxAUvyE,"Flowing Together: FCI CCM’s Yoga Day Commemoration of One Earth, One Health",FCI CCM,20250624,65,39,2025,1.0
Ltpr7aSX6Cs,International Day of Yoga 2026,Minz boy21 ,20260328,1247,38,2026,1.0
5CcU1NqVTtc,YOGA DAY 2026,Sunshine Prep. / High School,20260511,11,38,2026,1.0
2ZYvUAqRYcA,IDY 2025 108 SURYANAMASKARS WITH SHOULDER OPENER,Ashima Gupta (VedaQHealthfulness),20250623,2403,37,2025,1.0
tAYDAz0xctI,"Yoga for Beginners ~Yoga for One Earth , One Health ~",AIR NEWS KOHIMA,20250620,981,37,2025,1.0
lviLklNIk2Q,🌿 International Day of Yoga 2025 Celebration | The Yoga Traveler | IDY 2025 Highlights,The Yoga Traveler,20250626,228,37,2025,1.0
rjiuiSiihlE,#yoga#for#one#earth#one#health#lb#stadium#,Middelaganeshyogaofficial,20250620,56,36,2025,1.0
XgPRT2axJUM,IDY -2025 - Yoga Sangam 2025 - 6 AM - 22062025 - MS,wswd 2025,20250622,5062,36,2025,1.0
xteGOc87tV8,"TCEI Celebrates International Yoga Day 2025 | 'One Earth, One Health' | Hitex",Hybiz Now,20250621,194,35,2025,1.0
Q1LCTtFX_Fs,Madhav University Hosts Grand 100-Day Countdown to International Yoga Day 2026 | Yoga Mahotsav 2026,Madhav University,20260601,91,33,2026,1.0
ISu5u2-Q_Es,Essay/Speech on International Yoga Day 2024 Theme:Yoga for Self and Society Essay/Speech Yoga Day,Privi Creation,20240621,191,32,2024,1.0
ozzlSxcDp6o,International Yoga Day with School Children - Yoga for Self and Society,Divya Sai Institute of Yoga & Therapy,20240622,535,32,2024,1.0
eVqSWsY_HpQ,10th International Yoga day celebration / Yoga for self and society #yogafirselfandsociety #yogaday,OM yoga,20240621,2465,32,2024,1.0
RXs8cHWBRq0,Celebrate IDY 2025: Yoga for Earth and Health in Just 2 minutes,RNA,20250620,115,32,2025,1.0
3PKwdy_7Ttg,"The ""Yoga for All"" campaign, dedicated to the upcoming International Yoga Day in 2026",IYO® International Yoga Organisation,20260508,36,32,2026,1.0
btBM0lRRwlQ,96th Countdown Programme of International Day of Yoga (IDY) 2026.,iynsindia,20260318,62,31,2026,1.0
DMcqcYaidyw,IDY - 2025 Celebrations @SREC by Yoga and Meditation Club on 21/06/2025,Yoga SREC,20250623,27,31,2025,1.0
W8eP9ZZqofU,Yoga Day 2024 | Yoga for Self and Society,Ayursiha Hospital,20240622,60,30,2024,1.0
9JF7XB--NfY,11th International Day of Yoga Celebration,Consulate General of India Frankfurt,20250626,117,30,2025,1.0
KyMWQmiKzyk,IDY 2025 Yoga Practical Session,DrNavasakthi,20250623,1682,29,2025,1.0
osGhDKjhHWU,"International Yoga Day(Yoga for Self and Society) - CGISF, Fremont, CA, USA",OurTrip Videos,20240629,47,29,2024,1.0
-4zfwCjtwQo,IDY 2025, NIA Panchkula,20250602,10,29,2025,1.0
xOQ1qzDTq0o,"Yoga for One Earth, One Health!#gkckrishnanagar",Global Knowledge Campus,20250623,61,29,2025,1.0
6u8UCktloYQ,#Yoga Day 2024 #Paradeep Yoga for Self and Society,Biswajeet samal,20240621,350,28,2024,1.0
vL9Ps7YIssE,International Day of Yoga 2026 | Yoga Song | Revanasiddayya Hiremath 🧘‍♂️🎶,Gaana Sudha Vahini,20260415,25,28,2026,1.0
srbLBHWzPIA,"'Yoga for One Earth,One Health' : 11th International Yoga Day,2025",Probasinir' Swapnodeep#Sriharikota..🙏💓,20250621,107,28,2025,1.0
FMKB_BVupYA,It's all about IDY 2025 ✨🪷,Nazar Gupta💓,20250622,90,28,2025,1.0
nKn8YaL_n2U,International yoga day 2024.(Yoga for self and Society 🕉✨,HWC Nandugaon,20240621,110,28,2024,1.0
rOp0boxgcHs,Balance • Strength • Peace | IDY 2025 | Formation Yoga  | Unity in Motion 🧘 | NIT Rourkela,Gleam,20250623,628,27,2025,1.0
i-liV2oL3UM,Yoga day 2024,Prina Simariya,20250327,33,27,2025,1.0
JXXZD1BQqBY,"IDY 2025 Observance by the Regional Research Institute of Unani Medicine, Habak, Srinagar, J&K",Research Institute of Unani Medicine srinagar,20250627,219,27,2025,1.0
cfSJh6lQGUM,"Yoga for One Earth, One Health",BHUMISUTO THEATRE,20250621,134,27,2025,1.0
ZPvjYdERaEI,Yoga activity idy 2025#internationalyogaday2025,Nikunjyog,20250621,261,26,2025,1.0
2n0QnHGn6K4,"Yoga for one Earth, one health. 🧘21st June DAY.",REPRESENT भारत ,20250621,527,26,2025,1.0
sm6QLZDPFyk,2024 theme- Yoga for Self and Society.,DAVians Unite,20240621,45,25,2024,1.0
Iwp5CgFCuco,Yoga Performance | Ayush Peru,India in Peru,20260515,322,24,2026,1.0
UZ8Er3yfWQQ,"Yoga for One Earth, One Health",Peace Drops for EcoRestoration,20250622,219,24,2025,1.0
TBxnBuUNiBE,International Day of Yoga: Yoga for Self and Society | NESWSD 2024,Navjeevan neswsd,20240621,172,24,2024,1.0
7v0PIHCXlUU,"International Yoga Day 2025 | Yoga for One Earth, One Health 🌍",AJ FITZONE,20250621,240,23,2025,1.0
-_Zn3F279mM,Yoga -  For Self and Society,B Positive,20240730,65,23,2024,1.0
3siCZ0OOmKw,Yoga for Self and Society #yogaeveryday #habuild #yogaday,Swastha,20240622,12,23,2024,1.0
hSPBcQJ4Tx8,"Yoga for One Earth, One Health | Sudip Some’s Wellness Journey at The Tamara Coorg",Tamara Leisure Experiences,20250621,110,23,2025,1.0
sR2S1gh9s30,"Yoga for One Earth, One Health","Dept. of Animal Husbandry & Dairying, MoFAHD, GoI",20250620,57,22,2025,1.0
S0bIJVsW6kg,Skysat Newsreport IDY 2025,ISCM of Sri Balaji Vidyapeeth,20250624,93,22,2025,1.0
IezG36fLMoU,IDY 2025,GBSSS NATHUPURA SCHOOL 1207110,20250621,29,21,2025,1.0
I_q5U4GJda0,International Yoga Day (Redmond) - 2025,Madhu Rajanna,20260519,105,21,2026,1.0
Ak0uTdv5kEo,Aqua Yoga By Kaya on IDY 2025 🏄,"Kaya International Yoga Studio, Narsinghpur(MP)",20250622,44,20,2025,1.0
msZiKp5fCyw,Virtual Yoga Session in the run-up to the IDY 2026,CGI Hong Kong,20260602,2708,20,2026,1.0
dW9UwLVjvak,International Day of Yoga - Den Bosch - Second Edition - An Invite by Neha & Geert,Neyha Jain,20260513,34,20,2026,1.0
JufwIJc5aSY,IYCHK IDY 2025 Story of Yajnavalkya,Iyengar Yoga Centre of Hong Kong,20250713,1201,20,2025,1.0
_uNzZEEOHsQ,Harit Yoga (Plantation Event) 11th IDY 2025,Kankidham Arogya Kendra,20250701,25,19,2025,1.0
BfmTN-RJ9so,"Yoga for One Earth, One Health!",Mitra CanCare Foundation,20260525,372,18,2026,1.0
y7ANpURzWsQ,Happy International Yoga Day   # “One Earth One Health “,Nanda Donkanavar,20250624,211,17,2025,1.0
Wl1FCBaqLWk,Happy International Yoga Day One Earth One Health #happiness #mindfulness,The Light,20250620,34,17,2025,1.0
d-wau41ipnA,21st June 2024  II Yoga for Self and Society II 10th International Day of Yoga II DRIEMS University,Sushanta Sethy,20240622,152,17,2024,1.0
t6B6jkuUHEo,Curtain Raiser Press Conference on International Day of Yoga (IDY) 2025,Ministry of Information & Broadcasting,20250612,2016,17,2025,1.0
Fnm7zP9oKZc,"TCEI Celebrates International Yoga Day 2025 with 'One Earth, One Health' Theme at HITEX",Silver Screen,20250621,293,16,2025,1.0
95kRvXxYhu0,#Yoga for Self and Society!🧘🏻‍♀️🌍🧘🏻‍♂️➡️#Ustrasana - The Camel Posture!🔷,"Information & PR, J&K",20240614,177,16,2024,1.0
GPhQyNUyx9c,－切也願意 Idy 2025-9-11,Idy Cheung,20250911,225,16,2025,1.0
m7QwLD4I5iI,INTERNATIONAL YOGA DAY- 2024                        Theme:- YOGA FOR SELF AND SOCIETY.,Rakesh Burh,20240621,69,16,2024,1.0
vU8m8teYroQ,Happy International Yoga Day One Earth One Health #happiness #mindfulness,The Light,20250618,115,16,2025,1.0
r9znsaHXTM0,UN International Day of Yoga,Ireland India Council - IIC,20260508,48,16,2026,1.0
FRDkNG00khU,"Highlights of the International Day of Yoga (IDY) 2025 Celebrations in Bogota, Colombia.",Embajada de la India en Colombia ,20250903,151,16,2025,1.0
RXRgRsoNRmk,PM Modi leads unique Yoga Day event at UN headquarters in New York,South Asia Newsline,20230621,58,16,2023,1.0
i-Nuc_L4mio,Workplace Wellness with Yoga | Yoga Day (IDY 2025) Special for Professionals,"HealThyRam - Wellness of the Body, Mind and Soul",20250621,2879,16,2025,1.0
OumubmGN4zo,"International Yoga Day 2025 | Yoga for One Earth, One Health | 21st June Celebration",DM Khowai,20250624,107,15,2025,1.0
yNQaVDeRj0c,International Yoga Day # Yoga for self and society # 10th International Yoga day,Yoga Se Hi Hoga I Giirish Anand,20240621,239,15,2024,1.0
jbwx4QGkqVo,INTERNATIONAL YOGA DAY-2025-2026,Oxford School,20250621,186,14,2025,1.0
tqbPqSzob_I,PM Modi to lead Yoga Day at UN in New York  on June 21|PMmodi,tvbharat24,20230614,264,14,2023,1.0
VuWWSufO4as,"Celebrating the Spirit of Yoga on International Day of Yoga, IDY 2025 🙏",BSDT Yoga,20250621,224,13,2025,1.0
VXxv1V4_7qg,"Happy International Yoga Day 25 'Yoga for One Earth, One Health'Let's celebrate ancient India's gift",Capers Corporate Wellness,20250623,42,13,2025,1.0
jKJWQkQWlTI,5 best healthy habits #challenge #2025 | international yoga day 2025 (one earth one health),habit of yoga ,20250617,114,13,2025,1.0
tFXn_fCk0Hw,International Day of Yoga 2026 | Yog Geet / Jingle Contest Entry,Shubh Pandey,20260407,30,13,2026,1.0
wMBxhXhRgoQ,Happy International Yoga Day One Earth One Health,The Light,20250619,212,13,2025,1.0
9NaG7q7-QYM,International Yoga Day 2024 Theme : Yoga for Self and Society,Vibrancy,20240625,28,12,2024,1.0
IurZMHfUmsM,Yoga at the beach | 75-day countdown to #IDY2026,India in Peru,20260417,114,12,2026,1.0
-qBsODoJEPU,The 11th International Day of Yoga (IDY) - 2025 celebration in Jammu.,EARLY POST DAILY NEWSPAPER,20250621,518,12,2025,1.0
Cce_0M4E7Nw,"PRE IDY2025 - Yoga for One Earth, One Health & the Spirit of Sardar150",WorldMiTR,20250620,244,12,2025,1.0
qyUybl8AFCA,HAPPY INTERNATIONAL YOGA DAY - Yoga for Self and Society🧘‍♀️🧘‍♂️  @homemadebazaar,Homemade Bazaar,20240621,92,12,2024,1.0
i0SD-sKy5VM,"Happy international yoga day 2024 theme// ""Yoga for Self and Society.#yoga #weightloss",Dipsikha Vlogs(Moon) ,20240621,231,11,2024,1.0
mX5OESuWuH8,#yogaday2024 #idy2024 #yogaday Mod2024#yoga for self and society,9 A Girls Bn NCC Kurnool,20240619,32,11,2024,1.0
7D2yQHi2Z-U,#yoga #yog #yogmahotsav2026 100 days to International Day of Yoga 21st June 2026,allied24x7news,20260313,316,10,2026,1.0
Fwnbqyr6nvM,Yoga Sangam IDY 2025 Test,Priyanka's Yoga Studio,20250620,195,10,2025,1.0
FG6m2iBW7qQ,"""Yoga for one Earth, One Health ""International Yoga day 2025 at NAMCE 🥰🤍💚",Lipika sarkar,20250622,236,9,2025,1.0
aM0kgKIz9UM,What Happens When an Entire Workplace Pauses Together? | International Yoga Day 2026,Zariyaa Festivals,20260520,232,9,2026,1.0
WwaHfZiLoXk,international yoga day...yoga for self and society,Explore the divinity,20240626,193,8,2024,1.0
zSLdcsEe94g,Yoga for self and society#internationalyogaday#21st June#longestdayoftheyear,"YOGA,DANCE AND TRAVEL FREAK GIRLS(GhummakadLadies)",20240622,64,8,2024,1.0
NOK9-J_s3_8,IDY 2025,Davin's Fun Time,20250615,191,8,2025,1.0
fsWitGfWyHI,Free Chair Yoga Class in Callao region | IDY 2026,India in Peru,20260428,102,8,2026,1.0
9nob14yzO-g,Celebrated Women’s Day 2026 with an inspiring international seminar on Yoga for Women’s Empowerment.,Manushi Yoga,20260311,1390,8,2026,1.0
hEvQgTEe5eY,"International Yoga Day 2025 Celebration | Yoga for One Earth, One Health",Vadodara Airport ,20250621,154,7,2025,1.0
0wJKeCwiNTM,"10th International Yoga Day , yoga for self and society 🙏",Rebootwithnidhi ,20240622,167,7,2024,1.0
FJM8kEO2mPY,Yoga Break @ Workspace | Part 2 | By Ministry of Ayush | #indiaeswatini,"High Commission of India Mbabane, Eswatini",20230329,116,7,2023,1.0
UxnQCbsBc2c,International Day of Yoga ( IDY -2025) celebrated in Eastern Railway with great zeal and enthusiasm.,Eastern Railway,20250621,37,7,2025,1.0
KS1lN6AJwCI,International yoga day I Yoga for self and Society 2024 theme #internationalyogaday #latestupdate,Srishti GK,20240621,235,7,2024,1.0
GpWHLMVk0xU,Practice Of 11th international Day Of Yoga 2025🧘🕉️ #idy 2025#21june2025#yogi #yogapractice #yoglife,Pooja Gautam ,20250620,129,7,2025,1.0
aBw1tuS36HY,"Yoga for One Earth, One Health | CircusInc",circusincevents,20250702,69,7,2025,1.0
WDhvcUSkggo,"Yoga for One Earth, One Health  #internationaldayofyoga2024   #YogaForOneEarthOneHealth #Yoga2025",Master Mind Ai,20250621,64,6,2025,1.0
HH6Dy5uoTCg,"YOGA for SELF And society.. purified Thoughts, Strongly Bound Society",VIRENDRA DR,20240621,75,6,2024,1.0
kMvjE4XbbSU,"Yoga for One Earth, One Health | What Yoga Really Means in 2025",YogaPartner,20250622,236,6,2025,1.0
APYeSdP7oOU,"International Day of Yoga| YOGA FOR ONE EARTH, ONE HEALTH|","HOWRAH DIVISION, EASTERN RAILWAY",20250619,36,5,2025,1.0
w-ujgTZTT5Q,International Day of Yoga 🧘‍♀️ Ministry of Ayush..,Bhagyalaxmi,20260424,353,4,2026,1.0
Sehy0gAyv2k,“Yoga for self and society“Happy 10th international yoga day 2024.#yogaday2024 #internationalyogaday,Nakhipot yoga sadhana kendra lalitpur 14,20240621,24,4,2024,1.0
vga8bkCMCEw,"Hema Malini Inspires: Embrace Yoga for One Earth, One Health on June 21, 2025!",Pop Culture Insights,20250614,151,4,2025,1.0
PmCVcjloRj8,Yoga for self and society,Mediqueen Doctor Pageant 2024,20240621,60,3,2024,1.0
cQd85Evi0ak,Embassy organized International Day of Yoga celebration in Haapsalu on 30.05.2026,India in Estonia,20260601,61,3,2026,1.0
ei6Ih8NTqb8,Yoga for Self and society #internationalyoga #trending #yoga#reiki #yogadayeveryday #trendingshorts,"Suman Malik – Poetry & Power , content writer",20240619,89,3,2024,1.0
GzkKnhOvqiM,"Flagging off International Day of Yoga (IDY), 2025",CGI Shanghai,20250722,54,2,2025,1.0
Fo9RonC90iQ,🌿 *YOGA WELLNESS FESTIVAL 2026* 🌿✨ *This International Yoga Day.🔥,Homey official ,20260531,5,2,2026,1.0
Dq5nE-NDJxU,IDY 2025 HMT,GOVT. AYU. DISP. GH HIMATNAGAR,20250621,321,1,2025,1.0
U8Xap8TH2kM,"Yoga for One Earth, One Health",NWRailways,20250619,15,1,2025,1.0
H8839nIXsog,Live: Yoga Day 2023 with PM Modi  | United Nations from New York,P1NEWS,20230621,839,1,2023,1.0
UqFEcKCGCRI,Curtain Raiser  Event of IDY-2025 at New Development Bank,CGI Shanghai,20250723,45,1,2025,1.0
ARaE7X4CLoU,PM Modi on 'Yoga for Self and Society' at Int'l Yoga Day in Srinagar | Amaravati Today,AT World News,20240621,64,0,2024,1.0
gZi7H-scLCA,"International Yoga Day 2025 – “Yoga for One Earth, One Health”",Malika,20250621,30,0,2025,1.0
atUqSETYmmo,"Yoga for One Earth One Health - Celebration of International Day of Yoga - 21st June, 2025",CGI Shanghai,20250723,61,0,2025,1.0
